clinic_location,appointment_date,hour_of_day,scheduled_appointments,attended_appointments,completed_appointments,avg_wait_time_minutes,walked_out_appointments,providers_scheduled,appointments_per_provider
Central City,2026-01-01,7,1,1,1,11.0,0,0,
Central City,2026-01-01,8,3,3,3,0.0,0,2,1.5
Central City,2026-01-01,9,6,6,6,0.0,0,3,2.0
Central City,2026-01-01,10,11,11,10,4.9,1,3,3.67
Central City,2026-01-01,11,10,7,6,20.5,1,3,2.33
Central City,2026-01-01,12,1,0,0,,0,3,0.0
Central City,2026-01-01,13,2,2,2,0.0,0,3,0.67
Central City,2026-01-01,14,2,1,1,0.0,0,3,0.33
Central City,2026-01-01,15,2,2,2,0.0,0,3,0.67
Central City,2026-01-01,16,10,9,8,4.88,1,3,3.0
Central City,2026-01-02,8,2,2,1,0.0,1,2,1.0
Central City,2026-01-02,9,3,3,2,0.0,1,3,1.0
Central City,2026-01-02,10,8,7,6,4.5,1,3,2.33
Central City,2026-01-02,11,7,6,6,9.67,0,3,2.0
Central City,2026-01-02,12,5,5,5,0.2,0,3,1.67
Central City,2026-01-02,13,4,3,3,0.0,0,3,1.0
Central City,2026-01-02,14,6,6,6,8.67,0,3,2.0
Central City,2026-01-02,15,10,9,8,7.38,1,3,3.0
Central City,2026-01-02,16,7,5,4,0.0,1,3,1.67
Central City,2026-01-03,7,1,1,1,7.0,0,0,
Central City,2026-01-03,8,9,7,7,10.57,0,2,3.5
Central City,2026-01-03,9,15,14,14,16.14,0,3,4.67
Central City,2026-01-03,10,16,16,14,54.93,2,3,5.33
Central City,2026-01-03,11,5,5,3,65.0,2,3,1.67
Central City,2026-01-03,12,5,5,5,20.2,0,3,1.67
Central City,2026-01-05,8,3,3,3,0.0,0,2,1.5
Central City,2026-01-05,9,3,3,3,0.0,0,3,1.0
Central City,2026-01-05,10,7,7,7,0.0,0,3,2.33
Central City,2026-01-05,11,9,9,9,15.22,0,3,3.0
Central City,2026-01-05,12,1,1,1,0.0,0,3,0.33
Central City,2026-01-05,13,6,5,3,0.0,2,3,1.67
Central City,2026-01-05,14,10,7,7,1.71,0,3,2.33
Central City,2026-01-05,15,16,15,14,20.86,1,3,5.0
Central City,2026-01-05,16,8,7,6,42.33,1,3,2.33
Central City,2026-01-06,7,1,1,1,12.0,0,0,
Central City,2026-01-06,8,5,5,4,0.0,1,2,2.5
Central City,2026-01-06,9,4,4,4,3.25,0,3,1.33
Central City,2026-01-06,10,8,8,8,10.5,0,3,2.67
Central City,2026-01-06,11,8,8,8,13.0,0,3,2.67
Central City,2026-01-06,12,3,3,3,0.0,0,3,1.0
Central City,2026-01-06,14,2,2,2,0.0,0,3,0.67
Central City,2026-01-06,15,11,11,11,11.45,0,3,3.67
Central City,2026-01-06,16,14,14,13,41.69,1,3,4.67
Central City,2026-01-07,8,3,3,3,1.67,0,2,1.5
Central City,2026-01-07,9,4,3,3,0.0,0,3,1.0
Central City,2026-01-07,10,13,11,10,28.5,1,3,3.67
Central City,2026-01-07,11,7,7,5,27.8,2,3,2.33
Central City,2026-01-07,12,3,3,3,12.0,0,3,1.0
Central City,2026-01-07,13,8,8,8,4.62,0,3,2.67
Central City,2026-01-07,14,6,6,5,2.8,1,3,2.0
Central City,2026-01-07,15,13,11,10,16.0,1,3,3.67
Central City,2026-01-07,16,10,9,9,30.89,0,3,3.0
Central City,2026-01-07,17,1,1,1,35.0,0,0,
Central City,2026-01-08,8,3,3,3,0.0,0,2,1.5
Central City,2026-01-08,9,8,8,8,5.12,0,3,2.67
Central City,2026-01-08,10,9,9,9,8.22,0,3,3.0
Central City,2026-01-08,11,12,11,10,5.6,1,3,3.67
Central City,2026-01-08,12,1,1,1,0.0,0,3,0.33
Central City,2026-01-08,13,8,5,5,0.6,0,3,1.67
Central City,2026-01-08,14,5,4,4,0.0,0,3,1.33
Central City,2026-01-08,15,6,6,6,1.33,0,3,2.0
Central City,2026-01-08,16,11,11,11,24.45,0,3,3.67
Central City,2026-01-09,8,6,6,6,2.0,0,2,3.0
Central City,2026-01-09,9,7,7,7,10.71,0,3,2.33
Central City,2026-01-09,10,7,6,6,2.83,0,3,2.0
Central City,2026-01-09,11,4,4,4,0.0,0,3,1.33
Central City,2026-01-09,12,3,3,3,0.0,0,3,1.0
Central City,2026-01-09,13,4,2,2,0.0,0,3,0.67
Central City,2026-01-09,14,5,4,4,0.0,0,3,1.33
Central City,2026-01-09,15,15,15,15,16.87,0,3,5.0
Central City,2026-01-09,16,8,8,5,53.0,3,3,2.67
Central City,2026-01-09,17,1,1,1,35.0,0,0,
Central City,2026-01-10,8,5,4,4,2.5,0,2,2.0
Central City,2026-01-10,9,9,8,8,2.75,0,3,2.67
Central City,2026-01-10,10,15,12,10,15.4,2,3,4.0
Central City,2026-01-10,11,9,9,7,1.86,2,3,3.0
Central City,2026-01-10,12,5,5,3,8.33,2,3,1.67
Central City,2026-01-12,8,6,6,4,0.25,2,2,3.0
Central City,2026-01-12,9,5,4,4,0.0,0,3,1.33
Central City,2026-01-12,10,13,11,10,17.5,1,3,3.67
Central City,2026-01-12,11,7,6,5,9.6,1,3,2.0
Central City,2026-01-12,12,6,6,6,27.5,0,3,2.0
Central City,2026-01-12,13,5,5,4,7.75,1,3,1.67
Central City,2026-01-12,14,5,5,5,3.6,0,3,1.67
Central City,2026-01-12,15,15,13,12,36.08,1,3,4.33
Central City,2026-01-12,16,11,10,8,57.0,2,3,3.33
Central City,2026-01-12,17,2,2,2,51.5,0,0,
Central City,2026-01-13,9,5,5,5,0.0,0,3,1.67
Central City,2026-01-13,10,10,10,9,13.89,1,3,3.33
Central City,2026-01-13,11,7,5,5,5.8,0,3,1.67
Central City,2026-01-13,12,2,2,2,0.0,0,3,0.67
Central City,2026-01-13,13,4,4,4,0.0,0,3,1.33
Central City,2026-01-13,14,1,1,1,0.0,0,3,0.33
Central City,2026-01-13,15,4,3,3,0.0,0,3,1.0
Central City,2026-01-13,16,3,3,3,0.0,0,3,1.0
Central City,2026-01-14,8,3,3,3,0.0,0,2,1.5
Central City,2026-01-14,9,6,6,6,1.17,0,3,2.0
Central City,2026-01-14,10,5,4,3,0.0,1,3,1.33
Central City,2026-01-14,11,8,7,7,8.43,0,3,2.33
Central City,2026-01-14,12,4,4,3,0.0,1,3,1.33
Central City,2026-01-14,13,3,3,3,0.0,0,3,1.0
Central City,2026-01-14,14,7,7,7,2.14,0,3,2.33
Central City,2026-01-14,15,9,9,9,6.0,0,3,3.0
Central City,2026-01-14,16,8,7,7,6.86,0,3,2.33
Central City,2026-01-15,8,2,2,2,0.0,0,2,1.0
Central City,2026-01-15,9,5,5,5,0.0,0,3,1.67
Central City,2026-01-15,10,8,7,7,8.43,0,3,2.33
Central City,2026-01-15,11,6,6,6,13.67,0,3,2.0
Central City,2026-01-15,13,2,2,2,0.0,0,3,0.67
Central City,2026-01-15,14,5,5,5,0.0,0,3,1.67
Central City,2026-01-15,15,3,2,2,0.0,0,3,0.67
Central City,2026-01-15,16,6,6,6,1.33,0,3,2.0
Central City,2026-01-16,8,2,2,2,0.0,0,2,1.0
Central City,2026-01-16,9,4,4,4,0.0,0,3,1.33
Central City,2026-01-16,10,6,6,6,0.0,0,3,2.0
Central City,2026-01-16,11,1,1,1,0.0,0,3,0.33
Central City,2026-01-16,12,4,3,3,0.0,0,3,1.0
Central City,2026-01-16,13,3,1,1,0.0,0,3,0.33
Central City,2026-01-16,14,5,4,4,0.0,0,3,1.33
Central City,2026-01-16,15,12,11,10,11.2,1,3,3.67
Central City,2026-01-16,16,18,13,12,26.08,1,3,4.33
Central City,2026-01-16,17,1,1,0,,1,0,
Central City,2026-01-17,8,3,3,3,4.0,0,2,1.5
Central City,2026-01-17,9,12,11,11,11.27,0,3,3.67
Central City,2026-01-17,10,9,9,9,7.22,0,3,3.0
Central City,2026-01-17,11,6,5,5,17.4,0,3,1.67
Central City,2026-01-17,12,1,1,1,1.0,0,3,0.33
Central City,2026-01-19,8,3,2,2,0.0,0,2,1.0
Central City,2026-01-19,9,7,7,7,6.43,0,3,2.33
Central City,2026-01-19,10,10,9,8,0.62,1,3,3.0
Central City,2026-01-19,11,7,7,7,4.86,0,3,2.33
Central City,2026-01-19,12,4,4,4,3.25,0,3,1.33
Central City,2026-01-19,13,1,1,1,0.0,0,3,0.33
Central City,2026-01-19,14,6,5,5,0.0,0,3,1.67
Central City,2026-01-19,15,14,13,11,17.36,2,3,4.33
Central City,2026-01-19,16,9,9,8,36.88,1,3,3.0
Central City,2026-01-19,17,1,1,1,24.0,0,0,
Central City,2026-01-20,7,1,1,1,5.0,0,0,
Central City,2026-01-20,8,3,3,3,0.0,0,2,1.5
Central City,2026-01-20,9,5,5,5,0.0,0,3,1.67
Central City,2026-01-20,10,11,10,10,11.1,0,3,3.33
Central City,2026-01-20,11,3,3,3,3.0,0,3,1.0
Central City,2026-01-20,12,4,4,4,0.0,0,3,1.33
Central City,2026-01-20,13,4,3,3,0.0,0,3,1.0
Central City,2026-01-20,14,6,6,6,1.83,0,3,2.0
Central City,2026-01-20,15,11,10,9,2.0,1,3,3.33
Central City,2026-01-20,16,6,5,5,0.4,0,3,1.67
Central City,2026-01-21,7,1,1,1,10.0,0,0,
Central City,2026-01-21,8,4,4,4,0.25,0,2,2.0
Central City,2026-01-21,9,5,5,5,0.4,0,3,1.67
Central City,2026-01-21,10,12,12,12,17.0,0,3,4.0
Central City,2026-01-21,11,12,11,9,51.22,2,3,3.67
Central City,2026-01-21,12,3,2,2,29.5,0,3,0.67
Central City,2026-01-21,13,4,4,4,0.0,0,3,1.33
Central City,2026-01-21,14,7,7,7,0.14,0,3,2.33
Central City,2026-01-21,15,8,8,8,14.12,0,3,2.67
Central City,2026-01-21,16,9,8,7,16.86,1,3,2.67
Central City,2026-01-21,17,1,1,1,13.0,0,0,
Central City,2026-01-22,8,2,1,1,0.0,0,2,0.5
Central City,2026-01-22,9,3,3,3,1.0,0,3,1.0
Central City,2026-01-22,10,6,6,5,5.8,1,3,2.0
Central City,2026-01-22,11,4,4,4,0.5,0,3,1.33
Central City,2026-01-22,12,4,4,4,0.0,0,3,1.33
Central City,2026-01-22,13,7,7,7,0.0,0,3,2.33
Central City,2026-01-22,14,5,5,5,2.4,0,3,1.67
Central City,2026-01-22,15,10,10,10,3.3,0,3,3.33
Central City,2026-01-22,16,2,2,2,0.0,0,3,0.67
Central City,2026-01-23,8,5,5,4,0.5,1,2,2.5
Central City,2026-01-23,9,4,2,2,0.0,0,3,0.67
Central City,2026-01-23,10,11,9,9,6.22,0,3,3.0
Central City,2026-01-23,11,2,2,1,0.0,1,3,0.67
Central City,2026-01-23,12,3,2,2,0.0,0,3,0.67
Central City,2026-01-23,13,2,2,2,0.0,0,3,0.67
Central City,2026-01-23,14,7,6,6,0.0,0,3,2.0
Central City,2026-01-23,15,8,8,8,10.25,0,3,2.67
Central City,2026-01-23,16,7,7,6,2.33,1,3,2.33
Central City,2026-01-24,8,6,6,6,2.5,0,2,3.0
Central City,2026-01-24,9,8,8,8,2.62,0,3,2.67
Central City,2026-01-24,10,3,1,1,2.0,0,3,0.33
Central City,2026-01-24,11,7,7,7,8.86,0,3,2.33
Central City,2026-01-24,12,4,4,4,2.0,0,3,1.33
Central City,2026-01-26,8,3,1,1,0.0,0,2,0.5
Central City,2026-01-26,9,8,8,8,2.62,0,3,2.67
Central City,2026-01-26,10,7,7,7,0.43,0,3,2.33
Central City,2026-01-26,11,11,10,10,18.3,0,3,3.33
Central City,2026-01-26,13,2,1,1,0.0,0,3,0.33
Central City,2026-01-26,14,8,7,7,3.14,0,3,2.33
Central City,2026-01-26,15,17,15,11,44.27,4,3,5.0
Central City,2026-01-26,16,9,9,9,70.0,0,3,3.0
Central City,2026-01-27,8,1,1,1,0.0,0,2,0.5
Central City,2026-01-27,9,4,3,3,0.0,0,3,1.0
Central City,2026-01-27,10,13,13,13,4.85,0,3,4.33
Central City,2026-01-27,11,6,5,5,4.4,0,3,1.67
Central City,2026-01-27,12,1,1,1,0.0,0,3,0.33
Central City,2026-01-27,13,6,6,6,0.17,0,3,2.0
Central City,2026-01-27,14,5,5,4,0.0,1,3,1.67
Central City,2026-01-27,15,13,13,10,23.2,3,3,4.33
Central City,2026-01-27,16,8,7,6,43.83,1,3,2.33
Central City,2026-01-28,8,3,3,3,0.0,0,2,1.5
Central City,2026-01-28,9,11,11,10,4.0,1,3,3.67
Central City,2026-01-28,10,11,10,10,15.2,0,3,3.33
Central City,2026-01-28,11,1,1,1,0.0,0,3,0.33
Central City,2026-01-28,12,4,4,4,0.0,0,3,1.33
Central City,2026-01-28,13,5,5,4,0.0,1,3,1.67
Central City,2026-01-28,14,10,9,9,6.56,0,3,3.0
Central City,2026-01-28,15,6,6,6,13.5,0,3,2.0
Central City,2026-01-28,16,11,11,11,20.18,0,3,3.67
Central City,2026-01-29,8,3,3,3,0.0,0,2,1.5
Central City,2026-01-29,9,5,5,4,0.0,1,3,1.67
Central City,2026-01-29,10,4,3,3,0.0,0,3,1.0
Central City,2026-01-29,11,3,3,3,0.0,0,3,1.0
Central City,2026-01-29,12,4,4,4,0.0,0,3,1.33
Central City,2026-01-29,13,7,7,7,0.71,0,3,2.33
Central City,2026-01-29,14,10,9,8,4.88,1,3,3.0
Central City,2026-01-29,15,14,14,11,28.55,3,3,4.67
Central City,2026-01-29,16,6,5,5,28.6,0,3,1.67
Central City,2026-01-30,7,1,1,1,4.0,0,0,
Central City,2026-01-30,8,2,1,1,0.0,0,2,0.5
Central City,2026-01-30,9,6,5,4,0.0,1,3,1.67
Central City,2026-01-30,10,7,6,4,2.0,2,3,2.0
Central City,2026-01-30,11,7,5,5,0.0,0,3,1.67
Central City,2026-01-30,12,4,4,4,0.0,0,3,1.33
Central City,2026-01-30,13,4,4,4,1.0,0,3,1.33
Central City,2026-01-30,14,3,3,3,6.0,0,3,1.0
Central City,2026-01-30,15,9,8,8,0.88,0,3,2.67
Central City,2026-01-30,16,10,8,8,16.88,0,3,2.67
Central City,2026-01-31,8,3,3,3,0.0,0,2,1.5
Central City,2026-01-31,9,7,7,7,5.29,0,3,2.33
Central City,2026-01-31,10,11,9,9,13.67,0,3,3.0
Central City,2026-01-31,11,8,7,7,2.29,0,3,2.33
Central City,2026-01-31,12,3,3,3,3.33,0,3,1.0
Central City,2026-01-31,13,1,1,1,0.0,0,0,
Central City,2026-02-02,8,1,1,1,0.0,0,2,0.5
Central City,2026-02-02,9,6,6,6,0.0,0,3,2.0
Central City,2026-02-02,10,7,6,6,1.17,0,3,2.0
Central City,2026-02-02,11,10,9,8,7.5,1,3,3.0
Central City,2026-02-02,12,5,5,5,0.8,0,3,1.67
Central City,2026-02-02,13,5,4,4,0.0,0,3,1.33
Central City,2026-02-02,14,6,6,5,0.0,1,3,2.0
Central City,2026-02-02,15,18,17,12,33.08,5,3,5.67
Central City,2026-02-02,16,11,10,8,51.12,2,3,3.33
Central City,2026-02-02,17,1,1,1,32.0,0,0,
Central City,2026-02-03,7,1,1,1,14.0,0,0,
Central City,2026-02-03,8,5,5,3,0.0,2,2,2.5
Central City,2026-02-03,9,16,15,14,17.43,1,3,5.0
Central City,2026-02-03,10,18,15,12,32.83,3,3,5.0
Central City,2026-02-03,11,2,2,2,20.5,0,3,0.67
Central City,2026-02-03,12,1,1,1,0.0,0,3,0.33
Central City,2026-02-03,13,7,7,7,0.43,0,3,2.33
Central City,2026-02-03,14,3,3,3,0.0,0,3,1.0
Central City,2026-02-03,15,11,10,10,7.9,0,3,3.33
Central City,2026-02-03,16,8,8,8,17.88,0,3,2.67
Central City,2026-02-03,17,1,1,1,16.0,0,0,
Central City,2026-02-04,8,3,3,3,0.0,0,2,1.5
Central City,2026-02-04,9,9,7,7,0.0,0,3,2.33
Central City,2026-02-04,10,5,5,5,0.0,0,3,1.67
Central City,2026-02-04,11,6,6,6,2.33,0,3,2.0
Central City,2026-02-04,12,6,6,6,1.33,0,3,2.0
Central City,2026-02-04,13,7,7,7,0.0,0,3,2.33
Central City,2026-02-04,14,5,5,5,2.4,0,3,1.67
Central City,2026-02-04,15,15,15,14,19.57,1,3,5.0
Central City,2026-02-04,16,8,7,6,36.5,1,3,2.33
Central City,2026-02-04,17,2,2,2,25.0,0,0,
Central City,2026-02-05,9,8,8,8,3.5,0,3,2.67
Central City,2026-02-05,10,15,12,10,13.7,2,3,4.0
Central City,2026-02-05,11,4,4,4,5.0,0,3,1.33
Central City,2026-02-05,12,3,3,3,0.0,0,3,1.0
Central City,2026-02-05,13,3,3,3,0.0,0,3,1.0
Central City,2026-02-05,14,5,5,4,0.0,1,3,1.67
Central City,2026-02-05,15,12,11,11,3.09,0,3,3.67
Central City,2026-02-05,16,10,9,9,7.22,0,3,3.0
Central City,2026-02-06,8,1,1,1,0.0,0,2,0.5
Central City,2026-02-06,9,9,9,8,6.38,1,3,3.0
Central City,2026-02-06,10,12,11,10,24.2,1,3,3.67
Central City,2026-02-06,11,6,6,6,12.33,0,3,2.0
Central City,2026-02-06,12,1,1,1,0.0,0,3,0.33
Central City,2026-02-06,13,2,2,2,0.0,0,3,0.67
Central City,2026-02-06,14,11,11,10,2.4,1,3,3.67
Central City,2026-02-06,15,13,13,12,39.67,1,3,4.33
Central City,2026-02-06,16,13,10,9,43.89,1,3,3.33
Central City,2026-02-07,7,1,1,1,3.0,0,0,
Central City,2026-02-07,8,4,4,4,29.75,0,2,2.0
Central City,2026-02-07,9,11,10,10,10.5,0,3,3.33
Central City,2026-02-07,10,13,11,10,35.0,1,3,3.67
Central City,2026-02-07,11,6,6,5,43.2,1,3,2.0
Central City,2026-02-07,12,5,4,4,0.0,0,3,1.33
Central City,2026-02-09,7,3,3,3,17.33,0,0,
Central City,2026-02-09,8,8,7,6,19.83,1,2,3.5
Central City,2026-02-09,9,12,11,11,9.64,0,3,3.67
Central City,2026-02-09,10,14,13,11,52.09,2,3,4.33
Central City,2026-02-09,11,4,3,3,39.67,0,3,1.0
Central City,2026-02-09,12,5,4,3,11.0,1,3,1.33
Central City,2026-02-09,13,2,2,2,0.0,0,3,0.67
Central City,2026-02-09,14,8,8,8,3.75,0,3,2.67
Central City,2026-02-09,15,12,11,9,14.44,2,3,3.67
Central City,2026-02-09,16,5,4,3,26.0,1,3,1.33
Central City,2026-02-10,8,3,1,1,0.0,0,2,0.5
Central City,2026-02-10,9,13,11,11,4.73,0,3,3.67
Central City,2026-02-10,10,9,9,9,1.89,0,3,3.0
Central City,2026-02-10,11,11,11,11,15.27,0,3,3.67
Central City,2026-02-10,12,3,2,2,16.0,0,3,0.67
Central City,2026-02-10,13,6,6,6,2.0,0,3,2.0
Central City,2026-02-10,14,8,8,8,2.38,0,3,2.67
Central City,2026-02-10,15,10,8,8,7.5,0,3,2.67
Central City,2026-02-10,16,12,11,10,24.1,1,3,3.67
Central City,2026-02-11,8,7,5,5,0.4,0,2,2.5
Central City,2026-02-11,9,8,7,7,7.71,0,3,2.33
Central City,2026-02-11,10,8,8,8,4.62,0,3,2.67
Central City,2026-02-11,11,12,8,6,17.0,2,3,2.67
Central City,2026-02-11,12,4,4,4,3.5,0,3,1.33
Central City,2026-02-11,13,4,4,4,0.0,0,3,1.33
Central City,2026-02-11,14,3,3,3,4.67,0,3,1.0
Central City,2026-02-11,15,11,11,11,9.36,0,3,3.67
Central City,2026-02-11,16,9,9,8,45.38,1,3,3.0
Central City,2026-02-12,8,4,4,4,0.0,0,2,2.0
Central City,2026-02-12,9,7,6,6,0.0,0,3,2.0
Central City,2026-02-12,10,10,10,10,19.6,0,3,3.33
Central City,2026-02-12,11,7,5,4,32.0,1,3,1.67
Central City,2026-02-12,12,4,3,3,7.67,0,3,1.0
Central City,2026-02-12,13,6,5,5,0.4,0,3,1.67
Central City,2026-02-12,14,5,5,5,3.4,0,3,1.67
Central City,2026-02-12,15,10,9,9,5.33,0,3,3.0
Central City,2026-02-12,16,11,10,8,32.25,2,3,3.33
Central City,2026-02-13,8,2,1,1,0.0,0,2,0.5
Central City,2026-02-13,9,5,5,5,0.0,0,3,1.67
Central City,2026-02-13,10,9,9,9,9.0,0,3,3.0
Central City,2026-02-13,11,9,9,8,13.88,1,3,3.0
Central City,2026-02-13,12,6,5,4,12.5,1,3,1.67
Central City,2026-02-13,13,5,5,3,0.0,2,3,1.67
Central City,2026-02-13,14,7,6,6,1.0,0,3,2.0
Central City,2026-02-13,15,5,5,5,0.0,0,3,1.67
Central City,2026-02-13,16,9,9,8,18.5,1,3,3.0
Central City,2026-02-14,8,5,4,4,1.0,0,2,2.0
Central City,2026-02-14,9,11,11,11,16.18,0,3,3.67
Central City,2026-02-14,10,18,17,14,63.79,3,3,5.67
Central City,2026-02-14,11,12,12,9,97.67,3,3,4.0
Central City,2026-02-14,12,4,4,4,95.5,0,3,1.33
Central City,2026-02-16,7,1,1,1,15.0,0,0,
Central City,2026-02-16,8,4,4,3,2.67,1,2,2.0
Central City,2026-02-16,9,16,15,15,16.6,0,3,5.0
Central City,2026-02-16,10,16,15,11,45.64,4,3,5.0
Central City,2026-02-16,11,6,3,3,55.0,0,3,1.0
Central City,2026-02-16,12,4,4,3,0.0,1,3,1.33
Central City,2026-02-16,13,5,5,5,0.0,0,3,1.67
Central City,2026-02-16,14,14,14,13,33.54,1,3,4.67
Central City,2026-02-16,15,10,10,7,48.57,3,3,3.33
Central City,2026-02-16,16,12,10,8,44.25,2,3,3.33
Central City,2026-02-17,8,4,4,4,1.5,0,2,2.0
Central City,2026-02-17,9,8,8,8,4.38,0,3,2.67
Central City,2026-02-17,10,9,7,7,7.86,0,3,2.33
Central City,2026-02-17,11,8,6,5,0.0,1,3,2.0
Central City,2026-02-17,12,7,7,7,5.29,0,3,2.33
Central City,2026-02-17,13,4,3,3,0.0,0,3,1.0
Central City,2026-02-17,14,5,5,4,0.0,1,3,1.67
Central City,2026-02-17,15,9,8,7,0.29,1,3,2.67
Central City,2026-02-17,16,7,5,5,2.2,0,3,1.67
Central City,2026-02-17,17,1,1,1,0.0,0,0,
Central City,2026-02-18,8,6,5,5,1.2,0,2,2.5
Central City,2026-02-18,9,5,5,5,0.0,0,3,1.67
Central City,2026-02-18,10,14,13,11,21.36,2,3,4.33
Central City,2026-02-18,11,5,3,3,16.67,0,3,1.0
Central City,2026-02-18,12,4,3,3,0.0,0,3,1.0
Central City,2026-02-18,13,4,3,3,0.0,0,3,1.0
Central City,2026-02-18,14,9,9,9,10.44,0,3,3.0
Central City,2026-02-18,15,8,8,8,2.38,0,3,2.67
Central City,2026-02-18,16,7,7,7,5.14,0,3,2.33
Central City,2026-02-18,17,1,1,1,0.0,0,0,
Central City,2026-02-19,8,11,10,10,12.2,0,2,5.0
Central City,2026-02-19,9,8,8,7,23.14,1,3,2.67
Central City,2026-02-19,10,10,10,7,27.43,3,3,3.33
Central City,2026-02-19,11,9,9,9,3.33,0,3,3.0
Central City,2026-02-19,12,5,5,5,1.0,0,3,1.67
Central City,2026-02-19,13,3,3,3,0.0,0,3,1.0
Central City,2026-02-19,14,2,2,2,0.0,0,3,0.67
Central City,2026-02-19,15,7,7,7,0.0,0,3,2.33
Central City,2026-02-19,16,4,4,4,0.0,0,3,1.33
Central City,2026-02-20,8,3,2,2,0.0,0,2,1.0
Central City,2026-02-20,9,4,4,4,0.0,0,3,1.33
Central City,2026-02-20,10,16,15,13,22.31,2,3,5.0
Central City,2026-02-20,11,1,1,1,27.0,0,3,0.33
Central City,2026-02-20,12,1,1,1,0.0,0,3,0.33
Central City,2026-02-20,13,6,6,6,4.83,0,3,2.0
Central City,2026-02-20,14,4,4,4,12.5,0,3,1.33
Central City,2026-02-20,15,12,11,10,12.6,1,3,3.67
Central City,2026-02-20,16,6,6,6,14.5,0,3,2.0
Central City,2026-02-21,7,1,1,1,11.0,0,0,
Central City,2026-02-21,8,2,2,2,0.0,0,2,1.0
Central City,2026-02-21,9,12,11,11,3.0,0,3,3.67
Central City,2026-02-21,10,16,16,14,31.5,2,3,5.33
Central City,2026-02-21,11,8,8,7,35.71,1,3,2.67
Central City,2026-02-21,12,2,2,2,10.5,0,3,0.67
Central City,2026-02-23,8,5,5,5,5.0,0,2,2.5
Central City,2026-02-23,9,8,7,7,10.0,0,3,2.33
Central City,2026-02-23,10,8,7,7,0.14,0,3,2.33
Central City,2026-02-23,11,6,6,6,4.0,0,3,2.0
Central City,2026-02-23,12,7,5,5,0.0,0,3,1.67
Central City,2026-02-23,13,6,6,5,0.0,1,3,2.0
Central City,2026-02-23,14,8,8,7,1.71,1,3,2.67
Central City,2026-02-23,15,6,6,6,5.83,0,3,2.0
Central City,2026-02-23,16,14,11,8,18.62,3,3,3.67
Central City,2026-02-24,8,4,4,4,5.25,0,2,2.0
Central City,2026-02-24,9,10,8,8,5.5,0,3,2.67
Central City,2026-02-24,10,12,11,9,26.0,2,3,3.67
Central City,2026-02-24,11,8,7,7,19.0,0,3,2.33
Central City,2026-02-24,12,6,6,6,0.33,0,3,2.0
Central City,2026-02-24,13,2,2,2,2.0,0,3,0.67
Central City,2026-02-24,14,5,4,4,1.0,0,3,1.33
Central City,2026-02-24,15,15,12,12,2.58,0,3,4.0
Central City,2026-02-24,16,5,5,5,10.0,0,3,1.67
Central City,2026-02-25,8,4,4,3,1.0,1,2,2.0
Central City,2026-02-25,9,5,5,4,0.0,1,3,1.67
Central City,2026-02-25,10,8,8,8,21.25,0,3,2.67
Central City,2026-02-25,11,4,4,4,0.75,0,3,1.33
Central City,2026-02-25,12,2,2,2,0.0,0,3,0.67
Central City,2026-02-25,13,2,2,2,0.0,0,3,0.67
Central City,2026-02-25,14,5,5,5,1.2,0,3,1.67
Central City,2026-02-25,15,9,9,9,8.33,0,3,3.0
Central City,2026-02-25,16,10,10,8,32.25,2,3,3.33
Central City,2026-02-26,8,4,4,4,1.0,0,2,2.0
Central City,2026-02-26,9,7,7,7,0.86,0,3,2.33
Central City,2026-02-26,10,20,18,15,28.6,3,3,6.0
Central City,2026-02-26,11,8,7,5,67.6,2,3,2.33
Central City,2026-02-26,12,4,4,3,36.67,1,3,1.33
Central City,2026-02-26,13,4,3,3,0.0,0,3,1.0
Central City,2026-02-26,14,10,9,9,5.89,0,3,3.0
Central City,2026-02-26,15,10,8,8,25.38,0,3,2.67
Central City,2026-02-26,16,8,7,6,14.5,1,3,2.33
Central City,2026-02-27,7,1,1,1,1.0,0,0,
Central City,2026-02-27,8,3,2,2,0.0,0,2,1.0
Central City,2026-02-27,9,11,10,10,2.9,0,3,3.33
Central City,2026-02-27,10,11,11,10,12.6,1,3,3.67
Central City,2026-02-27,11,6,4,4,0.0,0,3,1.33
Central City,2026-02-27,12,3,3,3,0.0,0,3,1.0
Central City,2026-02-27,13,4,3,3,0.0,0,3,1.0
Central City,2026-02-27,14,8,8,7,2.14,1,3,2.67
Central City,2026-02-27,15,13,11,10,17.9,1,3,3.67
Central City,2026-02-27,16,7,7,6,13.83,1,3,2.33
Central City,2026-02-28,7,1,1,1,3.0,0,0,
Central City,2026-02-28,8,2,1,1,0.0,0,2,0.5
Central City,2026-02-28,9,6,6,6,1.0,0,3,2.0
Central City,2026-02-28,10,10,10,10,9.3,0,3,3.33
Central City,2026-02-28,11,15,13,12,9.58,1,3,4.33
Central City,2026-02-28,12,6,6,6,16.67,0,3,2.0
Central City,2026-03-02,8,3,3,3,2.67,0,2,1.5
Central City,2026-03-02,9,12,12,11,19.73,1,3,4.0
Central City,2026-03-02,10,14,14,8,43.0,6,3,4.67
Central City,2026-03-02,11,13,13,10,59.0,3,3,4.33
Central City,2026-03-02,12,4,4,3,55.0,1,3,1.33
Central City,2026-03-02,14,5,5,5,0.0,0,3,1.67
Central City,2026-03-02,15,6,5,5,7.4,0,3,1.67
Central City,2026-03-02,16,9,8,8,10.38,0,3,2.67
Central City,2026-03-03,8,2,2,2,0.0,0,2,1.0
Central City,2026-03-03,9,5,5,5,1.0,0,3,1.67
Central City,2026-03-03,10,9,8,7,7.86,1,3,2.67
Central City,2026-03-03,11,8,8,7,15.86,1,3,2.67
Central City,2026-03-03,12,1,1,1,0.0,0,3,0.33
Central City,2026-03-03,13,4,4,4,0.0,0,3,1.33
Central City,2026-03-03,14,4,3,3,0.0,0,3,1.0
Central City,2026-03-03,15,15,15,13,21.92,2,3,5.0
Central City,2026-03-03,16,5,5,4,36.0,1,3,1.67
Central City,2026-03-04,7,3,3,3,23.0,0,0,
Central City,2026-03-04,8,1,0,0,,0,2,0.0
Central City,2026-03-04,9,6,5,5,0.0,0,3,1.67
Central City,2026-03-04,10,5,4,4,3.75,0,3,1.33
Central City,2026-03-04,11,9,8,8,6.12,0,3,2.67
Central City,2026-03-04,12,2,2,2,2.0,0,3,0.67
Central City,2026-03-04,13,1,1,1,0.0,0,3,0.33
Central City,2026-03-04,14,6,5,5,0.0,0,3,1.67
Central City,2026-03-04,15,6,5,5,4.0,0,3,1.67
Central City,2026-03-04,16,11,10,9,10.11,1,3,3.33
Central City,2026-03-05,8,3,2,2,0.0,0,2,1.0
Central City,2026-03-05,9,8,7,7,5.29,0,3,2.33
Central City,2026-03-05,10,9,8,8,7.25,0,3,2.67
Central City,2026-03-05,11,8,7,7,3.29,0,3,2.33
Central City,2026-03-05,12,4,4,4,0.0,0,3,1.33
Central City,2026-03-05,13,4,3,3,0.0,0,3,1.0
Central City,2026-03-05,14,4,4,4,0.0,0,3,1.33
Central City,2026-03-05,15,12,10,10,2.1,0,3,3.33
Central City,2026-03-05,16,7,7,7,7.0,0,3,2.33
Central City,2026-03-06,8,4,4,4,2.5,0,2,2.0
Central City,2026-03-06,9,6,6,5,0.8,1,3,2.0
Central City,2026-03-06,10,12,12,10,13.1,2,3,4.0
Central City,2026-03-06,11,8,8,6,17.5,2,3,2.67
Central City,2026-03-06,12,3,3,2,0.0,1,3,1.0
Central City,2026-03-06,13,1,1,1,0.0,0,3,0.33
Central City,2026-03-06,14,2,2,2,0.0,0,3,0.67
Central City,2026-03-06,15,5,5,5,0.0,0,3,1.67
Central City,2026-03-06,16,4,4,4,0.0,0,3,1.33
Central City,2026-03-07,7,1,1,1,13.0,0,0,
Central City,2026-03-07,8,6,6,6,11.33,0,2,3.0
Central City,2026-03-07,9,11,10,9,6.67,1,3,3.33
Central City,2026-03-07,10,15,15,11,35.36,4,3,5.0
Central City,2026-03-07,11,12,9,7,21.43,2,3,3.0
Central City,2026-03-07,12,1,0,0,,0,3,0.0
Central City,2026-03-09,8,6,5,5,1.0,0,2,2.5
Central City,2026-03-09,9,6,6,6,13.0,0,3,2.0
Central City,2026-03-09,10,12,11,9,7.11,2,3,3.67
Central City,2026-03-09,11,9,7,7,0.0,0,3,2.33
Central City,2026-03-09,12,4,3,3,0.0,0,3,1.0
Central City,2026-03-09,13,8,8,8,1.62,0,3,2.67
Central City,2026-03-09,14,10,9,9,1.56,0,3,3.0
Central City,2026-03-09,15,12,10,10,15.7,0,3,3.33
Central City,2026-03-09,16,5,4,4,17.5,0,3,1.33
Central City,2026-03-10,7,1,1,1,20.0,0,0,
Central City,2026-03-10,8,4,3,3,0.0,0,2,1.5
Central City,2026-03-10,9,5,4,4,0.0,0,3,1.33
Central City,2026-03-10,10,11,11,10,12.9,1,3,3.67
Central City,2026-03-10,11,8,8,8,32.25,0,3,2.67
Central City,2026-03-10,12,6,5,5,14.0,0,3,1.67
Central City,2026-03-10,13,2,2,2,0.0,0,3,0.67
Central City,2026-03-10,14,10,10,9,11.11,1,3,3.33
Central City,2026-03-10,15,13,10,10,19.0,0,3,3.33
Central City,2026-03-10,16,9,8,7,34.71,1,3,2.67
Central City,2026-03-11,8,2,2,2,0.0,0,2,1.0
Central City,2026-03-11,9,9,9,9,5.11,0,3,3.0
Central City,2026-03-11,10,6,5,5,0.4,0,3,1.67
Central City,2026-03-11,11,11,11,10,13.1,1,3,3.67
Central City,2026-03-11,12,3,3,2,14.5,1,3,1.0
Central City,2026-03-11,13,6,6,6,2.67,0,3,2.0
Central City,2026-03-11,14,8,8,8,2.12,0,3,2.67
Central City,2026-03-11,15,4,4,3,0.0,1,3,1.33
Central City,2026-03-11,16,7,6,6,1.67,0,3,2.0
Central City,2026-03-12,7,1,1,1,6.0,0,0,
Central City,2026-03-12,8,4,4,4,0.0,0,2,2.0
Central City,2026-03-12,9,7,7,7,2.57,0,3,2.33
Central City,2026-03-12,10,11,10,8,15.25,2,3,3.33
Central City,2026-03-12,11,5,4,4,3.5,0,3,1.33
Central City,2026-03-12,12,4,3,3,0.0,0,3,1.0
Central City,2026-03-12,13,5,5,5,0.0,0,3,1.67
Central City,2026-03-12,14,8,8,8,1.0,0,3,2.67
Central City,2026-03-12,15,13,12,12,12.67,0,3,4.0
Central City,2026-03-12,16,7,7,7,20.14,0,3,2.33
Central City,2026-03-13,7,2,2,2,12.0,0,0,
Central City,2026-03-13,8,1,1,1,0.0,0,2,0.5
Central City,2026-03-13,9,5,4,4,0.0,0,3,1.33
Central City,2026-03-13,10,10,10,9,10.78,1,3,3.33
Central City,2026-03-13,11,8,7,7,27.57,0,3,2.33
Central City,2026-03-13,12,5,5,5,10.6,0,3,1.67
Central City,2026-03-13,13,8,6,6,2.5,0,3,2.0
Central City,2026-03-13,14,9,8,7,7.0,1,3,2.67
Central City,2026-03-13,15,12,11,10,7.5,1,3,3.67
Central City,2026-03-13,16,5,5,5,3.4,0,3,1.67
Central City,2026-03-14,8,7,7,7,3.43,0,2,3.5
Central City,2026-03-14,9,10,9,9,14.0,0,3,3.0
Central City,2026-03-14,10,25,24,23,68.13,1,3,8.0
Central City,2026-03-14,11,13,13,9,129.11,4,3,4.33
Central City,2026-03-14,12,4,4,2,119.0,2,3,1.33
Central City,2026-03-16,8,5,5,4,0.0,1,2,2.5
Central City,2026-03-16,9,11,11,9,22.67,2,3,3.67
Central City,2026-03-16,10,15,13,9,35.56,4,3,4.33
Central City,2026-03-16,11,6,6,5,23.2,1,3,2.0
Central City,2026-03-16,12,3,3,3,17.33,0,3,1.0
Central City,2026-03-16,13,5,4,4,0.0,0,3,1.33
Central City,2026-03-16,14,9,6,6,0.33,0,3,2.0
Central City,2026-03-16,15,12,11,11,2.91,0,3,3.67
Central City,2026-03-16,16,12,10,8,24.38,2,3,3.33
Central City,2026-03-16,17,1,1,1,10.0,0,0,
Central City,2026-03-17,7,1,1,1,18.0,0,0,
Central City,2026-03-17,8,3,2,2,0.0,0,2,1.0
Central City,2026-03-17,9,10,9,9,4.56,0,3,3.0
Central City,2026-03-17,10,9,8,7,22.0,1,3,2.67
Central City,2026-03-17,11,9,8,8,5.25,0,3,2.67
Central City,2026-03-17,12,4,3,3,2.33,0,3,1.0
Central City,2026-03-17,13,5,3,3,0.0,0,3,1.0
Central City,2026-03-17,14,6,6,6,0.0,0,3,2.0
Central City,2026-03-17,15,11,9,8,10.0,1,3,3.0
Central City,2026-03-17,16,3,2,2,0.0,0,3,0.67
Central City,2026-03-18,7,1,1,1,1.0,0,0,
Central City,2026-03-18,8,4,4,4,0.0,0,2,2.0
Central City,2026-03-18,9,10,10,10,2.6,0,3,3.33
Central City,2026-03-18,10,17,16,14,50.29,2,3,5.33
Central City,2026-03-18,11,9,7,7,69.86,0,3,2.33
Central City,2026-03-18,12,4,3,1,59.0,2,3,1.0
Central City,2026-03-18,13,2,2,1,27.0,1,3,0.67
Central City,2026-03-18,14,9,9,9,1.0,0,3,3.0
Central City,2026-03-18,15,14,13,12,19.08,1,3,4.33
Central City,2026-03-18,16,6,6,5,34.0,1,3,2.0
Central City,2026-03-19,8,5,5,5,0.6,0,2,2.5
Central City,2026-03-19,9,8,8,8,2.25,0,3,2.67
Central City,2026-03-19,10,6,6,6,0.0,0,3,2.0
Central City,2026-03-19,11,10,9,9,2.22,0,3,3.0
Central City,2026-03-19,12,3,3,3,5.0,0,3,1.0
Central City,2026-03-19,13,2,2,2,0.0,0,3,0.67
Central City,2026-03-19,14,10,10,9,6.44,1,3,3.33
Central City,2026-03-19,15,10,10,10,2.7,0,3,3.33
Central City,2026-03-19,16,3,3,3,0.0,0,3,1.0
Central City,2026-03-19,17,1,1,1,0.0,0,0,
Central City,2026-03-20,8,3,3,3,0.0,0,2,1.5
Central City,2026-03-20,9,5,5,5,2.6,0,3,1.67
Central City,2026-03-20,10,7,7,7,4.14,0,3,2.33
Central City,2026-03-20,11,7,6,5,1.2,1,3,2.0
Central City,2026-03-20,12,6,6,6,0.33,0,3,2.0
Central City,2026-03-20,13,1,1,1,0.0,0,3,0.33
Central City,2026-03-20,14,4,4,4,1.25,0,3,1.33
Central City,2026-03-20,15,12,11,11,3.64,0,3,3.67
Central City,2026-03-20,16,5,4,4,0.0,0,3,1.33
Central City,2026-03-20,17,1,1,1,0.0,0,0,
Central City,2026-03-21,7,1,1,0,,1,0,
Central City,2026-03-21,8,4,3,3,0.0,0,2,1.5
Central City,2026-03-21,9,11,10,8,1.25,2,3,3.33
Central City,2026-03-21,10,12,11,9,22.89,2,3,3.67
Central City,2026-03-21,11,3,3,3,6.67,0,3,1.0
Central City,2026-03-21,12,7,7,6,0.0,1,3,2.33
Central City,2026-03-23,8,4,4,4,6.0,0,2,2.0
Central City,2026-03-23,9,7,6,6,3.17,0,3,2.0
Central City,2026-03-23,10,9,9,8,8.62,1,3,3.0
Central City,2026-03-23,11,8,7,7,10.71,0,3,2.33
Central City,2026-03-23,12,3,3,3,0.0,0,3,1.0
Central City,2026-03-23,13,2,2,2,0.0,0,3,0.67
Central City,2026-03-23,14,8,6,6,0.0,0,3,2.0
Central City,2026-03-23,15,17,15,15,40.53,0,3,5.0
Central City,2026-03-23,16,4,3,3,68.0,0,3,1.0
Central City,2026-03-24,7,2,2,2,6.5,0,0,
Central City,2026-03-24,8,11,11,11,23.45,0,2,5.5
Central City,2026-03-24,9,5,4,4,6.0,0,3,1.33
Central City,2026-03-24,10,5,5,5,1.2,0,3,1.67
Central City,2026-03-24,11,7,7,6,1.67,1,3,2.33
Central City,2026-03-24,12,1,1,1,0.0,0,3,0.33
Central City,2026-03-24,13,2,2,2,0.0,0,3,0.67
Central City,2026-03-24,14,8,7,7,3.29,0,3,2.33
Central City,2026-03-24,15,8,8,7,32.0,1,3,2.67
Central City,2026-03-24,16,7,7,6,42.67,1,3,2.33
Central City,2026-03-25,7,1,1,1,4.0,0,0,
Central City,2026-03-25,8,5,5,5,1.8,0,2,2.5
Central City,2026-03-25,9,7,7,7,0.43,0,3,2.33
Central City,2026-03-25,10,10,10,10,3.4,0,3,3.33
Central City,2026-03-25,11,6,6,6,4.5,0,3,2.0
Central City,2026-03-25,12,3,2,2,0.0,0,3,0.67
Central City,2026-03-25,13,2,2,2,0.0,0,3,0.67
Central City,2026-03-25,14,7,7,6,0.83,1,3,2.33
Central City,2026-03-25,15,9,9,8,19.62,1,3,3.0
Central City,2026-03-25,16,6,6,6,12.67,0,3,2.0
Central City,2026-03-26,7,2,2,2,8.0,0,0,
Central City,2026-03-26,8,5,4,3,11.0,1,2,2.0
Central City,2026-03-26,9,6,6,6,6.67,0,3,2.0
Central City,2026-03-26,10,8,8,8,0.12,0,3,2.67
Central City,2026-03-26,11,8,8,7,2.0,1,3,2.67
Central City,2026-03-26,12,5,5,5,0.0,0,3,1.67
Central City,2026-03-26,13,3,3,3,0.0,0,3,1.0
Central City,2026-03-26,14,3,3,3,0.0,0,3,1.0
Central City,2026-03-26,15,12,12,11,17.0,1,3,4.0
Central City,2026-03-26,16,8,7,7,36.14,0,3,2.33
Central City,2026-03-27,8,2,2,2,0.0,0,2,1.0
Central City,2026-03-27,9,6,6,6,2.0,0,3,2.0
Central City,2026-03-27,10,6,5,5,0.0,0,3,1.67
Central City,2026-03-27,11,7,4,4,1.0,0,3,1.33
Central City,2026-03-27,12,5,5,4,0.0,1,3,1.67
Central City,2026-03-27,13,4,4,3,0.0,1,3,1.33
Central City,2026-03-27,14,11,10,10,12.1,0,3,3.33
Central City,2026-03-27,15,6,6,6,10.83,0,3,2.0
Central City,2026-03-27,16,4,4,4,1.25,0,3,1.33
Central City,2026-03-28,8,5,3,3,1.0,0,2,1.5
Central City,2026-03-28,9,18,16,15,40.6,1,3,5.33
Central City,2026-03-28,10,21,21,12,79.83,9,3,7.0
Central City,2026-03-28,11,6,6,5,89.0,1,3,2.0
Central City,2026-03-28,12,3,2,1,63.0,1,3,0.67
Central City,2026-03-30,7,1,1,1,9.0,0,0,
Central City,2026-03-30,8,9,8,8,21.88,0,2,4.0
Central City,2026-03-30,9,6,4,4,0.0,0,3,1.33
Central City,2026-03-30,10,8,6,6,1.17,0,3,2.0
Central City,2026-03-30,11,10,9,7,0.14,2,3,3.0
Central City,2026-03-30,12,3,3,3,0.0,0,3,1.0
Central City,2026-03-30,13,7,6,6,0.0,0,3,2.0
Central City,2026-03-30,14,8,8,8,0.88,0,3,2.67
Central City,2026-03-30,15,9,9,9,5.44,0,3,3.0
Central City,2026-03-30,16,9,9,9,25.0,0,3,3.0
Central City,2026-03-31,8,3,2,2,0.0,0,2,1.0
Central City,2026-03-31,9,8,8,8,2.75,0,3,2.67
Central City,2026-03-31,10,5,3,3,8.0,0,3,1.0
Central City,2026-03-31,11,7,6,5,0.0,1,3,2.0
Central City,2026-03-31,12,3,3,3,0.0,0,3,1.0
Central City,2026-03-31,13,3,3,2,0.0,1,3,1.0
Central City,2026-03-31,14,4,4,4,0.0,0,3,1.33
Central City,2026-03-31,15,12,11,9,10.67,2,3,3.67
Central City,2026-03-31,16,2,2,2,13.0,0,3,0.67
Central City,2026-04-01,8,4,3,3,0.0,0,2,1.5
Central City,2026-04-01,9,5,5,5,0.0,0,3,1.67
Central City,2026-04-01,10,7,7,7,3.86,0,3,2.33
Central City,2026-04-01,11,2,2,2,0.0,0,3,0.67
Central City,2026-04-01,12,2,1,1,0.0,0,3,0.33
Central City,2026-04-01,13,3,3,3,0.0,0,3,1.0
Central City,2026-04-01,14,4,3,3,0.0,0,3,1.0
Central City,2026-04-01,15,10,9,8,1.75,1,3,3.0
Central City,2026-04-01,16,15,14,12,40.5,2,3,4.67
Central City,2026-04-02,8,1,1,1,0.0,0,2,0.5
Central City,2026-04-02,9,5,5,5,0.0,0,3,1.67
Central City,2026-04-02,10,6,5,5,0.0,0,3,1.67
Central City,2026-04-02,11,5,5,5,2.4,0,3,1.67
Central City,2026-04-02,12,6,6,5,4.6,1,3,2.0
Central City,2026-04-02,13,6,6,6,3.83,0,3,2.0
Central City,2026-04-02,14,6,6,6,0.0,0,3,2.0
Central City,2026-04-02,15,9,7,7,1.43,0,3,2.33
Central City,2026-04-02,16,6,6,6,2.83,0,3,2.0
Central City,2026-04-03,7,1,1,1,1.0,0,0,
Central City,2026-04-03,8,3,3,3,0.0,0,2,1.5
Central City,2026-04-03,9,5,5,5,2.0,0,3,1.67
Central City,2026-04-03,10,10,8,8,19.38,0,3,2.67
Central City,2026-04-03,11,9,7,7,15.0,0,3,2.33
Central City,2026-04-03,12,1,0,0,,0,3,0.0
Central City,2026-04-03,13,6,6,6,0.0,0,3,2.0
Central City,2026-04-03,14,5,4,4,0.75,0,3,1.33
Central City,2026-04-03,15,12,11,10,17.9,1,3,3.67
Central City,2026-04-03,16,7,6,6,2.33,0,3,2.0
Central City,2026-04-03,17,1,1,1,0.0,0,0,
Central City,2026-04-04,8,5,3,3,0.0,0,2,1.5
Central City,2026-04-04,9,5,4,4,0.0,0,3,1.33
Central City,2026-04-04,10,13,12,12,9.83,0,3,4.0
Central City,2026-04-04,11,12,12,10,15.4,2,3,4.0
Central City,2026-04-04,12,6,6,6,20.5,0,3,2.0
Central City,2026-04-06,8,3,2,2,0.0,0,2,1.0
Central City,2026-04-06,9,7,6,6,0.67,0,3,2.0
Central City,2026-04-06,10,16,14,12,25.17,2,3,4.67
Central City,2026-04-06,11,7,5,4,45.75,1,3,1.67
Central City,2026-04-06,12,3,3,2,10.0,1,3,1.0
Central City,2026-04-06,13,7,6,6,0.0,0,3,2.0
Central City,2026-04-06,14,8,8,8,0.75,0,3,2.67
Central City,2026-04-06,15,11,9,9,7.78,0,3,3.0
Central City,2026-04-06,16,12,10,10,13.0,0,3,3.33
Central City,2026-04-07,8,2,1,1,0.0,0,2,0.5
Central City,2026-04-07,9,7,7,7,1.71,0,3,2.33
Central City,2026-04-07,10,8,8,7,2.86,1,3,2.67
Central City,2026-04-07,11,7,6,6,4.33,0,3,2.0
Central City,2026-04-07,12,1,1,1,0.0,0,3,0.33
Central City,2026-04-07,13,1,1,1,0.0,0,3,0.33
Central City,2026-04-07,14,7,7,7,8.14,0,3,2.33
Central City,2026-04-07,15,10,9,6,8.33,3,3,3.0
Central City,2026-04-07,16,10,9,9,8.78,0,3,3.0
Central City,2026-04-08,8,5,5,5,0.4,0,2,2.5
Central City,2026-04-08,9,16,16,15,23.93,1,3,5.33
Central City,2026-04-08,10,11,10,9,55.44,1,3,3.33
Central City,2026-04-08,11,4,4,3,52.67,1,3,1.33
Central City,2026-04-08,12,4,4,4,4.25,0,3,1.33
Central City,2026-04-08,13,3,3,3,2.33,0,3,1.0
Central City,2026-04-08,14,7,7,7,1.29,0,3,2.33
Central City,2026-04-08,15,7,5,5,3.6,0,3,1.67
Central City,2026-04-08,16,6,6,6,2.33,0,3,2.0
Central City,2026-04-08,17,1,1,1,0.0,0,0,
Central City,2026-04-09,8,6,6,6,10.17,0,2,3.0
Central City,2026-04-09,9,6,6,6,7.0,0,3,2.0
Central City,2026-04-09,10,7,7,7,8.43,0,3,2.33
Central City,2026-04-09,11,5,5,5,0.2,0,3,1.67
Central City,2026-04-09,12,2,2,2,0.0,0,3,0.67
Central City,2026-04-09,13,4,4,4,0.0,0,3,1.33
Central City,2026-04-09,14,3,3,3,0.0,0,3,1.0
Central City,2026-04-09,15,9,7,6,4.5,1,3,2.33
Central City,2026-04-09,16,8,6,6,2.17,0,3,2.0
Central City,2026-04-10,8,2,2,2,0.0,0,2,1.0
Central City,2026-04-10,9,7,6,6,0.67,0,3,2.0
Central City,2026-04-10,10,12,11,11,10.82,0,3,3.67
Central City,2026-04-10,11,7,6,6,27.0,0,3,2.0
Central City,2026-04-10,12,2,1,1,18.0,0,3,0.33
Central City,2026-04-10,13,3,3,3,0.0,0,3,1.0
Central City,2026-04-10,14,7,7,7,4.29,0,3,2.33
Central City,2026-04-10,15,9,9,8,14.5,1,3,3.0
Central City,2026-04-10,16,6,5,5,6.2,0,3,1.67
Central City,2026-04-11,8,3,3,3,3.33,0,2,1.5
Central City,2026-04-11,9,7,6,6,3.33,0,3,2.0
Central City,2026-04-11,10,18,16,16,19.38,0,3,5.33
Central City,2026-04-11,11,5,5,5,12.2,0,3,1.67
Central City,2026-04-11,12,5,4,4,2.25,0,3,1.33
Central City,2026-04-13,7,1,1,1,1.0,0,0,
Central City,2026-04-13,8,3,2,2,9.0,0,2,1.0
Central City,2026-04-13,9,10,10,10,7.9,0,3,3.33
Central City,2026-04-13,10,10,8,7,10.86,1,3,2.67
Central City,2026-04-13,11,6,6,6,4.0,0,3,2.0
Central City,2026-04-13,12,2,2,2,0.0,0,3,0.67
Central City,2026-04-13,13,5,5,5,1.6,0,3,1.67
Central City,2026-04-13,14,12,11,11,7.45,0,3,3.67
Central City,2026-04-13,15,4,4,4,0.5,0,3,1.33
Central City,2026-04-13,16,5,4,4,0.0,0,3,1.33
Central City,2026-04-14,7,1,1,1,12.0,0,0,
Central City,2026-04-14,8,2,2,2,0.0,0,2,1.0
Central City,2026-04-14,9,4,4,4,0.0,0,3,1.33
Central City,2026-04-14,10,9,9,9,0.0,0,3,3.0
Central City,2026-04-14,11,6,6,6,2.83,0,3,2.0
Central City,2026-04-14,12,8,8,8,3.12,0,3,2.67
Central City,2026-04-14,14,6,6,6,2.33,0,3,2.0
Central City,2026-04-14,15,8,8,8,2.38,0,3,2.67
Central City,2026-04-14,16,8,7,6,0.0,1,3,2.33
Central City,2026-04-14,17,1,1,1,8.0,0,0,
Central City,2026-04-15,8,7,7,6,4.83,1,2,3.5
Central City,2026-04-15,9,6,6,6,0.0,0,3,2.0
Central City,2026-04-15,10,5,5,4,1.25,1,3,1.67
Central City,2026-04-15,11,2,2,2,0.0,0,3,0.67
Central City,2026-04-15,12,3,3,3,0.0,0,3,1.0
Central City,2026-04-15,13,2,2,2,0.0,0,3,0.67
Central City,2026-04-15,14,6,5,5,0.0,0,3,1.67
Central City,2026-04-15,15,7,7,7,0.0,0,3,2.33
Central City,2026-04-15,16,7,7,7,11.57,0,3,2.33
Central City,2026-04-16,8,3,2,2,0.0,0,2,1.0
Central City,2026-04-16,9,15,15,14,20.07,1,3,5.0
Central City,2026-04-16,10,6,5,4,36.75,1,3,1.67
Central City,2026-04-16,11,8,8,8,3.38,0,3,2.67
Central City,2026-04-16,12,5,5,5,0.0,0,3,1.67
Central City,2026-04-16,13,3,2,2,0.0,0,3,0.67
Central City,2026-04-16,14,4,4,4,0.0,0,3,1.33
Central City,2026-04-16,15,10,7,7,0.29,0,3,2.33
Central City,2026-04-16,16,4,3,3,0.0,0,3,1.0
Central City,2026-04-17,8,2,2,2,0.0,0,2,1.0
Central City,2026-04-17,9,9,9,8,2.62,1,3,3.0
Central City,2026-04-17,10,9,8,8,8.88,0,3,2.67
Central City,2026-04-17,11,2,2,2,0.0,0,3,0.67
Central City,2026-04-17,12,1,1,1,0.0,0,3,0.33
Central City,2026-04-17,13,2,2,2,0.0,0,3,0.67
Central City,2026-04-17,14,7,6,6,2.83,0,3,2.0
Central City,2026-04-17,15,10,10,9,15.33,1,3,3.33
Central City,2026-04-17,16,7,6,6,13.67,0,3,2.0
Central City,2026-04-17,17,1,1,1,1.0,0,0,
Central City,2026-04-18,8,5,5,5,0.2,0,2,2.5
Central City,2026-04-18,9,5,3,3,0.0,0,3,1.0
Central City,2026-04-18,10,9,8,8,1.0,0,3,2.67
Central City,2026-04-18,11,14,13,12,18.0,1,3,4.33
Central City,2026-04-18,12,5,5,5,22.4,0,3,1.67
Central City,2026-04-20,8,4,3,3,0.0,0,2,1.5
Central City,2026-04-20,9,9,9,8,0.62,1,3,3.0
Central City,2026-04-20,10,15,14,12,23.83,2,3,4.67
Central City,2026-04-20,11,7,7,7,11.86,0,3,2.33
Central City,2026-04-20,12,6,4,3,0.0,1,3,1.33
Central City,2026-04-20,13,2,2,2,0.0,0,3,0.67
Central City,2026-04-20,14,7,6,5,0.0,1,3,2.0
Central City,2026-04-20,15,13,8,8,2.12,0,3,2.67
Central City,2026-04-20,16,12,11,9,31.11,2,3,3.67
Central City,2026-04-21,8,1,1,1,0.0,0,2,0.5
Central City,2026-04-21,9,3,3,3,0.0,0,3,1.0
Central City,2026-04-21,10,6,4,4,0.0,0,3,1.33
Central City,2026-04-21,11,4,4,3,0.0,1,3,1.33
Central City,2026-04-21,12,4,4,4,0.0,0,3,1.33
Central City,2026-04-21,13,1,1,1,0.0,0,3,0.33
Central City,2026-04-21,14,3,2,2,0.0,0,3,0.67
Central City,2026-04-21,15,11,11,11,12.73,0,3,3.67
Central City,2026-04-21,16,8,8,7,34.14,1,3,2.67
Central City,2026-04-22,7,2,2,2,7.5,0,0,
Central City,2026-04-22,8,2,2,2,0.0,0,2,1.0
Central City,2026-04-22,9,7,7,7,4.86,0,3,2.33
Central City,2026-04-22,10,11,11,10,19.3,1,3,3.67
Central City,2026-04-22,11,7,6,6,18.5,0,3,2.0
Central City,2026-04-22,12,6,6,6,21.83,0,3,2.0
Central City,2026-04-22,13,3,3,3,0.0,0,3,1.0
Central City,2026-04-22,14,3,2,2,0.0,0,3,0.67
Central City,2026-04-22,15,11,11,10,1.2,1,3,3.67
Central City,2026-04-22,16,6,6,5,4.8,1,3,2.0
Central City,2026-04-23,8,2,2,1,0.0,1,2,1.0
Central City,2026-04-23,9,9,9,9,7.22,0,3,3.0
Central City,2026-04-23,10,12,10,9,31.33,1,3,3.33
Central City,2026-04-23,11,5,3,3,4.67,0,3,1.0
Central City,2026-04-23,12,5,5,5,1.4,0,3,1.67
Central City,2026-04-23,13,3,3,3,0.0,0,3,1.0
Central City,2026-04-23,14,8,8,7,1.57,1,3,2.67
Central City,2026-04-23,15,12,11,10,3.3,1,3,3.67
Central City,2026-04-23,16,12,11,11,13.91,0,3,3.67
Central City,2026-04-24,8,4,3,3,0.0,0,2,1.5
Central City,2026-04-24,9,4,4,3,0.0,1,3,1.33
Central City,2026-04-24,10,12,12,12,23.83,0,3,4.0
Central City,2026-04-24,11,4,4,3,27.67,1,3,1.33
Central City,2026-04-24,12,4,4,4,1.0,0,3,1.33
Central City,2026-04-24,13,4,4,4,0.5,0,3,1.33
Central City,2026-04-24,14,8,8,8,1.75,0,3,2.67
Central City,2026-04-24,15,15,13,13,27.08,0,3,4.33
Central City,2026-04-24,16,14,13,8,58.5,5,3,4.33
Central City,2026-04-25,8,4,4,4,5.5,0,2,2.0
Central City,2026-04-25,9,7,7,7,1.43,0,3,2.33
Central City,2026-04-25,10,16,15,12,20.33,3,3,5.0
Central City,2026-04-25,11,10,9,4,21.0,5,3,3.0
Central City,2026-04-25,12,2,1,1,0.0,0,3,0.33
Central City,2026-04-27,7,1,1,1,19.0,0,0,
Central City,2026-04-27,8,5,5,5,1.0,0,2,2.5
Central City,2026-04-27,9,8,8,7,3.29,1,3,2.67
Central City,2026-04-27,10,12,10,9,3.67,1,3,3.33
Central City,2026-04-27,11,10,9,9,17.44,0,3,3.0
Central City,2026-04-27,12,8,8,8,6.5,0,3,2.67
Central City,2026-04-27,13,5,4,4,12.75,0,3,1.33
Central City,2026-04-27,14,12,12,12,7.33,0,3,4.0
Central City,2026-04-27,15,10,8,6,11.5,2,3,2.67
Central City,2026-04-27,16,9,9,9,5.89,0,3,3.0
Central City,2026-04-28,8,4,4,4,0.0,0,2,2.0
Central City,2026-04-28,9,9,8,8,3.25,0,3,2.67
Central City,2026-04-28,10,7,7,7,18.57,0,3,2.33
Central City,2026-04-28,11,9,9,9,8.78,0,3,3.0
Central City,2026-04-28,12,4,4,4,4.25,0,3,1.33
Central City,2026-04-28,13,4,4,4,0.0,0,3,1.33
Central City,2026-04-28,14,3,3,3,0.0,0,3,1.0
Central City,2026-04-28,15,6,5,5,2.8,0,3,1.67
Central City,2026-04-28,16,4,4,4,16.25,0,3,1.33
Central City,2026-04-29,7,2,2,2,7.5,0,0,
Central City,2026-04-29,8,4,4,4,4.75,0,2,2.0
Central City,2026-04-29,9,3,3,3,0.0,0,3,1.0
Central City,2026-04-29,10,10,10,10,9.5,0,3,3.33
Central City,2026-04-29,11,5,5,5,4.0,0,3,1.67
Central City,2026-04-29,12,2,2,2,0.0,0,3,0.67
Central City,2026-04-29,13,3,3,3,0.0,0,3,1.0
Central City,2026-04-29,14,7,7,7,0.0,0,3,2.33
Central City,2026-04-29,15,8,8,8,12.62,0,3,2.67
Central City,2026-04-29,16,9,8,7,17.29,1,3,2.67
Central City,2026-04-30,7,2,2,1,7.0,1,0,
Central City,2026-04-30,8,4,4,4,3.0,0,2,2.0
Central City,2026-04-30,9,6,6,6,1.5,0,3,2.0
Central City,2026-04-30,10,8,8,8,4.38,0,3,2.67
Central City,2026-04-30,11,10,8,8,5.5,0,3,2.67
Central City,2026-04-30,12,2,2,2,3.5,0,3,0.67
Central City,2026-04-30,13,4,4,4,0.0,0,3,1.33
Central City,2026-04-30,14,9,9,9,9.78,0,3,3.0
Central City,2026-04-30,15,10,10,10,3.9,0,3,3.33
Central City,2026-04-30,16,8,6,5,10.2,1,3,2.0
Central City,2026-05-01,7,1,1,0,,1,0,
Central City,2026-05-01,8,1,1,1,0.0,0,2,0.5
Central City,2026-05-01,9,7,6,6,1.17,0,3,2.0
Central City,2026-05-01,10,11,9,9,13.67,0,3,3.0
Central City,2026-05-01,11,7,7,7,3.86,0,3,2.33
Central City,2026-05-01,12,3,3,3,0.0,0,3,1.0
Central City,2026-05-01,13,3,3,3,0.0,0,3,1.0
Central City,2026-05-01,14,7,7,7,1.14,0,3,2.33
Central City,2026-05-01,15,7,7,6,1.33,1,3,2.33
Central City,2026-05-01,16,4,4,4,0.5,0,3,1.33
Central City,2026-05-02,8,4,4,4,0.0,0,2,2.0
Central City,2026-05-02,9,9,9,9,13.89,0,3,3.0
Central City,2026-05-02,10,17,15,11,45.18,4,3,5.0
Central City,2026-05-02,11,9,9,9,37.67,0,3,3.0
Central City,2026-05-02,12,11,11,8,20.88,3,3,3.67
Central City,2026-05-04,8,1,1,1,0.0,0,2,0.5
Central City,2026-05-04,9,8,6,5,0.0,1,3,2.0
Central City,2026-05-04,10,10,7,6,22.83,1,3,2.33
Central City,2026-05-04,11,6,6,6,9.0,0,3,2.0
Central City,2026-05-04,12,4,4,4,3.5,0,3,1.33
Central City,2026-05-04,13,2,2,2,0.0,0,3,0.67
Central City,2026-05-04,14,3,3,3,0.0,0,3,1.0
Central City,2026-05-04,15,8,8,7,0.43,1,3,2.67
Central City,2026-05-04,16,11,11,11,25.55,0,3,3.67
Central City,2026-05-05,8,1,1,1,0.0,0,2,0.5
Central City,2026-05-05,9,6,6,6,0.0,0,3,2.0
Central City,2026-05-05,10,6,4,4,0.0,0,3,1.33
Central City,2026-05-05,11,6,5,5,0.0,0,3,1.67
Central City,2026-05-05,12,4,3,3,6.0,0,3,1.0
Central City,2026-05-05,13,3,3,3,0.0,0,3,1.0
Central City,2026-05-05,14,9,9,8,6.62,1,3,3.0
Central City,2026-05-05,15,13,13,13,45.08,0,3,4.33
Central City,2026-05-05,16,4,3,3,39.67,0,3,1.0
Central City,2026-05-06,8,3,2,2,0.0,0,2,1.0
Central City,2026-05-06,9,8,6,5,1.0,1,3,2.0
Central City,2026-05-06,10,5,4,3,0.0,1,3,1.33
Central City,2026-05-06,11,3,2,2,0.0,0,3,0.67
Central City,2026-05-06,12,4,4,4,0.0,0,3,1.33
Central City,2026-05-06,13,7,7,7,0.0,0,3,2.33
Central City,2026-05-06,14,9,8,8,11.0,0,3,2.67
Central City,2026-05-06,15,11,11,10,15.3,1,3,3.67
Central City,2026-05-06,16,4,3,3,39.0,0,3,1.0
Central City,2026-05-07,9,9,8,8,9.0,0,3,2.67
Central City,2026-05-07,10,10,9,8,18.88,1,3,3.0
Central City,2026-05-07,11,8,7,6,16.67,1,3,2.33
Central City,2026-05-07,12,2,2,2,0.0,0,3,0.67
Central City,2026-05-07,13,1,1,1,0.0,0,3,0.33
Central City,2026-05-07,14,9,9,6,5.33,3,3,3.0
Central City,2026-05-07,15,10,10,9,23.44,1,3,3.33
Central City,2026-05-07,16,4,4,2,4.0,2,3,1.33
Central City,2026-05-08,9,7,7,7,2.57,0,3,2.33
Central City,2026-05-08,10,18,17,14,40.14,3,3,5.67
Central City,2026-05-08,11,12,12,8,68.5,4,3,4.0
Central City,2026-05-08,12,3,3,3,62.0,0,3,1.0
Central City,2026-05-08,13,3,3,3,35.33,0,3,1.0
Central City,2026-05-08,14,5,4,4,0.0,0,3,1.33
Central City,2026-05-08,15,11,11,10,4.4,1,3,3.67
Central City,2026-05-08,16,8,6,6,3.83,0,3,2.0
Central City,2026-05-09,8,2,2,2,0.0,0,2,1.0
Central City,2026-05-09,9,6,6,6,2.83,0,3,2.0
Central City,2026-05-09,10,10,8,8,0.88,0,3,2.67
Central City,2026-05-09,11,10,9,9,20.22,0,3,3.0
Central City,2026-05-09,12,1,1,1,0.0,0,3,0.33
Central City,2026-05-11,7,1,1,1,7.0,0,0,
Central City,2026-05-11,8,5,5,4,0.5,1,2,2.5
Central City,2026-05-11,9,11,9,9,6.56,0,3,3.0
Central City,2026-05-11,10,10,8,8,28.88,0,3,2.67
Central City,2026-05-11,11,4,2,2,20.5,0,3,0.67
Central City,2026-05-11,12,4,3,3,0.0,0,3,1.0
Central City,2026-05-11,13,2,2,2,0.0,0,3,0.67
Central City,2026-05-11,14,5,5,5,0.0,0,3,1.67
Central City,2026-05-11,15,9,9,8,2.12,1,3,3.0
Central City,2026-05-11,16,10,9,9,11.33,0,3,3.0
Central City,2026-05-11,17,1,1,1,0.0,0,0,
Central City,2026-05-12,8,3,3,3,0.0,0,2,1.5
Central City,2026-05-12,9,10,10,10,4.8,0,3,3.33
Central City,2026-05-12,10,14,14,14,34.07,0,3,4.67
Central City,2026-05-12,11,10,8,3,40.0,5,3,2.67
Central City,2026-05-12,12,5,5,5,7.4,0,3,1.67
Central City,2026-05-12,13,3,3,3,0.0,0,3,1.0
Central City,2026-05-12,14,8,7,7,0.29,0,3,2.33
Central City,2026-05-12,15,12,12,12,13.0,0,3,4.0
Central City,2026-05-12,16,4,4,4,14.0,0,3,1.33
Central City,2026-05-12,17,1,1,1,0.0,0,0,
Central City,2026-05-13,8,4,4,3,5.0,1,2,2.0
Central City,2026-05-13,9,6,5,5,0.8,0,3,1.67
Central City,2026-05-13,10,11,10,10,4.9,0,3,3.33
Central City,2026-05-13,11,7,7,7,22.57,0,3,2.33
Central City,2026-05-13,13,3,3,3,0.0,0,3,1.0
Central City,2026-05-13,14,7,6,5,2.4,1,3,2.0
Central City,2026-05-13,15,7,7,7,4.57,0,3,2.33
Central City,2026-05-13,16,7,7,6,0.17,1,3,2.33
Central City,2026-05-14,7,2,2,2,8.5,0,0,
Central City,2026-05-14,8,1,0,0,,0,2,0.0
Central City,2026-05-14,9,9,8,7,1.43,1,3,2.67
Central City,2026-05-14,10,6,5,4,6.25,1,3,1.67
Central City,2026-05-14,11,5,5,5,0.0,0,3,1.67
Central City,2026-05-14,12,5,4,4,0.0,0,3,1.33
Central City,2026-05-14,13,4,3,3,0.0,0,3,1.0
Central City,2026-05-14,14,8,8,8,3.62,0,3,2.67
Central City,2026-05-14,15,8,7,7,10.14,0,3,2.33
Central City,2026-05-14,16,10,9,9,2.56,0,3,3.0
Central City,2026-05-15,7,1,1,1,9.0,0,0,
Central City,2026-05-15,8,3,3,3,0.0,0,2,1.5
Central City,2026-05-15,9,8,8,7,0.71,1,3,2.67
Central City,2026-05-15,10,4,4,4,0.0,0,3,1.33
Central City,2026-05-15,11,2,2,2,0.0,0,3,0.67
Central City,2026-05-15,12,6,5,4,0.0,1,3,1.67
Central City,2026-05-15,13,3,3,3,0.0,0,3,1.0
Central City,2026-05-15,14,2,2,2,0.0,0,3,0.67
Central City,2026-05-15,15,7,7,7,0.0,0,3,2.33
Central City,2026-05-15,16,4,4,4,0.0,0,3,1.33
Central City,2026-05-16,8,5,4,4,1.25,0,2,2.0
Central City,2026-05-16,9,12,11,10,5.8,1,3,3.67
Central City,2026-05-16,10,13,10,9,8.89,1,3,3.33
Central City,2026-05-16,11,4,4,4,15.75,0,3,1.33
Central City,2026-05-16,12,2,2,2,0.0,0,3,0.67
Central City,2026-05-18,8,5,4,4,0.25,0,2,2.0
Central City,2026-05-18,9,9,7,7,2.29,0,3,2.33
Central City,2026-05-18,10,15,14,12,20.92,2,3,4.67
Central City,2026-05-18,11,9,9,6,33.0,3,3,3.0
Central City,2026-05-18,12,3,2,2,17.5,0,3,0.67
Central City,2026-05-18,13,4,4,4,0.0,0,3,1.33
Central City,2026-05-18,14,6,6,6,0.17,0,3,2.0
Central City,2026-05-18,15,14,10,10,14.1,0,3,3.33
Central City,2026-05-18,16,9,8,8,9.75,0,3,2.67
Central City,2026-05-19,8,3,2,2,0.0,0,2,1.0
Central City,2026-05-19,9,6,6,6,2.17,0,3,2.0
Central City,2026-05-19,10,6,6,6,10.17,0,3,2.0
Central City,2026-05-19,11,9,9,8,6.75,1,3,3.0
Central City,2026-05-19,12,1,1,1,0.0,0,3,0.33
Central City,2026-05-19,13,5,5,5,0.0,0,3,1.67
Central City,2026-05-19,14,6,5,5,1.0,0,3,1.67
Central City,2026-05-19,15,11,10,8,4.75,2,3,3.33
Central City,2026-05-19,16,4,4,4,0.0,0,3,1.33
Central City,2026-05-19,17,1,1,1,0.0,0,0,
Central City,2026-05-20,7,1,1,1,2.0,0,0,
Central City,2026-05-20,8,4,1,1,0.0,0,2,0.5
Central City,2026-05-20,9,8,8,7,2.14,1,3,2.67
Central City,2026-05-20,10,15,15,13,28.62,2,3,5.0
Central City,2026-05-20,11,3,3,2,41.5,1,3,1.0
Central City,2026-05-20,12,6,6,6,0.83,0,3,2.0
Central City,2026-05-20,13,3,3,3,0.0,0,3,1.0
Central City,2026-05-20,14,8,8,8,0.38,0,3,2.67
Central City,2026-05-20,15,10,10,9,8.89,1,3,3.33
Central City,2026-05-20,16,10,10,9,16.11,1,3,3.33
Central City,2026-05-21,7,1,1,1,5.0,0,0,
Central City,2026-05-21,8,4,3,3,0.0,0,2,1.5
Central City,2026-05-21,9,5,5,4,2.0,1,3,1.67
Central City,2026-05-21,10,11,11,10,10.4,1,3,3.67
Central City,2026-05-21,11,7,6,6,16.83,0,3,2.0
Central City,2026-05-21,12,3,2,2,0.0,0,3,0.67
Central City,2026-05-21,13,4,3,2,0.0,1,3,1.0
Central City,2026-05-21,14,7,6,6,0.0,0,3,2.0
Central City,2026-05-21,15,9,9,9,2.78,0,3,3.0
Central City,2026-05-21,16,7,7,7,7.0,0,3,2.33
Central City,2026-05-22,8,1,1,1,0.0,0,2,0.5
Central City,2026-05-22,9,5,5,4,0.0,1,3,1.67
Central City,2026-05-22,10,18,15,13,16.31,2,3,5.0
Central City,2026-05-22,11,7,6,5,42.4,1,3,2.0
Central City,2026-05-22,12,2,2,2,5.0,0,3,0.67
Central City,2026-05-22,13,6,6,6,1.17,0,3,2.0
Central City,2026-05-22,14,5,5,5,0.0,0,3,1.67
Central City,2026-05-22,15,10,10,9,8.0,1,3,3.33
Central City,2026-05-22,16,7,6,5,8.4,1,3,2.0
Central City,2026-05-23,8,3,2,2,0.0,0,2,1.0
Central City,2026-05-23,9,12,10,10,11.8,0,3,3.33
Central City,2026-05-23,10,13,11,9,31.89,2,3,3.67
Central City,2026-05-23,11,8,7,6,31.17,1,3,2.33
Central City,2026-05-23,12,3,3,3,5.33,0,3,1.0
Central City,2026-05-25,8,3,3,3,0.0,0,2,1.5
Central City,2026-05-25,9,3,3,3,0.0,0,3,1.0
Central City,2026-05-25,10,9,7,6,2.67,1,3,2.33
Central City,2026-05-25,11,6,6,6,1.33,0,3,2.0
Central City,2026-05-25,12,3,3,3,0.0,0,3,1.0
Central City,2026-05-25,13,5,5,5,1.0,0,3,1.67
Central City,2026-05-25,14,7,6,6,4.67,0,3,2.0
Central City,2026-05-25,15,13,11,10,16.5,1,3,3.67
Central City,2026-05-25,16,8,7,7,28.57,0,3,2.33
Central City,2026-05-26,8,4,3,3,0.0,0,2,1.5
Central City,2026-05-26,9,8,8,8,0.5,0,3,2.67
Central City,2026-05-26,10,10,9,8,0.38,1,3,3.0
Central City,2026-05-26,11,5,5,4,0.0,1,3,1.67
Central City,2026-05-26,12,2,2,2,0.0,0,3,0.67
Central City,2026-05-26,13,4,4,4,5.75,0,3,1.33
Central City,2026-05-26,14,7,7,7,21.86,0,3,2.33
Central City,2026-05-26,15,12,12,9,24.33,3,3,4.0
Central City,2026-05-26,16,8,5,4,34.0,1,3,1.67
Central City,2026-05-27,8,4,4,4,6.75,0,2,2.0
Central City,2026-05-27,9,6,6,6,2.67,0,3,2.0
Central City,2026-05-27,10,9,8,7,9.43,1,3,2.67
Central City,2026-05-27,11,9,9,7,35.71,2,3,3.0
Central City,2026-05-27,12,4,4,2,2.0,2,3,1.33
Central City,2026-05-27,13,2,2,2,0.0,0,3,0.67
Central City,2026-05-27,14,7,7,6,4.33,1,3,2.33
Central City,2026-05-27,15,15,14,12,28.58,2,3,4.67
Central City,2026-05-27,16,7,6,5,6.0,1,3,2.0
Central City,2026-05-28,8,3,3,3,0.0,0,2,1.5
Central City,2026-05-28,9,8,7,7,0.57,0,3,2.33
Central City,2026-05-28,10,8,6,6,12.83,0,3,2.0
Central City,2026-05-28,11,8,8,8,44.25,0,3,2.67
Central City,2026-05-28,12,4,4,3,8.0,1,3,1.33
Central City,2026-05-28,13,1,1,1,0.0,0,3,0.33
Central City,2026-05-28,14,1,1,1,0.0,0,3,0.33
Central City,2026-05-28,15,10,10,10,18.4,0,3,3.33
Central City,2026-05-28,16,8,7,6,21.33,1,3,2.33
Central City,2026-05-28,17,1,1,1,8.0,0,0,
Central City,2026-05-29,7,1,1,1,13.0,0,0,
Central City,2026-05-29,9,5,5,5,0.0,0,3,1.67
Central City,2026-05-29,10,11,11,11,15.27,0,3,3.67
Central City,2026-05-29,11,7,7,7,23.71,0,3,2.33
Central City,2026-05-29,13,3,3,3,0.0,0,3,1.0
Central City,2026-05-29,14,8,8,8,1.88,0,3,2.67
Central City,2026-05-29,15,14,14,14,16.07,0,3,4.67
Central City,2026-05-29,16,5,4,4,21.25,0,3,1.33
Central City,2026-05-30,8,8,7,7,3.0,0,2,3.5
Central City,2026-05-30,9,7,6,6,0.0,0,3,2.0
Central City,2026-05-30,10,12,11,11,12.73,0,3,3.67
Central City,2026-05-30,11,9,8,7,25.86,1,3,2.67
Central City,2026-05-30,12,2,2,2,0.0,0,3,0.67
Central City,2026-06-01,7,1,1,1,19.0,0,0,
Central City,2026-06-01,8,2,2,2,0.0,0,2,1.0
Central City,2026-06-01,9,9,9,9,7.56,0,3,3.0
Central City,2026-06-01,10,9,9,7,23.57,2,3,3.0
Central City,2026-06-01,11,8,6,6,2.5,0,3,2.0
Central City,2026-06-01,12,5,3,3,0.0,0,3,1.0
Central City,2026-06-01,13,7,7,7,0.0,0,3,2.33
Central City,2026-06-01,14,12,12,11,10.45,1,3,4.0
Central City,2026-06-01,15,12,10,10,28.6,0,3,3.33
Central City,2026-06-01,16,9,8,6,36.5,2,3,2.67
Central City,2026-06-02,8,6,5,5,0.0,0,2,2.5
Central City,2026-06-02,9,7,6,6,7.17,0,3,2.0
Central City,2026-06-02,10,2,2,2,0.0,0,3,0.67
Central City,2026-06-02,11,7,6,6,0.17,0,3,2.0
Central City,2026-06-02,12,4,3,3,0.0,0,3,1.0
Central City,2026-06-02,13,4,4,4,0.0,0,3,1.33
Central City,2026-06-02,14,12,12,12,7.25,0,3,4.0
Central City,2026-06-02,15,6,5,5,8.6,0,3,1.67
Central City,2026-06-02,16,9,9,9,6.89,0,3,3.0
Central City,2026-06-03,8,6,5,5,3.2,0,2,2.5
Central City,2026-06-03,9,7,7,7,9.86,0,3,2.33
Central City,2026-06-03,10,8,6,6,1.5,0,3,2.0
Central City,2026-06-03,11,3,2,2,0.0,0,3,0.67
Central City,2026-06-03,12,5,5,5,0.0,0,3,1.67
Central City,2026-06-03,13,3,3,3,0.0,0,3,1.0
Central City,2026-06-03,14,2,2,2,0.0,0,3,0.67
Central City,2026-06-03,15,14,13,12,13.08,1,3,4.33
Central City,2026-06-03,16,13,10,9,44.33,1,3,3.33
Central City,2026-06-04,8,6,6,6,5.67,0,2,3.0
Central City,2026-06-04,9,5,5,5,4.0,0,3,1.67
Central City,2026-06-04,10,8,8,7,11.29,1,3,2.67
Central City,2026-06-04,11,10,10,10,2.0,0,3,3.33
Central City,2026-06-04,12,5,4,4,1.25,0,3,1.33
Central City,2026-06-04,13,3,3,2,0.0,1,3,1.0
Central City,2026-06-04,14,3,2,1,0.0,1,3,0.67
Central City,2026-06-04,15,7,7,7,0.57,0,3,2.33
Central City,2026-06-04,16,4,3,3,0.0,0,3,1.0
Central City,2026-06-05,8,2,2,2,0.0,0,2,1.0
Central City,2026-06-05,9,10,8,8,0.62,0,3,2.67
Central City,2026-06-05,10,6,5,5,1.0,0,3,1.67
Central City,2026-06-05,11,11,11,10,28.6,1,3,3.67
Central City,2026-06-05,12,2,2,2,17.5,0,3,0.67
Central City,2026-06-05,13,3,3,3,0.0,0,3,1.0
Central City,2026-06-05,14,5,4,4,0.0,0,3,1.33
Central City,2026-06-05,15,6,4,4,0.0,0,3,1.33
Central City,2026-06-05,16,9,9,7,1.71,2,3,3.0
Central City,2026-06-06,8,6,5,5,4.2,0,2,2.5
Central City,2026-06-06,9,8,7,7,6.57,0,3,2.33
Central City,2026-06-06,10,10,10,9,18.33,1,3,3.33
Central City,2026-06-06,11,8,7,7,1.71,0,3,2.33
Central City,2026-06-06,12,1,1,1,12.0,0,3,0.33
Central City,2026-06-08,8,2,2,2,0.0,0,2,1.0
Central City,2026-06-08,9,3,3,3,0.0,0,3,1.0
Central City,2026-06-08,10,6,6,6,3.0,0,3,2.0
Central City,2026-06-08,11,6,6,6,6.67,0,3,2.0
Central City,2026-06-08,12,5,5,5,0.0,0,3,1.67
Central City,2026-06-08,14,7,6,6,0.0,0,3,2.0
Central City,2026-06-08,15,17,16,13,38.31,3,3,5.33
Central City,2026-06-08,16,8,7,4,50.75,3,3,2.33
Central City,2026-06-09,7,1,1,1,13.0,0,0,
Central City,2026-06-09,8,2,2,2,3.0,0,2,1.0
Central City,2026-06-09,9,7,7,7,0.57,0,3,2.33
Central City,2026-06-09,10,8,8,8,2.25,0,3,2.67
Central City,2026-06-09,11,3,3,3,0.0,0,3,1.0
Central City,2026-06-09,12,3,2,1,0.0,1,3,0.67
Central City,2026-06-09,13,4,3,3,0.0,0,3,1.0
Central City,2026-06-09,14,2,1,1,0.0,0,3,0.33
Central City,2026-06-09,15,10,8,8,5.12,0,3,2.67
Central City,2026-06-09,16,7,6,5,14.8,1,3,2.0
Central City,2026-06-10,7,1,1,1,18.0,0,0,
Central City,2026-06-10,8,5,5,5,6.0,0,2,2.5
Central City,2026-06-10,9,5,5,4,0.0,1,3,1.67
Central City,2026-06-10,10,8,8,8,2.75,0,3,2.67
Central City,2026-06-10,11,3,3,3,0.33,0,3,1.0
Central City,2026-06-10,12,5,5,5,1.6,0,3,1.67
Central City,2026-06-10,13,3,3,3,10.33,0,3,1.0
Central City,2026-06-10,14,3,3,3,0.0,0,3,1.0
Central City,2026-06-10,15,6,6,6,0.0,0,3,2.0
Central City,2026-06-10,16,8,8,8,1.75,0,3,2.67
Central City,2026-06-11,7,2,2,2,9.5,0,0,
Central City,2026-06-11,8,3,1,0,,1,2,0.5
Central City,2026-06-11,9,6,4,3,0.0,1,3,1.33
Central City,2026-06-11,10,13,11,11,11.55,0,3,3.67
Central City,2026-06-11,11,4,4,4,24.75,0,3,1.33
Central City,2026-06-11,12,3,2,2,0.0,0,3,0.67
Central City,2026-06-11,13,1,1,1,0.0,0,3,0.33
Central City,2026-06-11,14,9,8,8,1.0,0,3,2.67
Central City,2026-06-11,15,15,15,14,16.86,1,3,5.0
Central City,2026-06-11,16,5,5,3,23.67,2,3,1.67
Central City,2026-06-12,7,1,1,1,22.0,0,0,
Central City,2026-06-12,8,4,4,4,1.0,0,2,2.0
Central City,2026-06-12,9,3,3,3,0.0,0,3,1.0
Central City,2026-06-12,10,16,15,14,17.5,1,3,5.0
Central City,2026-06-12,11,6,5,4,16.25,1,3,1.67
Central City,2026-06-12,12,2,2,2,0.0,0,3,0.67
Central City,2026-06-12,13,5,5,5,0.4,0,3,1.67
Central City,2026-06-12,14,11,11,10,5.1,1,3,3.67
Central City,2026-06-12,15,8,7,6,2.0,1,3,2.33
Central City,2026-06-12,16,3,3,2,0.0,1,3,1.0
Central City,2026-06-13,8,7,7,7,1.71,0,2,3.5
Central City,2026-06-13,9,3,3,3,1.33,0,3,1.0
Central City,2026-06-13,10,8,8,8,6.0,0,3,2.67
Central City,2026-06-13,11,14,13,12,19.42,1,3,4.33
Central City,2026-06-13,12,4,4,3,38.0,1,3,1.33
Central City,2026-06-15,8,8,6,6,9.0,0,2,3.0
Central City,2026-06-15,9,6,6,6,3.17,0,3,2.0
Central City,2026-06-15,10,10,8,7,11.86,1,3,2.67
Central City,2026-06-15,11,7,7,7,10.14,0,3,2.33
Central City,2026-06-15,12,4,3,3,0.0,0,3,1.0
Central City,2026-06-15,13,3,3,3,0.0,0,3,1.0
Central City,2026-06-15,14,9,8,8,11.38,0,3,2.67
Central City,2026-06-15,15,8,6,6,20.33,0,3,2.0
Central City,2026-06-15,16,5,4,4,7.75,0,3,1.33
Central City,2026-06-16,8,7,6,6,2.5,0,2,3.0
Central City,2026-06-16,9,6,5,5,0.0,0,3,1.67
Central City,2026-06-16,10,5,4,4,0.0,0,3,1.33
Central City,2026-06-16,11,5,5,4,0.0,1,3,1.67
Central City,2026-06-16,12,3,3,3,0.67,0,3,1.0
Central City,2026-06-16,13,2,1,1,0.0,0,3,0.33
Central City,2026-06-16,14,4,4,4,0.0,0,3,1.33
Central City,2026-06-16,15,14,9,9,0.89,0,3,3.0
Central City,2026-06-16,16,8,8,8,29.25,0,3,2.67
Central City,2026-06-17,7,1,1,1,4.0,0,0,
Central City,2026-06-17,8,4,3,3,0.0,0,2,1.5
Central City,2026-06-17,9,7,7,7,1.29,0,3,2.33
Central City,2026-06-17,10,3,2,2,0.0,0,3,0.67
Central City,2026-06-17,11,6,5,5,0.0,0,3,1.67
Central City,2026-06-17,12,6,5,5,0.2,0,3,1.67
Central City,2026-06-17,13,6,6,6,2.17,0,3,2.0
Central City,2026-06-17,14,9,8,8,1.62,0,3,2.67
Central City,2026-06-17,15,9,9,9,8.22,0,3,3.0
Central City,2026-06-17,16,7,7,7,11.43,0,3,2.33
Central City,2026-06-18,8,6,5,5,0.4,0,2,2.5
Central City,2026-06-18,9,7,7,7,4.86,0,3,2.33
Central City,2026-06-18,10,6,6,6,4.83,0,3,2.0
Central City,2026-06-18,11,3,2,2,0.0,0,3,0.67
Central City,2026-06-18,12,4,3,3,0.0,0,3,1.0
Central City,2026-06-18,13,2,2,2,0.0,0,3,0.67
Central City,2026-06-18,14,4,4,4,0.0,0,3,1.33
Central City,2026-06-18,15,10,9,9,6.44,0,3,3.0
Central City,2026-06-18,16,6,6,6,32.33,0,3,2.0
Central City,2026-06-19,8,3,2,2,0.0,0,2,1.0
Central City,2026-06-19,9,7,6,6,3.17,0,3,2.0
Central City,2026-06-19,10,6,6,5,4.4,1,3,2.0
Central City,2026-06-19,11,6,6,6,0.0,0,3,2.0
Central City,2026-06-19,12,4,3,3,0.0,0,3,1.0
Central City,2026-06-19,13,6,3,2,0.0,1,3,1.0
Central City,2026-06-19,14,2,1,1,0.0,0,3,0.33
Central City,2026-06-19,15,10,10,10,10.1,0,3,3.33
Central City,2026-06-19,16,6,5,5,8.2,0,3,1.67
Central City,2026-06-20,8,3,3,3,0.0,0,2,1.5
Central City,2026-06-20,9,6,6,6,8.33,0,3,2.0
Central City,2026-06-20,10,13,13,11,37.27,2,3,4.33
Central City,2026-06-20,11,8,8,6,34.0,2,3,2.67
Central City,2026-06-20,12,3,3,3,15.67,0,3,1.0
Central City,2026-06-22,8,2,2,2,0.0,0,2,1.0
Central City,2026-06-22,9,7,7,7,0.0,0,3,2.33
Central City,2026-06-22,10,10,9,9,12.33,0,3,3.0
Central City,2026-06-22,11,7,3,3,0.0,0,3,1.0
Central City,2026-06-22,12,6,4,4,0.0,0,3,1.33
Central City,2026-06-22,13,6,5,4,0.0,1,3,1.67
Central City,2026-06-22,14,2,2,2,0.0,0,3,0.67
Central City,2026-06-22,15,11,9,9,8.56,0,3,3.0
Central City,2026-06-22,16,12,11,10,6.3,1,3,3.67
Central City,2026-06-23,8,3,2,2,0.0,0,2,1.0
Central City,2026-06-23,9,2,2,2,0.0,0,3,0.67
Central City,2026-06-23,10,8,8,8,1.88,0,3,2.67
Central City,2026-06-23,11,5,5,5,0.2,0,3,1.67
Central City,2026-06-23,12,4,4,4,0.0,0,3,1.33
Central City,2026-06-23,13,3,3,3,0.0,0,3,1.0
Central City,2026-06-23,14,10,9,9,0.56,0,3,3.0
Central City,2026-06-23,15,11,11,10,18.5,1,3,3.67
Central City,2026-06-23,16,8,8,6,19.17,2,3,2.67
Central City,2026-06-24,8,2,2,2,0.0,0,2,1.0
Central City,2026-06-24,9,6,5,5,1.4,0,3,1.67
Central City,2026-06-24,10,12,11,11,15.27,0,3,3.67
Central City,2026-06-24,11,5,4,2,26.5,2,3,1.33
Central City,2026-06-24,12,4,2,2,0.0,0,3,0.67
Central City,2026-06-24,13,3,3,3,0.0,0,3,1.0
Central City,2026-06-24,14,8,8,8,2.0,0,3,2.67
Central City,2026-06-24,15,5,5,5,0.0,0,3,1.67
Central City,2026-06-24,16,7,7,7,0.14,0,3,2.33
Central City,2026-06-25,7,1,1,1,9.0,0,0,
Central City,2026-06-25,8,3,3,3,0.0,0,2,1.5
Central City,2026-06-25,9,5,4,4,0.0,0,3,1.33
Central City,2026-06-25,10,12,10,10,3.4,0,3,3.33
Central City,2026-06-25,11,7,6,6,3.5,0,3,2.0
Central City,2026-06-25,12,5,4,4,0.0,0,3,1.33
Central City,2026-06-25,13,5,5,5,0.0,0,3,1.67
Central City,2026-06-25,14,2,1,1,0.0,0,3,0.33
Central City,2026-06-25,15,8,8,8,0.25,0,3,2.67
Central City,2026-06-25,16,9,9,7,11.0,2,3,3.0
Central City,2026-06-25,17,2,2,2,0.0,0,0,
Central City,2026-06-26,9,5,5,5,0.0,0,3,1.67
Central City,2026-06-26,10,10,9,8,3.75,1,3,3.0
Central City,2026-06-26,11,6,6,5,3.4,1,3,2.0
Central City,2026-06-26,12,3,2,2,0.0,0,3,0.67
Central City,2026-06-26,13,3,3,2,0.0,1,3,1.0
Central City,2026-06-26,14,10,9,9,7.56,0,3,3.0
Central City,2026-06-26,15,12,12,11,38.64,1,3,4.0
Central City,2026-06-26,16,9,9,8,39.62,1,3,3.0
Central City,2026-06-27,7,1,1,1,1.0,0,0,
Central City,2026-06-27,8,2,2,2,0.0,0,2,1.0
Central City,2026-06-27,9,11,10,10,3.8,0,3,3.33
Central City,2026-06-27,10,13,13,13,36.62,0,3,4.33
Central City,2026-06-27,11,6,6,6,33.33,0,3,2.0
Central City,2026-06-27,12,6,6,5,9.8,1,3,2.0
Central City,2026-06-29,7,1,1,1,5.0,0,0,
Central City,2026-06-29,8,5,5,5,4.4,0,2,2.5
Central City,2026-06-29,9,5,5,5,0.0,0,3,1.67
Central City,2026-06-29,10,8,7,6,0.0,1,3,2.33
Central City,2026-06-29,11,13,12,9,28.67,3,3,4.0
Central City,2026-06-29,12,3,3,3,0.0,0,3,1.0
Central City,2026-06-29,13,5,3,3,0.0,0,3,1.0
Central City,2026-06-29,14,3,3,3,0.0,0,3,1.0
Central City,2026-06-29,15,12,11,10,1.7,1,3,3.67
Central City,2026-06-29,16,3,2,2,0.0,0,3,0.67
Central City,2026-06-30,8,2,2,2,0.0,0,2,1.0
Central City,2026-06-30,9,4,3,3,0.0,0,3,1.0
Central City,2026-06-30,10,8,8,7,0.71,1,3,2.67
Central City,2026-06-30,11,5,4,4,2.25,0,3,1.33
Central City,2026-06-30,12,4,4,4,3.75,0,3,1.33
Central City,2026-06-30,13,2,1,1,0.0,0,3,0.33
Central City,2026-06-30,14,3,2,2,0.0,0,3,0.67
Central City,2026-06-30,15,16,16,16,25.56,0,3,5.33
Central City,2026-06-30,16,2,2,2,5.0,0,3,0.67
Lakeside,2026-01-01,9,5,5,5,0.4,0,3,1.67
Lakeside,2026-01-01,10,2,2,2,0.0,0,3,0.67
Lakeside,2026-01-01,11,1,1,1,0.0,0,3,0.33
Lakeside,2026-01-01,12,5,4,4,0.0,0,3,1.33
Lakeside,2026-01-01,13,1,1,1,0.0,0,3,0.33
Lakeside,2026-01-01,15,6,6,6,0.0,0,3,2.0
Lakeside,2026-01-01,16,1,1,1,0.0,0,3,0.33
Lakeside,2026-01-02,8,5,4,4,0.25,0,2,2.0
Lakeside,2026-01-02,9,1,1,1,0.0,0,3,0.33
Lakeside,2026-01-02,10,5,5,5,0.0,0,3,1.67
Lakeside,2026-01-02,11,4,4,4,0.0,0,3,1.33
Lakeside,2026-01-02,13,1,1,1,0.0,0,3,0.33
Lakeside,2026-01-02,14,3,2,2,0.0,0,3,0.67
Lakeside,2026-01-02,15,4,4,4,0.0,0,3,1.33
Lakeside,2026-01-02,16,2,2,2,0.0,0,3,0.67
Lakeside,2026-01-03,7,1,1,1,1.0,0,0,
Lakeside,2026-01-03,9,4,3,3,0.0,0,3,1.0
Lakeside,2026-01-03,10,7,7,6,0.0,1,3,2.33
Lakeside,2026-01-03,11,7,7,7,0.43,0,3,2.33
Lakeside,2026-01-03,12,1,0,0,,0,3,0.0
Lakeside,2026-01-05,8,2,2,2,0.0,0,2,1.0
Lakeside,2026-01-05,9,3,3,2,0.0,1,3,1.0
Lakeside,2026-01-05,10,2,1,1,0.0,0,3,0.33
Lakeside,2026-01-05,11,2,1,1,0.0,0,3,0.33
Lakeside,2026-01-05,12,2,2,2,0.0,0,3,0.67
Lakeside,2026-01-05,13,2,2,2,0.0,0,3,0.67
Lakeside,2026-01-05,14,7,6,6,0.0,0,3,2.0
Lakeside,2026-01-05,15,6,6,5,0.2,1,3,2.0
Lakeside,2026-01-05,16,9,9,9,6.67,0,3,3.0
Lakeside,2026-01-06,7,1,1,1,9.0,0,0,
Lakeside,2026-01-06,9,8,6,6,0.0,0,3,2.0
Lakeside,2026-01-06,10,8,6,5,0.0,1,3,2.0
Lakeside,2026-01-06,11,8,6,6,3.0,0,3,2.0
Lakeside,2026-01-06,12,2,2,2,0.0,0,3,0.67
Lakeside,2026-01-06,13,2,2,2,0.0,0,3,0.67
Lakeside,2026-01-06,14,4,4,4,0.0,0,3,1.33
Lakeside,2026-01-06,15,2,2,2,0.0,0,3,0.67
Lakeside,2026-01-06,16,4,4,4,0.0,0,3,1.33
Lakeside,2026-01-07,7,1,1,1,6.0,0,0,
Lakeside,2026-01-07,8,2,1,1,0.0,0,2,0.5
Lakeside,2026-01-07,9,9,9,9,0.78,0,3,3.0
Lakeside,2026-01-07,10,5,5,5,0.0,0,3,1.67
Lakeside,2026-01-07,11,4,4,4,0.0,0,3,1.33
Lakeside,2026-01-07,12,2,2,1,0.0,1,3,0.67
Lakeside,2026-01-07,14,4,4,4,0.0,0,3,1.33
Lakeside,2026-01-07,15,5,5,4,0.0,1,3,1.67
Lakeside,2026-01-07,16,4,2,2,0.0,0,3,0.67
Lakeside,2026-01-08,8,1,1,1,0.0,0,2,0.5
Lakeside,2026-01-08,9,4,4,4,0.0,0,3,1.33
Lakeside,2026-01-08,10,8,8,7,1.86,1,3,2.67
Lakeside,2026-01-08,11,7,7,6,0.33,1,3,2.33
Lakeside,2026-01-08,12,1,1,1,0.0,0,3,0.33
Lakeside,2026-01-08,13,1,1,1,0.0,0,3,0.33
Lakeside,2026-01-08,14,2,1,1,0.0,0,3,0.33
Lakeside,2026-01-08,15,9,9,9,2.33,0,3,3.0
Lakeside,2026-01-08,16,4,4,4,0.0,0,3,1.33
Lakeside,2026-01-09,8,1,0,0,,0,2,0.0
Lakeside,2026-01-09,9,7,6,6,1.5,0,3,2.0
Lakeside,2026-01-09,10,8,8,7,0.86,1,3,2.67
Lakeside,2026-01-09,11,1,1,1,0.0,0,3,0.33
Lakeside,2026-01-09,12,3,3,3,0.0,0,3,1.0
Lakeside,2026-01-09,14,4,4,3,0.0,1,3,1.33
Lakeside,2026-01-09,15,7,7,7,2.57,0,3,2.33
Lakeside,2026-01-09,16,3,3,3,0.0,0,3,1.0
Lakeside,2026-01-10,8,3,3,3,0.0,0,2,1.5
Lakeside,2026-01-10,9,2,1,1,0.0,0,3,0.33
Lakeside,2026-01-10,10,10,10,10,3.5,0,3,3.33
Lakeside,2026-01-10,11,4,4,4,3.25,0,3,1.33
Lakeside,2026-01-10,12,2,2,2,0.0,0,3,0.67
Lakeside,2026-01-12,8,5,5,5,1.6,0,2,2.5
Lakeside,2026-01-12,9,7,6,5,0.0,1,3,2.0
Lakeside,2026-01-12,10,4,4,4,0.0,0,3,1.33
Lakeside,2026-01-12,11,3,3,3,0.0,0,3,1.0
Lakeside,2026-01-12,13,4,4,3,0.0,1,3,1.33
Lakeside,2026-01-12,14,5,5,5,1.0,0,3,1.67
Lakeside,2026-01-12,15,6,5,5,0.0,0,3,1.67
Lakeside,2026-01-12,16,7,6,6,0.0,0,3,2.0
Lakeside,2026-01-13,8,1,1,1,0.0,0,2,0.5
Lakeside,2026-01-13,9,6,6,5,0.0,1,3,2.0
Lakeside,2026-01-13,10,3,3,3,0.0,0,3,1.0
Lakeside,2026-01-13,11,1,1,1,0.0,0,3,0.33
Lakeside,2026-01-13,12,4,4,4,0.0,0,3,1.33
Lakeside,2026-01-13,14,7,5,5,0.0,0,3,1.67
Lakeside,2026-01-13,15,4,4,4,0.0,0,3,1.33
Lakeside,2026-01-13,16,5,5,5,0.0,0,3,1.67
Lakeside,2026-01-14,8,4,4,2,0.0,2,2,2.0
Lakeside,2026-01-14,9,2,2,2,0.0,0,3,0.67
Lakeside,2026-01-14,10,6,6,6,0.0,0,3,2.0
Lakeside,2026-01-14,11,1,1,1,0.0,0,3,0.33
Lakeside,2026-01-14,12,6,6,6,0.0,0,3,2.0
Lakeside,2026-01-14,13,2,2,2,0.0,0,3,0.67
Lakeside,2026-01-14,14,9,8,8,0.0,0,3,2.67
Lakeside,2026-01-14,15,1,1,1,0.0,0,3,0.33
Lakeside,2026-01-14,16,1,1,1,0.0,0,3,0.33
Lakeside,2026-01-15,7,1,1,1,6.0,0,0,
Lakeside,2026-01-15,8,3,3,3,0.0,0,2,1.5
Lakeside,2026-01-15,9,2,2,2,0.0,0,3,0.67
Lakeside,2026-01-15,10,7,6,6,0.0,0,3,2.0
Lakeside,2026-01-15,11,3,3,3,0.0,0,3,1.0
Lakeside,2026-01-15,12,1,1,1,0.0,0,3,0.33
Lakeside,2026-01-15,13,2,2,2,0.0,0,3,0.67
Lakeside,2026-01-15,14,4,4,4,0.0,0,3,1.33
Lakeside,2026-01-15,15,5,5,5,0.0,0,3,1.67
Lakeside,2026-01-15,16,3,3,3,0.0,0,3,1.0
Lakeside,2026-01-16,8,3,3,3,0.0,0,2,1.5
Lakeside,2026-01-16,9,6,6,6,3.33,0,3,2.0
Lakeside,2026-01-16,10,4,4,4,0.0,0,3,1.33
Lakeside,2026-01-16,11,4,4,4,0.0,0,3,1.33
Lakeside,2026-01-16,13,1,1,1,0.0,0,3,0.33
Lakeside,2026-01-16,14,5,5,5,0.0,0,3,1.67
Lakeside,2026-01-16,15,5,4,4,0.0,0,3,1.33
Lakeside,2026-01-16,16,1,1,1,0.0,0,3,0.33
Lakeside,2026-01-17,8,4,4,4,0.0,0,2,2.0
Lakeside,2026-01-17,9,7,6,6,0.33,0,3,2.0
Lakeside,2026-01-17,10,12,12,11,10.0,1,3,4.0
Lakeside,2026-01-17,11,3,2,2,0.0,0,3,0.67
Lakeside,2026-01-17,12,2,2,2,0.0,0,3,0.67
Lakeside,2026-01-19,7,1,1,1,8.0,0,0,
Lakeside,2026-01-19,8,3,2,2,0.0,0,2,1.0
Lakeside,2026-01-19,9,5,5,5,0.0,0,3,1.67
Lakeside,2026-01-19,10,9,9,8,0.62,1,3,3.0
Lakeside,2026-01-19,11,4,4,4,0.0,0,3,1.33
Lakeside,2026-01-19,12,3,3,3,0.0,0,3,1.0
Lakeside,2026-01-19,13,1,1,1,0.0,0,3,0.33
Lakeside,2026-01-19,14,2,2,2,0.0,0,3,0.67
Lakeside,2026-01-19,15,8,6,6,0.0,0,3,2.0
Lakeside,2026-01-20,9,4,3,3,0.0,0,3,1.0
Lakeside,2026-01-20,10,9,8,8,1.5,0,3,2.67
Lakeside,2026-01-20,11,4,4,3,0.0,1,3,1.33
Lakeside,2026-01-20,12,4,4,4,0.0,0,3,1.33
Lakeside,2026-01-20,13,1,1,1,0.0,0,3,0.33
Lakeside,2026-01-20,14,3,3,3,0.0,0,3,1.0
Lakeside,2026-01-20,15,6,6,6,1.33,0,3,2.0
Lakeside,2026-01-20,16,5,5,5,4.8,0,3,1.67
Lakeside,2026-01-21,8,1,1,1,0.0,0,2,0.5
Lakeside,2026-01-21,9,5,5,5,0.0,0,3,1.67
Lakeside,2026-01-21,10,7,7,7,3.14,0,3,2.33
Lakeside,2026-01-21,11,2,2,2,0.0,0,3,0.67
Lakeside,2026-01-21,12,2,2,2,0.0,0,3,0.67
Lakeside,2026-01-21,13,1,1,1,0.0,0,3,0.33
Lakeside,2026-01-21,14,5,5,5,0.0,0,3,1.67
Lakeside,2026-01-21,15,2,2,2,0.0,0,3,0.67
Lakeside,2026-01-21,16,2,2,2,0.0,0,3,0.67
Lakeside,2026-01-21,17,2,2,1,0.0,1,0,
Lakeside,2026-01-22,8,2,2,2,0.0,0,2,1.0
Lakeside,2026-01-22,9,3,2,2,0.0,0,3,0.67
Lakeside,2026-01-22,10,4,3,3,0.0,0,3,1.0
Lakeside,2026-01-22,11,1,1,1,0.0,0,3,0.33
Lakeside,2026-01-22,12,1,1,1,0.0,0,3,0.33
Lakeside,2026-01-22,13,3,3,2,0.0,1,3,1.0
Lakeside,2026-01-22,14,3,3,3,0.0,0,3,1.0
Lakeside,2026-01-22,15,7,7,7,0.0,0,3,2.33
Lakeside,2026-01-22,16,1,1,1,0.0,0,3,0.33
Lakeside,2026-01-23,8,2,2,2,0.0,0,2,1.0
Lakeside,2026-01-23,9,4,3,3,0.0,0,3,1.0
Lakeside,2026-01-23,10,6,6,6,0.0,0,3,2.0
Lakeside,2026-01-23,11,4,4,4,0.0,0,3,1.33
Lakeside,2026-01-23,12,2,1,1,0.0,0,3,0.33
Lakeside,2026-01-23,13,1,1,1,0.0,0,3,0.33
Lakeside,2026-01-23,15,1,1,1,0.0,0,3,0.33
Lakeside,2026-01-23,16,5,5,5,0.0,0,3,1.67
Lakeside,2026-01-24,8,1,1,1,0.0,0,2,0.5
Lakeside,2026-01-24,9,9,8,8,0.75,0,3,2.67
Lakeside,2026-01-24,10,10,8,7,1.43,1,3,2.67
Lakeside,2026-01-24,11,7,7,7,2.14,0,3,2.33
Lakeside,2026-01-26,8,2,2,2,0.0,0,2,1.0
Lakeside,2026-01-26,9,6,6,6,0.0,0,3,2.0
Lakeside,2026-01-26,10,8,8,8,1.25,0,3,2.67
Lakeside,2026-01-26,11,5,3,3,0.0,0,3,1.0
Lakeside,2026-01-26,12,4,3,3,0.0,0,3,1.0
Lakeside,2026-01-26,13,4,3,3,0.0,0,3,1.0
Lakeside,2026-01-26,14,3,3,3,0.0,0,3,1.0
Lakeside,2026-01-26,15,6,5,4,0.0,1,3,1.67
Lakeside,2026-01-26,16,5,5,5,0.0,0,3,1.67
Lakeside,2026-01-27,7,1,1,1,2.0,0,0,
Lakeside,2026-01-27,8,1,1,1,0.0,0,2,0.5
Lakeside,2026-01-27,9,1,1,1,0.0,0,3,0.33
Lakeside,2026-01-27,10,8,6,5,0.0,1,3,2.0
Lakeside,2026-01-27,11,1,1,1,0.0,0,3,0.33
Lakeside,2026-01-27,14,4,4,4,0.0,0,3,1.33
Lakeside,2026-01-27,15,5,5,5,0.0,0,3,1.67
Lakeside,2026-01-27,16,4,1,1,0.0,0,3,0.33
Lakeside,2026-01-28,8,2,2,2,0.0,0,2,1.0
Lakeside,2026-01-28,9,9,7,7,1.29,0,3,2.33
Lakeside,2026-01-28,10,7,7,7,0.0,0,3,2.33
Lakeside,2026-01-28,11,5,4,4,0.75,0,3,1.33
Lakeside,2026-01-28,12,4,4,4,1.0,0,3,1.33
Lakeside,2026-01-28,13,4,4,4,0.0,0,3,1.33
Lakeside,2026-01-28,14,4,3,3,0.0,0,3,1.0
Lakeside,2026-01-28,15,13,12,12,4.08,0,3,4.0
Lakeside,2026-01-28,16,5,4,4,0.0,0,3,1.33
Lakeside,2026-01-29,8,3,3,3,0.0,0,2,1.5
Lakeside,2026-01-29,9,6,4,4,0.0,0,3,1.33
Lakeside,2026-01-29,10,8,6,6,0.0,0,3,2.0
Lakeside,2026-01-29,11,3,3,3,0.0,0,3,1.0
Lakeside,2026-01-29,12,1,1,1,0.0,0,3,0.33
Lakeside,2026-01-29,13,1,1,1,0.0,0,3,0.33
Lakeside,2026-01-29,14,4,4,4,0.0,0,3,1.33
Lakeside,2026-01-29,15,7,4,4,0.0,0,3,1.33
Lakeside,2026-01-29,16,2,2,2,0.0,0,3,0.67
Lakeside,2026-01-29,17,1,1,1,0.0,0,0,
Lakeside,2026-01-30,7,1,1,1,16.0,0,0,
Lakeside,2026-01-30,8,2,2,2,0.0,0,2,1.0
Lakeside,2026-01-30,9,4,4,3,0.0,1,3,1.33
Lakeside,2026-01-30,10,6,5,5,0.0,0,3,1.67
Lakeside,2026-01-30,11,1,1,0,,1,3,0.33
Lakeside,2026-01-30,12,3,3,3,0.0,0,3,1.0
Lakeside,2026-01-30,13,4,4,3,0.0,1,3,1.33
Lakeside,2026-01-30,14,3,3,3,0.0,0,3,1.0
Lakeside,2026-01-30,15,5,5,5,0.0,0,3,1.67
Lakeside,2026-01-30,16,2,2,1,0.0,1,3,0.67
Lakeside,2026-01-31,7,1,1,1,5.0,0,0,
Lakeside,2026-01-31,8,5,5,5,4.0,0,2,2.5
Lakeside,2026-01-31,9,6,6,6,0.0,0,3,2.0
Lakeside,2026-01-31,10,7,6,4,0.25,2,3,2.0
Lakeside,2026-01-31,11,3,3,3,0.0,0,3,1.0
Lakeside,2026-01-31,12,2,2,2,0.0,0,3,0.67
Lakeside,2026-02-02,8,3,2,2,0.0,0,2,1.0
Lakeside,2026-02-02,9,2,2,2,0.0,0,3,0.67
Lakeside,2026-02-02,10,9,7,7,0.43,0,3,2.33
Lakeside,2026-02-02,11,4,3,2,0.0,1,3,1.0
Lakeside,2026-02-02,12,3,3,3,0.0,0,3,1.0
Lakeside,2026-02-02,13,2,2,1,0.0,1,3,0.67
Lakeside,2026-02-02,14,4,4,4,0.0,0,3,1.33
Lakeside,2026-02-02,15,8,8,7,0.0,1,3,2.67
Lakeside,2026-02-02,16,1,0,0,,0,3,0.0
Lakeside,2026-02-03,8,3,2,2,0.0,0,2,1.0
Lakeside,2026-02-03,9,4,3,3,0.0,0,3,1.0
Lakeside,2026-02-03,10,5,5,5,0.0,0,3,1.67
Lakeside,2026-02-03,11,3,3,3,0.0,0,3,1.0
Lakeside,2026-02-03,13,2,2,2,0.0,0,3,0.67
Lakeside,2026-02-03,14,4,3,3,0.0,0,3,1.0
Lakeside,2026-02-03,15,5,5,5,3.0,0,3,1.67
Lakeside,2026-02-03,16,4,2,1,0.0,1,3,0.67
Lakeside,2026-02-04,8,1,1,1,0.0,0,2,0.5
Lakeside,2026-02-04,9,2,1,1,0.0,0,3,0.33
Lakeside,2026-02-04,10,9,9,9,0.56,0,3,3.0
Lakeside,2026-02-04,11,6,5,5,0.8,0,3,1.67
Lakeside,2026-02-04,12,2,2,2,0.0,0,3,0.67
Lakeside,2026-02-04,13,3,3,3,0.0,0,3,1.0
Lakeside,2026-02-04,14,7,7,6,0.0,1,3,2.33
Lakeside,2026-02-04,15,7,7,7,0.0,0,3,2.33
Lakeside,2026-02-04,16,2,2,2,0.0,0,3,0.67
Lakeside,2026-02-05,8,1,1,0,,1,2,0.5
Lakeside,2026-02-05,9,3,2,1,0.0,1,3,0.67
Lakeside,2026-02-05,10,11,10,10,0.7,0,3,3.33
Lakeside,2026-02-05,11,5,4,4,0.0,0,3,1.33
Lakeside,2026-02-05,12,4,3,3,0.0,0,3,1.0
Lakeside,2026-02-05,14,10,8,7,2.14,1,3,2.67
Lakeside,2026-02-05,15,5,5,5,0.0,0,3,1.67
Lakeside,2026-02-05,16,3,3,3,0.0,0,3,1.0
Lakeside,2026-02-06,8,1,1,1,0.0,0,2,0.5
Lakeside,2026-02-06,9,1,1,1,0.0,0,3,0.33
Lakeside,2026-02-06,10,3,3,3,0.0,0,3,1.0
Lakeside,2026-02-06,11,3,3,3,0.0,0,3,1.0
Lakeside,2026-02-06,12,2,2,2,0.0,0,3,0.67
Lakeside,2026-02-06,13,1,1,1,0.0,0,3,0.33
Lakeside,2026-02-06,14,2,2,2,0.0,0,3,0.67
Lakeside,2026-02-06,15,3,3,3,0.0,0,3,1.0
Lakeside,2026-02-06,16,8,8,8,2.62,0,3,2.67
Lakeside,2026-02-07,8,2,2,2,0.0,0,2,1.0
Lakeside,2026-02-07,9,8,8,8,1.0,0,3,2.67
Lakeside,2026-02-07,10,8,8,8,0.88,0,3,2.67
Lakeside,2026-02-07,11,3,3,3,0.0,0,3,1.0
Lakeside,2026-02-07,12,5,2,2,0.0,0,3,0.67
Lakeside,2026-02-09,7,1,1,1,8.0,0,0,
Lakeside,2026-02-09,8,2,2,2,0.0,0,2,1.0
Lakeside,2026-02-09,9,9,8,8,1.38,0,3,2.67
Lakeside,2026-02-09,10,8,7,7,5.43,0,3,2.33
Lakeside,2026-02-09,11,11,9,8,0.5,1,3,3.0
Lakeside,2026-02-09,13,2,2,2,0.0,0,3,0.67
Lakeside,2026-02-09,14,3,3,3,0.0,0,3,1.0
Lakeside,2026-02-09,15,7,7,7,0.71,0,3,2.33
Lakeside,2026-02-09,16,5,4,4,0.0,0,3,1.33
Lakeside,2026-02-10,8,2,2,1,0.0,1,2,1.0
Lakeside,2026-02-10,9,2,2,2,0.0,0,3,0.67
Lakeside,2026-02-10,10,5,4,4,0.0,0,3,1.33
Lakeside,2026-02-10,11,6,5,5,0.0,0,3,1.67
Lakeside,2026-02-10,12,1,1,1,0.0,0,3,0.33
Lakeside,2026-02-10,13,1,1,1,0.0,0,3,0.33
Lakeside,2026-02-10,14,5,5,5,0.0,0,3,1.67
Lakeside,2026-02-10,15,3,3,3,0.0,0,3,1.0
Lakeside,2026-02-10,16,2,2,2,0.0,0,3,0.67
Lakeside,2026-02-11,7,2,2,2,7.0,0,0,
Lakeside,2026-02-11,8,3,2,2,0.0,0,2,1.0
Lakeside,2026-02-11,9,4,4,4,0.0,0,3,1.33
Lakeside,2026-02-11,10,3,3,2,0.0,1,3,1.0
Lakeside,2026-02-11,11,4,3,3,0.0,0,3,1.0
Lakeside,2026-02-11,12,4,4,4,0.0,0,3,1.33
Lakeside,2026-02-11,13,2,2,2,0.0,0,3,0.67
Lakeside,2026-02-11,14,2,2,2,0.0,0,3,0.67
Lakeside,2026-02-11,15,3,3,3,0.0,0,3,1.0
Lakeside,2026-02-11,16,4,3,3,0.0,0,3,1.0
Lakeside,2026-02-12,7,1,1,1,2.0,0,0,
Lakeside,2026-02-12,8,2,1,1,0.0,0,2,0.5
Lakeside,2026-02-12,9,1,1,1,0.0,0,3,0.33
Lakeside,2026-02-12,10,7,7,7,0.71,0,3,2.33
Lakeside,2026-02-12,11,1,1,1,0.0,0,3,0.33
Lakeside,2026-02-12,12,5,5,5,0.0,0,3,1.67
Lakeside,2026-02-12,13,1,1,1,0.0,0,3,0.33
Lakeside,2026-02-12,14,3,3,3,0.0,0,3,1.0
Lakeside,2026-02-12,15,5,4,4,0.25,0,3,1.33
Lakeside,2026-02-12,16,4,3,3,0.0,0,3,1.0
Lakeside,2026-02-13,8,1,1,1,0.0,0,2,0.5
Lakeside,2026-02-13,9,6,5,5,0.0,0,3,1.67
Lakeside,2026-02-13,10,9,7,7,0.29,0,3,2.33
Lakeside,2026-02-13,11,2,2,2,0.0,0,3,0.67
Lakeside,2026-02-13,12,2,1,1,0.0,0,3,0.33
Lakeside,2026-02-13,13,2,2,2,0.0,0,3,0.67
Lakeside,2026-02-13,14,6,6,6,0.0,0,3,2.0
Lakeside,2026-02-13,15,7,5,5,0.0,0,3,1.67
Lakeside,2026-02-13,16,7,5,5,0.0,0,3,1.67
Lakeside,2026-02-14,8,6,6,6,4.17,0,2,3.0
Lakeside,2026-02-14,9,5,5,5,1.4,0,3,1.67
Lakeside,2026-02-14,10,6,6,6,5.0,0,3,2.0
Lakeside,2026-02-14,11,6,6,6,0.0,0,3,2.0
Lakeside,2026-02-14,12,2,2,2,0.0,0,3,0.67
Lakeside,2026-02-16,8,2,1,1,0.0,0,2,0.5
Lakeside,2026-02-16,9,3,2,2,0.0,0,3,0.67
Lakeside,2026-02-16,10,6,6,6,0.0,0,3,2.0
Lakeside,2026-02-16,11,3,3,3,0.0,0,3,1.0
Lakeside,2026-02-16,12,1,1,1,0.0,0,3,0.33
Lakeside,2026-02-16,13,4,3,3,0.0,0,3,1.0
Lakeside,2026-02-16,14,4,4,4,0.5,0,3,1.33
Lakeside,2026-02-16,15,5,5,5,2.4,0,3,1.67
Lakeside,2026-02-16,16,1,0,0,,0,3,0.0
Lakeside,2026-02-17,8,3,3,3,0.0,0,2,1.5
Lakeside,2026-02-17,9,2,2,2,0.0,0,3,0.67
Lakeside,2026-02-17,10,12,10,10,2.6,0,3,3.33
Lakeside,2026-02-17,11,7,6,6,3.83,0,3,2.0
Lakeside,2026-02-17,13,1,1,1,0.0,0,3,0.33
Lakeside,2026-02-17,14,5,4,4,0.0,0,3,1.33
Lakeside,2026-02-17,15,5,4,4,0.0,0,3,1.33
Lakeside,2026-02-17,16,2,2,2,0.0,0,3,0.67
Lakeside,2026-02-18,7,2,2,2,15.0,0,0,
Lakeside,2026-02-18,8,3,3,3,1.0,0,2,1.5
Lakeside,2026-02-18,9,4,4,4,0.0,0,3,1.33
Lakeside,2026-02-18,10,7,7,7,2.29,0,3,2.33
Lakeside,2026-02-18,11,2,2,2,0.0,0,3,0.67
Lakeside,2026-02-18,12,3,3,3,0.0,0,3,1.0
Lakeside,2026-02-18,13,2,2,2,0.0,0,3,0.67
Lakeside,2026-02-18,14,2,2,2,0.0,0,3,0.67
Lakeside,2026-02-18,15,4,4,4,1.0,0,3,1.33
Lakeside,2026-02-18,16,2,2,2,0.0,0,3,0.67
Lakeside,2026-02-19,8,2,2,2,0.0,0,2,1.0
Lakeside,2026-02-19,9,5,5,5,0.0,0,3,1.67
Lakeside,2026-02-19,10,3,3,3,0.0,0,3,1.0
Lakeside,2026-02-19,11,6,6,6,1.5,0,3,2.0
Lakeside,2026-02-19,12,2,2,2,0.0,0,3,0.67
Lakeside,2026-02-19,13,2,2,2,0.0,0,3,0.67
Lakeside,2026-02-19,14,4,4,4,0.0,0,3,1.33
Lakeside,2026-02-19,15,8,8,8,0.75,0,3,2.67
Lakeside,2026-02-19,16,4,4,4,0.0,0,3,1.33
Lakeside,2026-02-20,8,3,2,2,0.0,0,2,1.0
Lakeside,2026-02-20,9,6,6,6,0.0,0,3,2.0
Lakeside,2026-02-20,10,4,3,3,0.0,0,3,1.0
Lakeside,2026-02-20,11,6,6,6,0.0,0,3,2.0
Lakeside,2026-02-20,12,1,1,1,0.0,0,3,0.33
Lakeside,2026-02-20,13,4,4,4,0.0,0,3,1.33
Lakeside,2026-02-20,14,2,2,2,0.0,0,3,0.67
Lakeside,2026-02-20,15,4,4,4,0.0,0,3,1.33
Lakeside,2026-02-20,16,2,2,2,0.0,0,3,0.67
Lakeside,2026-02-21,7,2,2,2,10.0,0,0,
Lakeside,2026-02-21,8,1,1,1,13.0,0,2,0.5
Lakeside,2026-02-21,9,6,6,6,0.17,0,3,2.0
Lakeside,2026-02-21,10,7,5,4,0.25,1,3,1.67
Lakeside,2026-02-21,11,6,5,4,0.25,1,3,1.67
Lakeside,2026-02-23,7,1,1,1,2.0,0,0,
Lakeside,2026-02-23,8,3,3,3,0.0,0,2,1.5
Lakeside,2026-02-23,9,2,2,2,0.0,0,3,0.67
Lakeside,2026-02-23,10,6,5,5,0.0,0,3,1.67
Lakeside,2026-02-23,11,2,2,2,0.0,0,3,0.67
Lakeside,2026-02-23,13,6,6,6,0.0,0,3,2.0
Lakeside,2026-02-23,14,6,6,6,0.17,0,3,2.0
Lakeside,2026-02-23,15,8,7,7,1.29,0,3,2.33
Lakeside,2026-02-23,16,2,0,0,,0,3,0.0
Lakeside,2026-02-24,8,2,2,2,0.0,0,2,1.0
Lakeside,2026-02-24,9,6,6,6,0.0,0,3,2.0
Lakeside,2026-02-24,10,6,5,5,1.2,0,3,1.67
Lakeside,2026-02-24,11,2,2,2,0.0,0,3,0.67
Lakeside,2026-02-24,13,2,2,2,0.0,0,3,0.67
Lakeside,2026-02-24,14,2,1,1,0.0,0,3,0.33
Lakeside,2026-02-24,15,3,2,2,0.0,0,3,0.67
Lakeside,2026-02-24,16,1,1,1,0.0,0,3,0.33
Lakeside,2026-02-25,8,4,4,4,3.25,0,2,2.0
Lakeside,2026-02-25,9,3,3,3,0.0,0,3,1.0
Lakeside,2026-02-25,10,5,3,3,0.0,0,3,1.0
Lakeside,2026-02-25,11,3,2,2,0.0,0,3,0.67
Lakeside,2026-02-25,13,2,2,2,0.0,0,3,0.67
Lakeside,2026-02-25,14,3,3,3,0.0,0,3,1.0
Lakeside,2026-02-25,15,7,4,4,0.0,0,3,1.33
Lakeside,2026-02-25,16,1,1,1,0.0,0,3,0.33
Lakeside,2026-02-26,7,1,1,1,10.0,0,0,
Lakeside,2026-02-26,8,2,2,2,0.0,0,2,1.0
Lakeside,2026-02-26,9,9,9,9,1.89,0,3,3.0
Lakeside,2026-02-26,10,5,5,5,0.2,0,3,1.67
Lakeside,2026-02-26,11,5,5,4,2.5,1,3,1.67
Lakeside,2026-02-26,12,2,2,2,0.0,0,3,0.67
Lakeside,2026-02-26,13,1,1,1,0.0,0,3,0.33
Lakeside,2026-02-26,14,3,3,2,0.0,1,3,1.0
Lakeside,2026-02-26,15,5,5,4,0.0,1,3,1.67
Lakeside,2026-02-26,16,2,1,1,0.0,0,3,0.33
Lakeside,2026-02-27,8,3,3,3,0.0,0,2,1.5
Lakeside,2026-02-27,9,2,2,2,0.0,0,3,0.67
Lakeside,2026-02-27,10,6,4,4,0.0,0,3,1.33
Lakeside,2026-02-27,11,6,6,6,1.33,0,3,2.0
Lakeside,2026-02-27,12,4,4,4,0.5,0,3,1.33
Lakeside,2026-02-27,13,3,2,2,0.0,0,3,0.67
Lakeside,2026-02-27,14,1,1,1,0.0,0,3,0.33
Lakeside,2026-02-27,15,6,4,4,0.0,0,3,1.33
Lakeside,2026-02-27,16,2,2,1,0.0,1,3,0.67
Lakeside,2026-02-28,7,2,2,2,5.5,0,0,
Lakeside,2026-02-28,8,1,1,1,0.0,0,2,0.5
Lakeside,2026-02-28,9,3,3,3,0.0,0,3,1.0
Lakeside,2026-02-28,10,7,7,7,0.0,0,3,2.33
Lakeside,2026-02-28,11,5,4,3,0.0,1,3,1.33
Lakeside,2026-02-28,12,5,5,5,0.0,0,3,1.67
Lakeside,2026-03-02,9,9,8,7,0.86,1,3,2.67
Lakeside,2026-03-02,10,8,8,7,2.43,1,3,2.67
Lakeside,2026-03-02,11,1,1,1,0.0,0,3,0.33
Lakeside,2026-03-02,12,1,1,1,0.0,0,3,0.33
Lakeside,2026-03-02,13,3,3,3,0.0,0,3,1.0
Lakeside,2026-03-02,14,6,5,4,0.0,1,3,1.67
Lakeside,2026-03-02,15,7,7,7,0.86,0,3,2.33
Lakeside,2026-03-02,16,4,2,2,0.0,0,3,0.67
Lakeside,2026-03-03,7,1,1,1,7.0,0,0,
Lakeside,2026-03-03,8,3,3,3,0.0,0,2,1.5
Lakeside,2026-03-03,9,3,3,3,0.0,0,3,1.0
Lakeside,2026-03-03,10,5,4,4,0.0,0,3,1.33
Lakeside,2026-03-03,11,5,5,5,0.0,0,3,1.67
Lakeside,2026-03-03,12,1,1,1,0.0,0,3,0.33
Lakeside,2026-03-03,14,5,4,4,0.0,0,3,1.33
Lakeside,2026-03-03,15,3,3,3,0.0,0,3,1.0
Lakeside,2026-03-03,16,5,5,4,0.0,1,3,1.67
Lakeside,2026-03-04,7,1,1,1,9.0,0,0,
Lakeside,2026-03-04,8,3,3,2,0.0,1,2,1.5
Lakeside,2026-03-04,9,6,6,6,0.0,0,3,2.0
Lakeside,2026-03-04,10,1,1,1,0.0,0,3,0.33
Lakeside,2026-03-04,11,1,1,1,0.0,0,3,0.33
Lakeside,2026-03-04,12,3,3,3,0.0,0,3,1.0
Lakeside,2026-03-04,13,4,4,4,0.0,0,3,1.33
Lakeside,2026-03-04,14,5,5,5,0.2,0,3,1.67
Lakeside,2026-03-04,15,3,3,3,0.0,0,3,1.0
Lakeside,2026-03-04,16,4,3,3,0.0,0,3,1.0
Lakeside,2026-03-05,8,1,1,0,,1,2,0.5
Lakeside,2026-03-05,9,1,1,1,0.0,0,3,0.33
Lakeside,2026-03-05,10,6,6,6,0.0,0,3,2.0
Lakeside,2026-03-05,11,4,4,4,0.0,0,3,1.33
Lakeside,2026-03-05,12,2,2,2,0.0,0,3,0.67
Lakeside,2026-03-05,13,3,3,3,0.0,0,3,1.0
Lakeside,2026-03-05,14,2,2,1,0.0,1,3,0.67
Lakeside,2026-03-05,15,3,3,3,0.0,0,3,1.0
Lakeside,2026-03-05,16,7,6,6,0.67,0,3,2.0
Lakeside,2026-03-06,8,3,3,3,2.33,0,2,1.5
Lakeside,2026-03-06,9,3,3,3,0.0,0,3,1.0
Lakeside,2026-03-06,10,6,6,6,0.0,0,3,2.0
Lakeside,2026-03-06,11,5,5,5,0.0,0,3,1.67
Lakeside,2026-03-06,12,1,1,1,0.0,0,3,0.33
Lakeside,2026-03-06,13,4,4,4,0.0,0,3,1.33
Lakeside,2026-03-06,14,3,3,3,0.0,0,3,1.0
Lakeside,2026-03-06,15,4,4,4,1.5,0,3,1.33
Lakeside,2026-03-06,16,1,1,1,0.0,0,3,0.33
Lakeside,2026-03-07,7,1,1,1,6.0,0,0,
Lakeside,2026-03-07,8,4,4,4,3.5,0,2,2.0
Lakeside,2026-03-07,9,9,8,8,2.12,0,3,2.67
Lakeside,2026-03-07,10,13,10,10,0.9,0,3,3.33
Lakeside,2026-03-07,11,7,6,5,0.0,1,3,2.0
Lakeside,2026-03-07,12,3,2,2,0.0,0,3,0.67
Lakeside,2026-03-09,8,3,2,2,0.0,0,2,1.0
Lakeside,2026-03-09,9,4,4,4,0.0,0,3,1.33
Lakeside,2026-03-09,10,11,8,8,10.5,0,3,2.67
Lakeside,2026-03-09,11,4,4,4,1.5,0,3,1.33
Lakeside,2026-03-09,12,2,1,1,0.0,0,3,0.33
Lakeside,2026-03-09,13,2,2,2,0.0,0,3,0.67
Lakeside,2026-03-09,14,2,2,2,0.0,0,3,0.67
Lakeside,2026-03-09,15,5,5,5,0.0,0,3,1.67
Lakeside,2026-03-09,16,3,2,2,0.0,0,3,0.67
Lakeside,2026-03-10,8,1,0,0,,0,2,0.0
Lakeside,2026-03-10,9,5,5,5,0.8,0,3,1.67
Lakeside,2026-03-10,10,9,8,8,0.38,0,3,2.67
Lakeside,2026-03-10,11,6,6,6,0.83,0,3,2.0
Lakeside,2026-03-10,12,1,1,1,0.0,0,3,0.33
Lakeside,2026-03-10,13,3,1,1,0.0,0,3,0.33
Lakeside,2026-03-10,15,4,3,3,0.0,0,3,1.0
Lakeside,2026-03-10,16,3,2,2,0.0,0,3,0.67
Lakeside,2026-03-11,8,4,4,4,0.75,0,2,2.0
Lakeside,2026-03-11,9,1,1,1,0.0,0,3,0.33
Lakeside,2026-03-11,10,10,8,8,6.88,0,3,2.67
Lakeside,2026-03-11,11,5,5,5,0.0,0,3,1.67
Lakeside,2026-03-11,12,2,1,1,2.0,0,3,0.33
Lakeside,2026-03-11,14,5,5,5,0.0,0,3,1.67
Lakeside,2026-03-11,15,7,6,6,1.33,0,3,2.0
Lakeside,2026-03-11,16,4,4,4,0.0,0,3,1.33
Lakeside,2026-03-12,8,1,1,1,0.0,0,2,0.5
Lakeside,2026-03-12,9,3,3,3,0.0,0,3,1.0
Lakeside,2026-03-12,10,4,4,4,0.0,0,3,1.33
Lakeside,2026-03-12,11,6,5,5,0.2,0,3,1.67
Lakeside,2026-03-12,12,1,1,1,0.0,0,3,0.33
Lakeside,2026-03-12,13,3,3,2,0.0,1,3,1.0
Lakeside,2026-03-12,14,2,2,2,0.0,0,3,0.67
Lakeside,2026-03-12,15,7,7,7,0.0,0,3,2.33
Lakeside,2026-03-12,16,4,4,4,1.5,0,3,1.33
Lakeside,2026-03-13,8,3,2,2,0.0,0,2,1.0
Lakeside,2026-03-13,9,4,4,4,0.0,0,3,1.33
Lakeside,2026-03-13,10,2,1,1,0.0,0,3,0.33
Lakeside,2026-03-13,11,5,5,5,0.0,0,3,1.67
Lakeside,2026-03-13,12,5,5,5,0.0,0,3,1.67
Lakeside,2026-03-13,13,1,1,1,0.0,0,3,0.33
Lakeside,2026-03-13,14,4,4,4,0.0,0,3,1.33
Lakeside,2026-03-13,15,4,4,4,0.0,0,3,1.33
Lakeside,2026-03-13,16,1,1,1,0.0,0,3,0.33
Lakeside,2026-03-14,8,6,6,6,0.17,0,2,3.0
Lakeside,2026-03-14,9,6,6,6,0.0,0,3,2.0
Lakeside,2026-03-14,10,7,6,5,1.4,1,3,2.0
Lakeside,2026-03-14,11,6,3,2,0.0,1,3,1.0
Lakeside,2026-03-14,12,5,2,2,0.0,0,3,0.67
Lakeside,2026-03-16,9,4,4,4,0.0,0,3,1.33
Lakeside,2026-03-16,10,4,3,3,0.0,0,3,1.0
Lakeside,2026-03-16,11,4,3,3,0.0,0,3,1.0
Lakeside,2026-03-16,12,3,3,3,0.0,0,3,1.0
Lakeside,2026-03-16,13,5,4,4,0.0,0,3,1.33
Lakeside,2026-03-16,14,2,2,2,0.0,0,3,0.67
Lakeside,2026-03-16,15,7,6,6,0.33,0,3,2.0
Lakeside,2026-03-16,16,7,6,6,1.5,0,3,2.0
Lakeside,2026-03-16,17,1,1,1,0.0,0,0,
Lakeside,2026-03-17,8,3,2,2,0.0,0,2,1.0
Lakeside,2026-03-17,9,3,3,3,0.0,0,3,1.0
Lakeside,2026-03-17,10,8,8,8,0.75,0,3,2.67
Lakeside,2026-03-17,11,2,2,2,0.0,0,3,0.67
Lakeside,2026-03-17,12,5,5,4,0.0,1,3,1.67
Lakeside,2026-03-17,13,3,3,3,0.0,0,3,1.0
Lakeside,2026-03-17,14,12,10,10,0.9,0,3,3.33
Lakeside,2026-03-17,15,9,7,7,3.57,0,3,2.33
Lakeside,2026-03-17,16,3,3,3,0.0,0,3,1.0
Lakeside,2026-03-18,7,2,2,2,9.0,0,0,
Lakeside,2026-03-18,8,1,1,1,2.0,0,2,0.5
Lakeside,2026-03-18,9,4,4,4,0.0,0,3,1.33
Lakeside,2026-03-18,10,3,3,3,0.0,0,3,1.0
Lakeside,2026-03-18,11,5,5,4,0.0,1,3,1.67
Lakeside,2026-03-18,12,4,4,4,0.0,0,3,1.33
Lakeside,2026-03-18,13,4,3,3,0.0,0,3,1.0
Lakeside,2026-03-18,14,1,1,1,0.0,0,3,0.33
Lakeside,2026-03-18,15,7,6,6,0.33,0,3,2.0
Lakeside,2026-03-18,16,4,4,4,0.0,0,3,1.33
Lakeside,2026-03-19,9,6,6,6,0.0,0,3,2.0
Lakeside,2026-03-19,10,8,8,8,1.12,0,3,2.67
Lakeside,2026-03-19,11,2,1,1,0.0,0,3,0.33
Lakeside,2026-03-19,13,3,3,3,0.0,0,3,1.0
Lakeside,2026-03-19,14,5,5,4,0.0,1,3,1.67
Lakeside,2026-03-19,15,4,4,4,0.0,0,3,1.33
Lakeside,2026-03-19,16,4,4,4,0.0,0,3,1.33
Lakeside,2026-03-20,7,3,3,3,11.67,0,0,
Lakeside,2026-03-20,8,2,2,2,3.5,0,2,1.0
Lakeside,2026-03-20,9,3,3,3,0.0,0,3,1.0
Lakeside,2026-03-20,10,5,5,5,1.2,0,3,1.67
Lakeside,2026-03-20,11,2,2,2,0.0,0,3,0.67
Lakeside,2026-03-20,12,4,4,4,0.0,0,3,1.33
Lakeside,2026-03-20,13,6,5,5,0.0,0,3,1.67
Lakeside,2026-03-20,14,3,3,3,0.0,0,3,1.0
Lakeside,2026-03-20,15,2,2,2,0.0,0,3,0.67
Lakeside,2026-03-20,16,1,1,1,0.0,0,3,0.33
Lakeside,2026-03-21,8,2,2,2,0.0,0,2,1.0
Lakeside,2026-03-21,9,4,4,4,0.0,0,3,1.33
Lakeside,2026-03-21,10,5,5,5,0.0,0,3,1.67
Lakeside,2026-03-21,11,9,8,7,11.57,1,3,2.67
Lakeside,2026-03-23,8,6,5,5,0.0,0,2,2.5
Lakeside,2026-03-23,9,2,1,1,0.0,0,3,0.33
Lakeside,2026-03-23,10,7,6,6,1.0,0,3,2.0
Lakeside,2026-03-23,11,3,3,3,0.0,0,3,1.0
Lakeside,2026-03-23,13,3,2,2,0.0,0,3,0.67
Lakeside,2026-03-23,14,7,7,7,1.29,0,3,2.33
Lakeside,2026-03-23,15,7,7,5,0.0,2,3,2.33
Lakeside,2026-03-23,16,6,6,6,0.0,0,3,2.0
Lakeside,2026-03-24,8,4,3,2,0.0,1,2,1.5
Lakeside,2026-03-24,9,7,7,7,0.86,0,3,2.33
Lakeside,2026-03-24,10,5,4,4,1.0,0,3,1.33
Lakeside,2026-03-24,11,5,5,4,0.0,1,3,1.67
Lakeside,2026-03-24,12,4,4,3,0.0,1,3,1.33
Lakeside,2026-03-24,13,2,2,2,0.0,0,3,0.67
Lakeside,2026-03-24,14,4,3,3,0.0,0,3,1.0
Lakeside,2026-03-24,15,12,12,11,2.27,1,3,4.0
Lakeside,2026-03-24,16,4,4,4,0.25,0,3,1.33
Lakeside,2026-03-25,8,2,0,0,,0,2,0.0
Lakeside,2026-03-25,9,4,4,4,0.0,0,3,1.33
Lakeside,2026-03-25,10,5,4,4,0.0,0,3,1.33
Lakeside,2026-03-25,11,5,5,5,3.2,0,3,1.67
Lakeside,2026-03-25,12,1,1,1,0.0,0,3,0.33
Lakeside,2026-03-25,13,4,4,4,0.0,0,3,1.33
Lakeside,2026-03-25,14,3,3,3,0.0,0,3,1.0
Lakeside,2026-03-25,15,6,6,6,0.0,0,3,2.0
Lakeside,2026-03-25,16,5,5,5,0.2,0,3,1.67
Lakeside,2026-03-26,8,1,1,0,,1,2,0.5
Lakeside,2026-03-26,9,8,7,6,0.0,1,3,2.33
Lakeside,2026-03-26,10,6,6,6,1.5,0,3,2.0
Lakeside,2026-03-26,11,3,3,3,2.33,0,3,1.0
Lakeside,2026-03-26,12,1,1,1,0.0,0,3,0.33
Lakeside,2026-03-26,13,1,1,1,0.0,0,3,0.33
Lakeside,2026-03-26,14,3,3,3,0.0,0,3,1.0
Lakeside,2026-03-26,15,11,10,10,5.7,0,3,3.33
Lakeside,2026-03-26,16,3,3,3,0.0,0,3,1.0
Lakeside,2026-03-27,8,2,2,2,0.0,0,2,1.0
Lakeside,2026-03-27,9,6,6,6,0.0,0,3,2.0
Lakeside,2026-03-27,10,2,2,2,0.0,0,3,0.67
Lakeside,2026-03-27,11,2,2,2,0.0,0,3,0.67
Lakeside,2026-03-27,12,2,2,2,0.0,0,3,0.67
Lakeside,2026-03-27,13,1,1,1,0.0,0,3,0.33
Lakeside,2026-03-27,14,5,5,5,0.6,0,3,1.67
Lakeside,2026-03-27,15,7,7,7,0.57,0,3,2.33
Lakeside,2026-03-27,16,2,1,1,4.0,0,3,0.33
Lakeside,2026-03-28,8,3,2,2,0.0,0,2,1.0
Lakeside,2026-03-28,9,3,3,3,0.0,0,3,1.0
Lakeside,2026-03-28,10,2,2,2,0.0,0,3,0.67
Lakeside,2026-03-28,11,3,3,3,0.0,0,3,1.0
Lakeside,2026-03-28,12,2,2,2,0.0,0,3,0.67
Lakeside,2026-03-30,8,1,1,1,0.0,0,2,0.5
Lakeside,2026-03-30,9,4,4,4,0.0,0,3,1.33
Lakeside,2026-03-30,10,5,5,5,0.0,0,3,1.67
Lakeside,2026-03-30,11,5,5,5,0.0,0,3,1.67
Lakeside,2026-03-30,12,2,2,2,0.0,0,3,0.67
Lakeside,2026-03-30,13,3,3,3,0.0,0,3,1.0
Lakeside,2026-03-30,14,5,5,5,0.0,0,3,1.67
Lakeside,2026-03-30,15,1,0,0,,0,3,0.0
Lakeside,2026-03-30,16,6,3,3,0.0,0,3,1.0
Lakeside,2026-03-31,9,6,5,5,0.0,0,3,1.67
Lakeside,2026-03-31,10,6,4,4,0.0,0,3,1.33
Lakeside,2026-03-31,11,2,2,2,0.0,0,3,0.67
Lakeside,2026-03-31,12,1,1,1,0.0,0,3,0.33
Lakeside,2026-03-31,13,3,3,3,0.0,0,3,1.0
Lakeside,2026-03-31,14,7,6,5,0.0,1,3,2.0
Lakeside,2026-03-31,15,4,3,3,0.0,0,3,1.0
Lakeside,2026-03-31,16,3,3,3,0.0,0,3,1.0
Lakeside,2026-04-01,8,3,2,2,0.0,0,2,1.0
Lakeside,2026-04-01,9,7,7,7,1.57,0,3,2.33
Lakeside,2026-04-01,10,5,5,5,0.0,0,3,1.67
Lakeside,2026-04-01,11,4,4,4,0.0,0,3,1.33
Lakeside,2026-04-01,12,3,3,3,0.0,0,3,1.0
Lakeside,2026-04-01,13,4,4,4,0.0,0,3,1.33
Lakeside,2026-04-01,14,3,3,3,0.0,0,3,1.0
Lakeside,2026-04-01,15,1,1,1,0.0,0,3,0.33
Lakeside,2026-04-01,16,2,2,2,0.0,0,3,0.67
Lakeside,2026-04-02,8,5,4,4,0.0,0,2,2.0
Lakeside,2026-04-02,9,2,2,2,0.0,0,3,0.67
Lakeside,2026-04-02,10,6,6,6,1.0,0,3,2.0
Lakeside,2026-04-02,11,2,2,2,0.0,0,3,0.67
Lakeside,2026-04-02,12,2,2,2,0.0,0,3,0.67
Lakeside,2026-04-02,14,1,1,1,0.0,0,3,0.33
Lakeside,2026-04-02,15,7,7,7,1.57,0,3,2.33
Lakeside,2026-04-02,16,5,5,4,0.0,1,3,1.67
Lakeside,2026-04-03,9,8,8,7,0.0,1,3,2.67
Lakeside,2026-04-03,10,5,5,5,0.6,0,3,1.67
Lakeside,2026-04-03,11,8,8,8,1.5,0,3,2.67
Lakeside,2026-04-03,12,3,3,2,0.0,1,3,1.0
Lakeside,2026-04-03,13,3,3,3,0.0,0,3,1.0
Lakeside,2026-04-03,14,4,3,3,0.0,0,3,1.0
Lakeside,2026-04-03,15,7,6,6,0.0,0,3,2.0
Lakeside,2026-04-03,16,4,3,3,0.0,0,3,1.0
Lakeside,2026-04-04,8,6,4,4,0.0,0,2,2.0
Lakeside,2026-04-04,9,5,4,4,0.0,0,3,1.33
Lakeside,2026-04-04,10,9,9,9,4.11,0,3,3.0
Lakeside,2026-04-04,11,7,6,6,0.0,0,3,2.0
Lakeside,2026-04-04,12,1,1,0,,1,3,0.33
Lakeside,2026-04-06,8,4,3,3,0.0,0,2,1.5
Lakeside,2026-04-06,9,2,2,2,0.0,0,3,0.67
Lakeside,2026-04-06,10,12,10,10,0.7,0,3,3.33
Lakeside,2026-04-06,11,2,1,1,0.0,0,3,0.33
Lakeside,2026-04-06,12,1,1,1,0.0,0,3,0.33
Lakeside,2026-04-06,13,1,1,1,0.0,0,3,0.33
Lakeside,2026-04-06,14,5,5,5,0.0,0,3,1.67
Lakeside,2026-04-06,15,3,3,3,0.0,0,3,1.0
Lakeside,2026-04-06,16,7,7,7,0.29,0,3,2.33
Lakeside,2026-04-07,8,5,3,3,0.0,0,2,1.5
Lakeside,2026-04-07,9,5,5,5,1.0,0,3,1.67
Lakeside,2026-04-07,10,4,4,4,0.0,0,3,1.33
Lakeside,2026-04-07,11,4,4,4,0.0,0,3,1.33
Lakeside,2026-04-07,12,2,2,2,0.0,0,3,0.67
Lakeside,2026-04-07,14,4,4,3,0.0,1,3,1.33
Lakeside,2026-04-07,16,4,4,4,0.0,0,3,1.33
Lakeside,2026-04-08,8,4,4,4,4.75,0,2,2.0
Lakeside,2026-04-08,9,2,2,2,0.0,0,3,0.67
Lakeside,2026-04-08,10,2,2,2,0.0,0,3,0.67
Lakeside,2026-04-08,11,2,2,2,0.0,0,3,0.67
Lakeside,2026-04-08,12,2,1,1,0.0,0,3,0.33
Lakeside,2026-04-08,14,2,2,2,0.0,0,3,0.67
Lakeside,2026-04-08,15,4,3,3,0.0,0,3,1.0
Lakeside,2026-04-08,16,4,4,4,0.0,0,3,1.33
Lakeside,2026-04-09,8,2,2,2,0.0,0,2,1.0
Lakeside,2026-04-09,9,2,2,2,0.0,0,3,0.67
Lakeside,2026-04-09,10,5,5,5,0.0,0,3,1.67
Lakeside,2026-04-09,11,3,3,3,2.67,0,3,1.0
Lakeside,2026-04-09,12,4,4,4,0.0,0,3,1.33
Lakeside,2026-04-09,13,1,1,1,0.0,0,3,0.33
Lakeside,2026-04-09,14,2,1,1,0.0,0,3,0.33
Lakeside,2026-04-09,15,1,1,1,0.0,0,3,0.33
Lakeside,2026-04-09,16,2,2,2,0.0,0,3,0.67
Lakeside,2026-04-09,17,1,1,1,0.0,0,0,
Lakeside,2026-04-10,8,2,2,2,0.0,0,2,1.0
Lakeside,2026-04-10,9,5,5,5,0.0,0,3,1.67
Lakeside,2026-04-10,10,4,4,4,0.0,0,3,1.33
Lakeside,2026-04-10,11,3,3,3,0.0,0,3,1.0
Lakeside,2026-04-10,12,1,0,0,,0,3,0.0
Lakeside,2026-04-10,14,3,3,2,0.0,1,3,1.0
Lakeside,2026-04-10,15,4,3,3,0.0,0,3,1.0
Lakeside,2026-04-10,16,2,1,1,0.0,0,3,0.33
Lakeside,2026-04-11,8,3,3,2,0.0,1,2,1.5
Lakeside,2026-04-11,9,5,4,4,0.0,0,3,1.33
Lakeside,2026-04-11,10,13,12,12,1.17,0,3,4.0
Lakeside,2026-04-11,11,4,4,4,4.25,0,3,1.33
Lakeside,2026-04-11,12,2,2,2,0.0,0,3,0.67
Lakeside,2026-04-13,8,4,4,4,0.0,0,2,2.0
Lakeside,2026-04-13,9,3,3,3,0.0,0,3,1.0
Lakeside,2026-04-13,10,8,8,8,2.75,0,3,2.67
Lakeside,2026-04-13,11,6,5,5,0.0,0,3,1.67
Lakeside,2026-04-13,12,4,3,3,0.0,0,3,1.0
Lakeside,2026-04-13,13,3,3,3,0.0,0,3,1.0
Lakeside,2026-04-13,14,7,7,7,1.43,0,3,2.33
Lakeside,2026-04-13,15,8,7,7,2.29,0,3,2.33
Lakeside,2026-04-13,16,1,1,1,0.0,0,3,0.33
Lakeside,2026-04-14,7,1,1,1,9.0,0,0,
Lakeside,2026-04-14,8,3,3,3,0.0,0,2,1.5
Lakeside,2026-04-14,9,4,3,3,0.0,0,3,1.0
Lakeside,2026-04-14,10,7,7,7,0.71,0,3,2.33
Lakeside,2026-04-14,11,2,2,2,0.0,0,3,0.67
Lakeside,2026-04-14,12,1,1,1,0.0,0,3,0.33
Lakeside,2026-04-14,13,4,4,4,0.0,0,3,1.33
Lakeside,2026-04-14,14,2,2,2,0.0,0,3,0.67
Lakeside,2026-04-14,15,4,4,4,0.0,0,3,1.33
Lakeside,2026-04-14,16,4,3,3,0.0,0,3,1.0
Lakeside,2026-04-15,8,1,1,1,0.0,0,2,0.5
Lakeside,2026-04-15,9,7,7,7,5.86,0,3,2.33
Lakeside,2026-04-15,10,6,6,6,11.0,0,3,2.0
Lakeside,2026-04-15,11,2,2,2,0.0,0,3,0.67
Lakeside,2026-04-15,12,1,1,1,0.0,0,3,0.33
Lakeside,2026-04-15,13,2,2,2,0.0,0,3,0.67
Lakeside,2026-04-15,14,3,3,3,0.0,0,3,1.0
Lakeside,2026-04-15,15,7,7,7,2.29,0,3,2.33
Lakeside,2026-04-15,16,3,3,3,0.0,0,3,1.0
Lakeside,2026-04-16,7,1,1,1,6.0,0,0,
Lakeside,2026-04-16,8,2,2,2,0.0,0,2,1.0
Lakeside,2026-04-16,9,10,8,7,0.29,1,3,2.67
Lakeside,2026-04-16,10,6,6,6,0.83,0,3,2.0
Lakeside,2026-04-16,11,5,5,5,0.0,0,3,1.67
Lakeside,2026-04-16,12,3,2,2,0.0,0,3,0.67
Lakeside,2026-04-16,13,3,3,3,0.0,0,3,1.0
Lakeside,2026-04-16,14,4,4,4,0.0,0,3,1.33
Lakeside,2026-04-16,15,5,5,4,0.0,1,3,1.67
Lakeside,2026-04-16,16,4,4,4,0.0,0,3,1.33
Lakeside,2026-04-17,9,4,4,4,0.0,0,3,1.33
Lakeside,2026-04-17,10,5,4,4,0.0,0,3,1.33
Lakeside,2026-04-17,11,3,3,3,0.0,0,3,1.0
Lakeside,2026-04-17,12,2,2,2,0.0,0,3,0.67
Lakeside,2026-04-17,13,1,1,1,0.0,0,3,0.33
Lakeside,2026-04-17,14,4,4,4,0.0,0,3,1.33
Lakeside,2026-04-17,15,8,7,5,0.0,2,3,2.33
Lakeside,2026-04-17,16,5,5,5,0.0,0,3,1.67
Lakeside,2026-04-17,17,1,1,1,0.0,0,0,
Lakeside,2026-04-18,7,1,1,1,1.0,0,0,
Lakeside,2026-04-18,8,1,1,1,0.0,0,2,0.5
Lakeside,2026-04-18,9,9,9,8,0.0,1,3,3.0
Lakeside,2026-04-18,10,7,6,6,0.0,0,3,2.0
Lakeside,2026-04-18,11,3,3,3,0.0,0,3,1.0
Lakeside,2026-04-18,12,3,2,2,0.0,0,3,0.67
Lakeside,2026-04-20,9,4,4,4,0.75,0,3,1.33
Lakeside,2026-04-20,10,6,6,6,1.0,0,3,2.0
Lakeside,2026-04-20,11,6,5,5,0.0,0,3,1.67
Lakeside,2026-04-20,12,1,1,1,0.0,0,3,0.33
Lakeside,2026-04-20,13,1,1,1,0.0,0,3,0.33
Lakeside,2026-04-20,14,10,10,9,5.22,1,3,3.33
Lakeside,2026-04-20,15,3,3,3,0.33,0,3,1.0
Lakeside,2026-04-20,16,6,5,5,0.0,0,3,1.67
Lakeside,2026-04-21,8,1,1,1,0.0,0,2,0.5
Lakeside,2026-04-21,9,7,6,6,0.5,0,3,2.0
Lakeside,2026-04-21,10,2,2,2,0.0,0,3,0.67
Lakeside,2026-04-21,11,3,3,3,0.0,0,3,1.0
Lakeside,2026-04-21,12,2,2,2,0.0,0,3,0.67
Lakeside,2026-04-21,13,2,2,2,0.0,0,3,0.67
Lakeside,2026-04-21,14,2,2,2,0.0,0,3,0.67
Lakeside,2026-04-21,15,6,6,6,0.0,0,3,2.0
Lakeside,2026-04-21,16,2,2,2,0.0,0,3,0.67
Lakeside,2026-04-22,8,4,4,4,2.0,0,2,2.0
Lakeside,2026-04-22,9,7,6,6,0.0,0,3,2.0
Lakeside,2026-04-22,10,3,3,2,0.0,1,3,1.0
Lakeside,2026-04-22,11,4,4,4,0.0,0,3,1.33
Lakeside,2026-04-22,12,2,2,1,0.0,1,3,0.67
Lakeside,2026-04-22,13,3,3,3,0.0,0,3,1.0
Lakeside,2026-04-22,14,8,8,8,0.0,0,3,2.67
Lakeside,2026-04-22,15,8,8,8,3.38,0,3,2.67
Lakeside,2026-04-22,16,2,2,2,0.0,0,3,0.67
Lakeside,2026-04-23,8,2,2,2,0.0,0,2,1.0
Lakeside,2026-04-23,9,3,3,3,0.0,0,3,1.0
Lakeside,2026-04-23,10,9,9,9,0.0,0,3,3.0
Lakeside,2026-04-23,11,3,3,3,0.0,0,3,1.0
Lakeside,2026-04-23,12,1,1,1,0.0,0,3,0.33
Lakeside,2026-04-23,13,3,3,3,0.0,0,3,1.0
Lakeside,2026-04-23,14,6,5,5,0.0,0,3,1.67
Lakeside,2026-04-23,15,5,4,4,0.0,0,3,1.33
Lakeside,2026-04-23,16,3,3,3,0.0,0,3,1.0
Lakeside,2026-04-23,17,1,1,1,0.0,0,0,
Lakeside,2026-04-24,8,5,4,4,1.75,0,2,2.0
Lakeside,2026-04-24,9,3,3,3,0.0,0,3,1.0
Lakeside,2026-04-24,10,6,4,4,0.0,0,3,1.33
Lakeside,2026-04-24,11,4,4,4,0.0,0,3,1.33
Lakeside,2026-04-24,12,4,4,4,0.0,0,3,1.33
Lakeside,2026-04-24,13,1,1,1,0.0,0,3,0.33
Lakeside,2026-04-24,14,2,2,2,0.0,0,3,0.67
Lakeside,2026-04-24,15,8,7,7,0.43,0,3,2.33
Lakeside,2026-04-24,16,4,3,3,0.0,0,3,1.0
Lakeside,2026-04-25,7,1,1,1,2.0,0,0,
Lakeside,2026-04-25,8,4,3,3,0.0,0,2,1.5
Lakeside,2026-04-25,9,3,3,3,0.0,0,3,1.0
Lakeside,2026-04-25,10,4,4,4,1.0,0,3,1.33
Lakeside,2026-04-25,11,7,7,7,0.57,0,3,2.33
Lakeside,2026-04-25,12,3,3,3,0.0,0,3,1.0
Lakeside,2026-04-27,7,1,1,1,9.0,0,0,
Lakeside,2026-04-27,8,1,1,0,,1,2,0.5
Lakeside,2026-04-27,9,5,5,5,0.0,0,3,1.67
Lakeside,2026-04-27,10,5,5,4,1.0,1,3,1.67
Lakeside,2026-04-27,11,10,10,10,1.9,0,3,3.33
Lakeside,2026-04-27,12,3,2,2,0.0,0,3,0.67
Lakeside,2026-04-27,13,5,4,4,0.0,0,3,1.33
Lakeside,2026-04-27,14,3,2,2,0.0,0,3,0.67
Lakeside,2026-04-27,15,2,1,0,,1,3,0.33
Lakeside,2026-04-27,16,3,3,3,0.0,0,3,1.0
Lakeside,2026-04-28,8,2,1,1,0.0,0,2,0.5
Lakeside,2026-04-28,9,2,2,2,0.0,0,3,0.67
Lakeside,2026-04-28,10,1,1,1,0.0,0,3,0.33
Lakeside,2026-04-28,11,3,3,3,0.0,0,3,1.0
Lakeside,2026-04-28,12,1,1,1,0.0,0,3,0.33
Lakeside,2026-04-28,13,5,5,4,0.0,1,3,1.67
Lakeside,2026-04-28,14,3,3,3,2.67,0,3,1.0
Lakeside,2026-04-28,15,6,6,6,0.0,0,3,2.0
Lakeside,2026-04-28,16,4,3,3,0.0,0,3,1.0
Lakeside,2026-04-29,9,9,6,6,0.0,0,3,2.0
Lakeside,2026-04-29,10,7,5,5,1.6,0,3,1.67
Lakeside,2026-04-29,11,6,6,5,1.0,1,3,2.0
Lakeside,2026-04-29,12,1,1,1,0.0,0,3,0.33
Lakeside,2026-04-29,13,3,3,3,0.0,0,3,1.0
Lakeside,2026-04-29,14,7,7,7,0.0,0,3,2.33
Lakeside,2026-04-29,15,4,4,4,0.0,0,3,1.33
Lakeside,2026-04-29,16,3,3,3,0.0,0,3,1.0
Lakeside,2026-04-30,7,1,1,1,7.0,0,0,
Lakeside,2026-04-30,9,3,3,2,0.0,1,3,1.0
Lakeside,2026-04-30,10,6,6,6,1.0,0,3,2.0
Lakeside,2026-04-30,11,4,3,3,0.0,0,3,1.0
Lakeside,2026-04-30,12,2,1,1,0.0,0,3,0.33
Lakeside,2026-04-30,13,1,1,1,0.0,0,3,0.33
Lakeside,2026-04-30,14,2,2,2,0.0,0,3,0.67
Lakeside,2026-04-30,15,10,9,9,6.44,0,3,3.0
Lakeside,2026-04-30,16,4,4,4,0.0,0,3,1.33
Lakeside,2026-05-01,8,4,4,4,1.25,0,2,2.0
Lakeside,2026-05-01,9,2,2,2,0.0,0,3,0.67
Lakeside,2026-05-01,10,7,7,7,2.14,0,3,2.33
Lakeside,2026-05-01,11,2,1,1,0.0,0,3,0.33
Lakeside,2026-05-01,12,7,7,7,0.86,0,3,2.33
Lakeside,2026-05-01,13,3,3,3,0.0,0,3,1.0
Lakeside,2026-05-01,14,1,1,1,0.0,0,3,0.33
Lakeside,2026-05-01,15,4,3,3,0.0,0,3,1.0
Lakeside,2026-05-02,8,2,2,2,0.0,0,2,1.0
Lakeside,2026-05-02,9,3,2,2,0.0,0,3,0.67
Lakeside,2026-05-02,10,10,9,9,0.89,0,3,3.0
Lakeside,2026-05-02,11,5,4,4,3.75,0,3,1.33
Lakeside,2026-05-02,12,3,3,3,0.0,0,3,1.0
Lakeside,2026-05-04,8,2,2,2,0.0,0,2,1.0
Lakeside,2026-05-04,9,5,5,5,0.0,0,3,1.67
Lakeside,2026-05-04,10,15,15,15,10.53,0,3,5.0
Lakeside,2026-05-04,11,2,2,2,17.5,0,3,0.67
Lakeside,2026-05-04,12,4,3,3,0.0,0,3,1.0
Lakeside,2026-05-04,13,4,3,3,0.0,0,3,1.0
Lakeside,2026-05-04,14,2,2,1,0.0,1,3,0.67
Lakeside,2026-05-04,15,3,2,2,0.0,0,3,0.67
Lakeside,2026-05-04,16,4,4,4,0.0,0,3,1.33
Lakeside,2026-05-05,8,1,1,1,0.0,0,2,0.5
Lakeside,2026-05-05,9,4,3,3,0.0,0,3,1.0
Lakeside,2026-05-05,10,5,5,5,1.6,0,3,1.67
Lakeside,2026-05-05,11,3,2,2,0.0,0,3,0.67
Lakeside,2026-05-05,12,2,2,2,0.0,0,3,0.67
Lakeside,2026-05-05,13,4,4,4,0.0,0,3,1.33
Lakeside,2026-05-05,14,3,3,3,0.0,0,3,1.0
Lakeside,2026-05-05,15,6,6,6,0.0,0,3,2.0
Lakeside,2026-05-05,16,3,3,3,0.0,0,3,1.0
Lakeside,2026-05-06,7,2,2,2,3.5,0,0,
Lakeside,2026-05-06,8,2,2,2,0.0,0,2,1.0
Lakeside,2026-05-06,9,3,3,3,0.0,0,3,1.0
Lakeside,2026-05-06,10,6,6,6,0.33,0,3,2.0
Lakeside,2026-05-06,11,5,5,5,0.0,0,3,1.67
Lakeside,2026-05-06,12,4,4,4,0.0,0,3,1.33
Lakeside,2026-05-06,13,4,4,4,0.0,0,3,1.33
Lakeside,2026-05-06,14,5,5,5,0.0,0,3,1.67
Lakeside,2026-05-06,15,3,3,3,0.0,0,3,1.0
Lakeside,2026-05-06,16,4,4,4,0.0,0,3,1.33
Lakeside,2026-05-07,8,1,1,1,0.0,0,2,0.5
Lakeside,2026-05-07,9,2,2,2,0.0,0,3,0.67
Lakeside,2026-05-07,10,3,3,3,0.0,0,3,1.0
Lakeside,2026-05-07,11,8,6,5,0.0,1,3,2.0
Lakeside,2026-05-07,12,3,2,2,0.0,0,3,0.67
Lakeside,2026-05-07,13,3,2,2,0.0,0,3,0.67
Lakeside,2026-05-07,14,3,3,3,0.0,0,3,1.0
Lakeside,2026-05-07,15,6,5,5,0.4,0,3,1.67
Lakeside,2026-05-07,16,3,2,2,0.0,0,3,0.67
Lakeside,2026-05-08,8,2,2,2,0.0,0,2,1.0
Lakeside,2026-05-08,9,4,4,4,0.0,0,3,1.33
Lakeside,2026-05-08,10,2,1,1,0.0,0,3,0.33
Lakeside,2026-05-08,11,7,7,6,0.0,1,3,2.33
Lakeside,2026-05-08,12,2,2,2,0.0,0,3,0.67
Lakeside,2026-05-08,13,2,2,2,0.0,0,3,0.67
Lakeside,2026-05-08,14,1,1,1,0.0,0,3,0.33
Lakeside,2026-05-08,15,2,2,2,0.0,0,3,0.67
Lakeside,2026-05-08,16,2,2,2,0.0,0,3,0.67
Lakeside,2026-05-09,9,10,8,8,0.0,0,3,2.67
Lakeside,2026-05-09,10,6,5,4,0.0,1,3,1.67
Lakeside,2026-05-09,11,3,3,3,0.0,0,3,1.0
Lakeside,2026-05-09,12,4,4,4,0.0,0,3,1.33
Lakeside,2026-05-11,9,3,2,2,0.0,0,3,0.67
Lakeside,2026-05-11,10,3,1,1,0.0,0,3,0.33
Lakeside,2026-05-11,11,7,7,6,1.67,1,3,2.33
Lakeside,2026-05-11,12,4,3,3,0.0,0,3,1.0
Lakeside,2026-05-11,13,2,2,2,0.0,0,3,0.67
Lakeside,2026-05-11,14,6,5,5,0.0,0,3,1.67
Lakeside,2026-05-11,15,3,3,3,0.0,0,3,1.0
Lakeside,2026-05-11,16,2,2,2,0.0,0,3,0.67
Lakeside,2026-05-12,8,2,2,2,0.0,0,2,1.0
Lakeside,2026-05-12,9,5,4,4,0.0,0,3,1.33
Lakeside,2026-05-12,10,7,5,5,0.4,0,3,1.67
Lakeside,2026-05-12,11,4,4,4,0.0,0,3,1.33
Lakeside,2026-05-12,12,2,2,2,0.0,0,3,0.67
Lakeside,2026-05-12,13,4,4,3,0.0,1,3,1.33
Lakeside,2026-05-12,14,3,3,3,0.0,0,3,1.0
Lakeside,2026-05-12,15,7,7,6,2.83,1,3,2.33
Lakeside,2026-05-12,16,1,1,1,0.0,0,3,0.33
Lakeside,2026-05-12,17,1,1,1,0.0,0,0,
Lakeside,2026-05-13,8,2,2,2,0.0,0,2,1.0
Lakeside,2026-05-13,9,7,6,6,0.0,0,3,2.0
Lakeside,2026-05-13,10,8,8,7,0.0,1,3,2.67
Lakeside,2026-05-13,11,3,2,1,0.0,1,3,0.67
Lakeside,2026-05-13,12,3,3,3,0.0,0,3,1.0
Lakeside,2026-05-13,14,5,5,5,1.0,0,3,1.67
Lakeside,2026-05-13,15,1,1,1,0.0,0,3,0.33
Lakeside,2026-05-13,16,4,2,2,0.0,0,3,0.67
Lakeside,2026-05-14,8,2,2,2,0.0,0,2,1.0
Lakeside,2026-05-14,9,4,4,4,0.0,0,3,1.33
Lakeside,2026-05-14,10,3,2,1,0.0,1,3,0.67
Lakeside,2026-05-14,11,4,3,3,0.0,0,3,1.0
Lakeside,2026-05-14,12,4,4,4,0.0,0,3,1.33
Lakeside,2026-05-14,13,1,1,1,0.0,0,3,0.33
Lakeside,2026-05-14,14,1,1,1,0.0,0,3,0.33
Lakeside,2026-05-14,15,5,5,5,0.0,0,3,1.67
Lakeside,2026-05-14,16,4,4,4,0.0,0,3,1.33
Lakeside,2026-05-15,8,2,1,1,0.0,0,2,0.5
Lakeside,2026-05-15,9,5,5,4,1.5,1,3,1.67
Lakeside,2026-05-15,10,2,2,2,0.0,0,3,0.67
Lakeside,2026-05-15,11,4,4,4,0.0,0,3,1.33
Lakeside,2026-05-15,12,3,3,3,0.0,0,3,1.0
Lakeside,2026-05-15,13,1,1,1,0.0,0,3,0.33
Lakeside,2026-05-15,14,5,5,5,0.0,0,3,1.67
Lakeside,2026-05-15,15,4,3,3,0.0,0,3,1.0
Lakeside,2026-05-15,16,3,2,2,0.0,0,3,0.67
Lakeside,2026-05-16,7,1,1,1,8.0,0,0,
Lakeside,2026-05-16,8,2,2,2,3.5,0,2,1.0
Lakeside,2026-05-16,9,4,3,3,0.0,0,3,1.0
Lakeside,2026-05-16,10,4,3,2,0.0,1,3,1.0
Lakeside,2026-05-16,11,2,2,2,0.0,0,3,0.67
Lakeside,2026-05-16,12,2,2,2,0.0,0,3,0.67
Lakeside,2026-05-18,8,1,1,1,0.0,0,2,0.5
Lakeside,2026-05-18,9,5,3,3,0.0,0,3,1.0
Lakeside,2026-05-18,10,5,3,3,0.0,0,3,1.0
Lakeside,2026-05-18,11,5,4,4,0.0,0,3,1.33
Lakeside,2026-05-18,12,3,3,3,0.0,0,3,1.0
Lakeside,2026-05-18,14,7,5,5,0.0,0,3,1.67
Lakeside,2026-05-18,15,5,5,5,0.4,0,3,1.67
Lakeside,2026-05-18,16,2,2,2,0.0,0,3,0.67
Lakeside,2026-05-19,8,3,3,3,0.0,0,2,1.5
Lakeside,2026-05-19,9,4,4,4,0.0,0,3,1.33
Lakeside,2026-05-19,10,4,4,4,0.0,0,3,1.33
Lakeside,2026-05-19,11,4,4,4,0.0,0,3,1.33
Lakeside,2026-05-19,12,1,1,0,,1,3,0.33
Lakeside,2026-05-19,13,3,3,3,0.0,0,3,1.0
Lakeside,2026-05-19,14,4,2,2,0.0,0,3,0.67
Lakeside,2026-05-19,15,5,5,4,0.0,1,3,1.67
Lakeside,2026-05-19,16,3,1,1,0.0,0,3,0.33
Lakeside,2026-05-20,8,3,3,3,0.0,0,2,1.5
Lakeside,2026-05-20,9,4,4,4,0.0,0,3,1.33
Lakeside,2026-05-20,10,7,6,6,0.0,0,3,2.0
Lakeside,2026-05-20,11,7,7,7,0.0,0,3,2.33
Lakeside,2026-05-20,13,2,2,2,0.0,0,3,0.67
Lakeside,2026-05-20,14,1,1,1,0.0,0,3,0.33
Lakeside,2026-05-20,15,2,2,2,0.0,0,3,0.67
Lakeside,2026-05-20,16,1,1,1,0.0,0,3,0.33
Lakeside,2026-05-20,17,1,1,1,0.0,0,0,
Lakeside,2026-05-21,8,1,1,1,0.0,0,2,0.5
Lakeside,2026-05-21,9,7,6,6,0.0,0,3,2.0
Lakeside,2026-05-21,10,4,4,3,0.0,1,3,1.33
Lakeside,2026-05-21,11,5,5,5,0.0,0,3,1.67
Lakeside,2026-05-21,12,5,5,5,0.0,0,3,1.67
Lakeside,2026-05-21,14,3,3,3,0.0,0,3,1.0
Lakeside,2026-05-21,15,3,2,2,0.0,0,3,0.67
Lakeside,2026-05-21,16,1,0,0,,0,3,0.0
Lakeside,2026-05-22,8,2,2,2,0.0,0,2,1.0
Lakeside,2026-05-22,9,5,5,5,0.0,0,3,1.67
Lakeside,2026-05-22,10,3,3,2,0.0,1,3,1.0
Lakeside,2026-05-22,11,2,2,2,0.0,0,3,0.67
Lakeside,2026-05-22,12,3,3,3,0.0,0,3,1.0
Lakeside,2026-05-22,13,4,4,4,0.0,0,3,1.33
Lakeside,2026-05-22,14,5,5,5,0.2,0,3,1.67
Lakeside,2026-05-22,15,4,4,4,0.0,0,3,1.33
Lakeside,2026-05-22,16,3,3,3,0.0,0,3,1.0
Lakeside,2026-05-23,7,1,1,1,12.0,0,0,
Lakeside,2026-05-23,8,3,3,3,0.0,0,2,1.5
Lakeside,2026-05-23,9,5,4,4,0.0,0,3,1.33
Lakeside,2026-05-23,10,9,9,9,1.0,0,3,3.0
Lakeside,2026-05-23,11,8,7,6,3.17,1,3,2.33
Lakeside,2026-05-23,12,5,5,5,0.0,0,3,1.67
Lakeside,2026-05-25,8,1,1,1,0.0,0,2,0.5
Lakeside,2026-05-25,9,4,4,4,0.0,0,3,1.33
Lakeside,2026-05-25,10,8,6,5,0.0,1,3,2.0
Lakeside,2026-05-25,11,7,5,5,0.0,0,3,1.67
Lakeside,2026-05-25,12,3,3,3,0.0,0,3,1.0
Lakeside,2026-05-25,13,3,3,3,0.0,0,3,1.0
Lakeside,2026-05-25,14,5,5,5,0.0,0,3,1.67
Lakeside,2026-05-25,15,12,11,11,7.18,0,3,3.67
Lakeside,2026-05-25,16,2,1,1,0.0,0,3,0.33
Lakeside,2026-05-26,8,1,1,1,0.0,0,2,0.5
Lakeside,2026-05-26,9,6,6,6,0.0,0,3,2.0
Lakeside,2026-05-26,10,7,7,7,1.57,0,3,2.33
Lakeside,2026-05-26,11,4,4,4,0.0,0,3,1.33
Lakeside,2026-05-26,12,4,3,3,0.0,0,3,1.0
Lakeside,2026-05-26,13,1,0,0,,0,3,0.0
Lakeside,2026-05-26,15,3,3,3,0.0,0,3,1.0
Lakeside,2026-05-26,16,4,4,4,0.0,0,3,1.33
Lakeside,2026-05-27,8,2,2,2,0.0,0,2,1.0
Lakeside,2026-05-27,9,3,3,3,0.0,0,3,1.0
Lakeside,2026-05-27,10,5,5,5,1.2,0,3,1.67
Lakeside,2026-05-27,11,4,4,4,0.5,0,3,1.33
Lakeside,2026-05-27,12,4,3,3,0.0,0,3,1.0
Lakeside,2026-05-27,13,1,1,1,0.0,0,3,0.33
Lakeside,2026-05-27,14,1,1,1,0.0,0,3,0.33
Lakeside,2026-05-27,15,7,7,7,0.43,0,3,2.33
Lakeside,2026-05-27,16,5,4,4,6.0,0,3,1.33
Lakeside,2026-05-28,8,1,1,1,0.0,0,2,0.5
Lakeside,2026-05-28,9,8,8,8,2.0,0,3,2.67
Lakeside,2026-05-28,10,5,4,4,5.0,0,3,1.33
Lakeside,2026-05-28,11,5,5,5,0.0,0,3,1.67
Lakeside,2026-05-28,12,3,3,3,0.0,0,3,1.0
Lakeside,2026-05-28,13,3,3,2,0.0,1,3,1.0
Lakeside,2026-05-28,14,5,4,4,0.0,0,3,1.33
Lakeside,2026-05-28,15,4,3,3,0.0,0,3,1.0
Lakeside,2026-05-28,16,8,7,7,1.0,0,3,2.33
Lakeside,2026-05-29,8,1,1,1,0.0,0,2,0.5
Lakeside,2026-05-29,10,3,3,3,0.0,0,3,1.0
Lakeside,2026-05-29,11,1,1,1,0.0,0,3,0.33
Lakeside,2026-05-29,12,2,2,2,0.0,0,3,0.67
Lakeside,2026-05-29,13,4,4,4,0.0,0,3,1.33
Lakeside,2026-05-29,14,6,5,5,1.2,0,3,1.67
Lakeside,2026-05-29,15,2,1,1,0.0,0,3,0.33
Lakeside,2026-05-29,16,2,2,2,0.0,0,3,0.67
Lakeside,2026-05-30,8,1,1,1,0.0,0,2,0.5
Lakeside,2026-05-30,9,7,6,6,2.83,0,3,2.0
Lakeside,2026-05-30,10,6,6,6,2.33,0,3,2.0
Lakeside,2026-05-30,11,5,5,5,0.0,0,3,1.67
Lakeside,2026-05-30,12,4,4,4,0.0,0,3,1.33
Lakeside,2026-06-01,8,4,4,3,0.0,1,2,2.0
Lakeside,2026-06-01,9,5,4,4,0.0,0,3,1.33
Lakeside,2026-06-01,10,6,6,6,0.0,0,3,2.0
Lakeside,2026-06-01,11,7,5,5,0.0,0,3,1.67
Lakeside,2026-06-01,12,1,1,1,0.0,0,3,0.33
Lakeside,2026-06-01,13,1,1,1,0.0,0,3,0.33
Lakeside,2026-06-01,14,9,9,9,2.0,0,3,3.0
Lakeside,2026-06-01,15,4,4,4,0.75,0,3,1.33
Lakeside,2026-06-01,16,3,2,2,0.0,0,3,0.67
Lakeside,2026-06-02,7,1,1,1,2.0,0,0,
Lakeside,2026-06-02,8,2,2,2,0.0,0,2,1.0
Lakeside,2026-06-02,9,2,2,2,0.0,0,3,0.67
Lakeside,2026-06-02,10,4,3,3,0.0,0,3,1.0
Lakeside,2026-06-02,11,5,5,5,0.0,0,3,1.67
Lakeside,2026-06-02,12,1,0,0,,0,3,0.0
Lakeside,2026-06-02,13,2,2,2,0.0,0,3,0.67
Lakeside,2026-06-02,14,2,1,1,0.0,0,3,0.33
Lakeside,2026-06-02,15,5,5,5,0.0,0,3,1.67
Lakeside,2026-06-02,16,2,2,2,0.0,0,3,0.67
Lakeside,2026-06-03,9,2,2,2,0.0,0,3,0.67
Lakeside,2026-06-03,10,4,4,4,0.0,0,3,1.33
Lakeside,2026-06-03,11,7,7,6,0.0,1,3,2.33
Lakeside,2026-06-03,12,3,3,3,0.0,0,3,1.0
Lakeside,2026-06-03,13,3,3,3,0.0,0,3,1.0
Lakeside,2026-06-03,14,5,5,4,0.0,1,3,1.67
Lakeside,2026-06-03,15,6,5,5,0.0,0,3,1.67
Lakeside,2026-06-03,16,3,2,2,0.0,0,3,0.67
Lakeside,2026-06-04,8,1,1,1,0.0,0,2,0.5
Lakeside,2026-06-04,9,4,4,4,0.0,0,3,1.33
Lakeside,2026-06-04,10,7,7,7,1.57,0,3,2.33
Lakeside,2026-06-04,11,7,7,7,0.0,0,3,2.33
Lakeside,2026-06-04,12,3,3,3,0.0,0,3,1.0
Lakeside,2026-06-04,13,1,1,1,0.0,0,3,0.33
Lakeside,2026-06-04,14,4,4,4,0.0,0,3,1.33
Lakeside,2026-06-04,15,6,6,6,2.33,0,3,2.0
Lakeside,2026-06-04,16,3,2,2,0.0,0,3,0.67
Lakeside,2026-06-05,8,3,2,2,0.0,0,2,1.0
Lakeside,2026-06-05,9,3,3,3,0.0,0,3,1.0
Lakeside,2026-06-05,10,7,6,6,0.0,0,3,2.0
Lakeside,2026-06-05,11,5,5,5,0.0,0,3,1.67
Lakeside,2026-06-05,13,1,1,1,0.0,0,3,0.33
Lakeside,2026-06-05,14,5,4,4,0.0,0,3,1.33
Lakeside,2026-06-05,15,8,7,6,0.0,1,3,2.33
Lakeside,2026-06-05,16,4,4,4,1.25,0,3,1.33
Lakeside,2026-06-06,8,3,3,3,0.0,0,2,1.5
Lakeside,2026-06-06,9,5,4,3,0.0,1,3,1.33
Lakeside,2026-06-06,10,9,9,9,0.78,0,3,3.0
Lakeside,2026-06-06,11,6,6,5,0.8,1,3,2.0
Lakeside,2026-06-06,12,2,2,2,0.0,0,3,0.67
Lakeside,2026-06-08,8,2,2,2,0.0,0,2,1.0
Lakeside,2026-06-08,9,2,2,2,0.0,0,3,0.67
Lakeside,2026-06-08,10,7,7,7,6.0,0,3,2.33
Lakeside,2026-06-08,11,5,5,4,0.0,1,3,1.67
Lakeside,2026-06-08,12,1,1,1,0.0,0,3,0.33
Lakeside,2026-06-08,13,3,2,2,0.0,0,3,0.67
Lakeside,2026-06-08,14,7,7,7,0.0,0,3,2.33
Lakeside,2026-06-08,15,8,8,8,3.88,0,3,2.67
Lakeside,2026-06-09,8,3,3,2,0.0,1,2,1.5
Lakeside,2026-06-09,9,2,2,2,0.0,0,3,0.67
Lakeside,2026-06-09,10,6,5,5,0.0,0,3,1.67
Lakeside,2026-06-09,11,5,5,5,0.0,0,3,1.67
Lakeside,2026-06-09,12,1,1,1,0.0,0,3,0.33
Lakeside,2026-06-09,13,2,2,2,0.0,0,3,0.67
Lakeside,2026-06-09,14,6,4,4,0.0,0,3,1.33
Lakeside,2026-06-09,15,6,6,6,0.0,0,3,2.0
Lakeside,2026-06-09,16,3,3,3,0.0,0,3,1.0
Lakeside,2026-06-10,8,2,2,1,0.0,1,2,1.0
Lakeside,2026-06-10,9,3,3,3,0.0,0,3,1.0
Lakeside,2026-06-10,10,5,4,4,0.0,0,3,1.33
Lakeside,2026-06-10,11,5,5,4,0.0,1,3,1.67
Lakeside,2026-06-10,12,3,3,3,0.0,0,3,1.0
Lakeside,2026-06-10,13,3,3,3,0.0,0,3,1.0
Lakeside,2026-06-10,14,2,2,2,0.0,0,3,0.67
Lakeside,2026-06-10,15,2,2,2,0.0,0,3,0.67
Lakeside,2026-06-10,16,3,3,3,0.0,0,3,1.0
Lakeside,2026-06-11,8,1,1,1,0.0,0,2,0.5
Lakeside,2026-06-11,9,2,2,2,0.0,0,3,0.67
Lakeside,2026-06-11,10,5,5,5,0.0,0,3,1.67
Lakeside,2026-06-11,11,5,4,4,0.0,0,3,1.33
Lakeside,2026-06-11,12,3,3,3,0.0,0,3,1.0
Lakeside,2026-06-11,13,4,4,4,0.0,0,3,1.33
Lakeside,2026-06-11,14,8,7,7,0.0,0,3,2.33
Lakeside,2026-06-11,15,5,4,4,0.0,0,3,1.33
Lakeside,2026-06-11,16,4,2,2,0.0,0,3,0.67
Lakeside,2026-06-12,8,2,1,1,0.0,0,2,0.5
Lakeside,2026-06-12,9,3,3,3,0.0,0,3,1.0
Lakeside,2026-06-12,10,4,4,4,0.25,0,3,1.33
Lakeside,2026-06-12,11,1,1,1,0.0,0,3,0.33
Lakeside,2026-06-12,12,2,2,2,0.0,0,3,0.67
Lakeside,2026-06-12,13,2,2,2,0.0,0,3,0.67
Lakeside,2026-06-12,14,4,4,4,0.0,0,3,1.33
Lakeside,2026-06-12,15,4,3,3,0.0,0,3,1.0
Lakeside,2026-06-12,16,6,5,5,0.0,0,3,1.67
Lakeside,2026-06-13,8,3,3,3,0.0,0,2,1.5
Lakeside,2026-06-13,9,4,4,4,0.0,0,3,1.33
Lakeside,2026-06-13,10,6,5,5,0.4,0,3,1.67
Lakeside,2026-06-13,11,2,2,2,0.0,0,3,0.67
Lakeside,2026-06-13,12,3,3,3,0.0,0,3,1.0
Lakeside,2026-06-15,9,7,7,7,1.29,0,3,2.33
Lakeside,2026-06-15,10,5,4,4,0.0,0,3,1.33
Lakeside,2026-06-15,11,5,4,4,0.0,0,3,1.33
Lakeside,2026-06-15,12,3,3,3,0.0,0,3,1.0
Lakeside,2026-06-15,13,2,2,2,0.0,0,3,0.67
Lakeside,2026-06-15,14,4,4,3,0.0,1,3,1.33
Lakeside,2026-06-15,15,10,8,8,0.88,0,3,2.67
Lakeside,2026-06-15,16,2,2,2,0.0,0,3,0.67
Lakeside,2026-06-16,7,3,3,2,5.0,1,0,
Lakeside,2026-06-16,8,1,1,1,10.0,0,2,0.5
Lakeside,2026-06-16,9,3,3,3,0.0,0,3,1.0
Lakeside,2026-06-16,10,6,6,6,0.0,0,3,2.0
Lakeside,2026-06-16,11,1,1,1,0.0,0,3,0.33
Lakeside,2026-06-16,12,2,2,2,0.0,0,3,0.67
Lakeside,2026-06-16,13,2,2,2,0.0,0,3,0.67
Lakeside,2026-06-16,14,4,3,3,0.0,0,3,1.0
Lakeside,2026-06-16,15,8,8,8,1.38,0,3,2.67
Lakeside,2026-06-16,16,5,4,4,0.0,0,3,1.33
Lakeside,2026-06-17,9,6,5,5,0.4,0,3,1.67
Lakeside,2026-06-17,10,4,4,4,0.0,0,3,1.33
Lakeside,2026-06-17,11,4,4,4,0.0,0,3,1.33
Lakeside,2026-06-17,12,3,3,3,0.0,0,3,1.0
Lakeside,2026-06-17,13,2,2,2,0.0,0,3,0.67
Lakeside,2026-06-17,14,1,1,1,0.0,0,3,0.33
Lakeside,2026-06-17,15,8,6,6,0.17,0,3,2.0
Lakeside,2026-06-17,16,4,4,4,0.0,0,3,1.33
Lakeside,2026-06-18,8,2,1,1,0.0,0,2,0.5
Lakeside,2026-06-18,9,2,2,2,0.0,0,3,0.67
Lakeside,2026-06-18,10,4,4,4,0.0,0,3,1.33
Lakeside,2026-06-18,11,1,1,1,0.0,0,3,0.33
Lakeside,2026-06-18,12,1,1,1,0.0,0,3,0.33
Lakeside,2026-06-18,13,1,1,1,0.0,0,3,0.33
Lakeside,2026-06-18,14,3,2,2,0.0,0,3,0.67
Lakeside,2026-06-18,15,6,6,5,0.2,1,3,2.0
Lakeside,2026-06-18,16,5,4,4,0.0,0,3,1.33
Lakeside,2026-06-19,8,2,2,2,0.0,0,2,1.0
Lakeside,2026-06-19,9,4,3,3,0.0,0,3,1.0
Lakeside,2026-06-19,10,6,4,4,0.0,0,3,1.33
Lakeside,2026-06-19,11,2,2,2,0.0,0,3,0.67
Lakeside,2026-06-19,12,4,4,4,0.0,0,3,1.33
Lakeside,2026-06-19,13,2,2,2,0.0,0,3,0.67
Lakeside,2026-06-19,14,5,4,4,0.0,0,3,1.33
Lakeside,2026-06-19,15,3,2,2,0.0,0,3,0.67
Lakeside,2026-06-19,16,4,3,2,0.0,1,3,1.0
Lakeside,2026-06-20,8,2,2,2,0.0,0,2,1.0
Lakeside,2026-06-20,9,8,8,8,2.0,0,3,2.67
Lakeside,2026-06-20,10,7,7,7,1.0,0,3,2.33
Lakeside,2026-06-20,11,4,3,3,0.0,0,3,1.0
Lakeside,2026-06-20,12,4,4,4,0.0,0,3,1.33
Lakeside,2026-06-22,7,1,1,1,14.0,0,0,
Lakeside,2026-06-22,9,5,5,5,0.0,0,3,1.67
Lakeside,2026-06-22,10,5,3,3,0.0,0,3,1.0
Lakeside,2026-06-22,11,3,3,3,0.0,0,3,1.0
Lakeside,2026-06-22,12,2,2,2,0.0,0,3,0.67
Lakeside,2026-06-22,13,3,2,2,0.0,0,3,0.67
Lakeside,2026-06-22,14,3,3,3,0.0,0,3,1.0
Lakeside,2026-06-22,15,5,3,3,0.0,0,3,1.0
Lakeside,2026-06-22,16,4,3,3,0.0,0,3,1.0
Lakeside,2026-06-23,9,8,8,8,9.0,0,3,2.67
Lakeside,2026-06-23,10,8,8,7,25.71,1,3,2.67
Lakeside,2026-06-23,11,4,4,4,10.5,0,3,1.33
Lakeside,2026-06-23,12,4,4,4,0.0,0,3,1.33
Lakeside,2026-06-23,13,4,4,4,0.0,0,3,1.33
Lakeside,2026-06-23,14,3,2,2,0.0,0,3,0.67
Lakeside,2026-06-23,15,3,2,2,0.0,0,3,0.67
Lakeside,2026-06-23,16,1,1,1,0.0,0,3,0.33
Lakeside,2026-06-24,7,1,1,1,4.0,0,0,
Lakeside,2026-06-24,8,1,1,1,0.0,0,2,0.5
Lakeside,2026-06-24,9,7,7,7,0.0,0,3,2.33
Lakeside,2026-06-24,10,8,7,7,6.57,0,3,2.33
Lakeside,2026-06-24,11,4,3,3,0.0,0,3,1.0
Lakeside,2026-06-24,12,3,3,2,0.0,1,3,1.0
Lakeside,2026-06-24,13,1,1,1,0.0,0,3,0.33
Lakeside,2026-06-24,14,2,2,2,0.0,0,3,0.67
Lakeside,2026-06-24,15,7,5,5,0.0,0,3,1.67
Lakeside,2026-06-24,16,3,3,3,0.0,0,3,1.0
Lakeside,2026-06-25,8,5,3,3,2.67,0,2,1.5
Lakeside,2026-06-25,9,2,2,2,0.0,0,3,0.67
Lakeside,2026-06-25,10,4,3,3,0.0,0,3,1.0
Lakeside,2026-06-25,11,4,4,4,0.0,0,3,1.33
Lakeside,2026-06-25,12,2,2,2,0.0,0,3,0.67
Lakeside,2026-06-25,13,1,1,1,0.0,0,3,0.33
Lakeside,2026-06-25,14,7,7,7,0.0,0,3,2.33
Lakeside,2026-06-25,15,11,10,10,0.0,0,3,3.33
Lakeside,2026-06-25,16,6,6,6,0.17,0,3,2.0
Lakeside,2026-06-25,17,1,1,1,0.0,0,0,
Lakeside,2026-06-26,8,2,2,2,0.0,0,2,1.0
Lakeside,2026-06-26,9,3,3,3,0.0,0,3,1.0
Lakeside,2026-06-26,10,8,8,8,5.12,0,3,2.67
Lakeside,2026-06-26,11,5,4,4,0.0,0,3,1.33
Lakeside,2026-06-26,12,2,2,2,0.0,0,3,0.67
Lakeside,2026-06-26,13,4,4,4,0.0,0,3,1.33
Lakeside,2026-06-26,14,2,1,1,0.0,0,3,0.33
Lakeside,2026-06-26,15,8,8,8,0.0,0,3,2.67
Lakeside,2026-06-26,16,1,1,1,0.0,0,3,0.33
Lakeside,2026-06-27,8,6,5,5,2.6,0,2,2.5
Lakeside,2026-06-27,9,1,1,1,0.0,0,3,0.33
Lakeside,2026-06-27,10,9,8,8,0.0,0,3,2.67
Lakeside,2026-06-27,11,5,4,3,0.0,1,3,1.33
Lakeside,2026-06-27,12,2,2,2,0.0,0,3,0.67
Lakeside,2026-06-29,8,7,6,6,1.17,0,2,3.0
Lakeside,2026-06-29,9,7,6,5,0.0,1,3,2.0
Lakeside,2026-06-29,10,5,5,5,0.0,0,3,1.67
Lakeside,2026-06-29,11,3,3,3,0.0,0,3,1.0
Lakeside,2026-06-29,12,1,1,1,0.0,0,3,0.33
Lakeside,2026-06-29,13,2,2,2,0.0,0,3,0.67
Lakeside,2026-06-29,14,3,3,3,0.0,0,3,1.0
Lakeside,2026-06-29,15,3,3,3,0.0,0,3,1.0
Lakeside,2026-06-29,16,2,2,2,0.0,0,3,0.67
Lakeside,2026-06-30,7,1,1,1,14.0,0,0,
Lakeside,2026-06-30,8,3,2,2,0.0,0,2,1.0
Lakeside,2026-06-30,9,2,1,1,0.0,0,3,0.33
Lakeside,2026-06-30,10,7,6,5,0.0,1,3,2.0
Lakeside,2026-06-30,11,4,4,4,0.0,0,3,1.33
Lakeside,2026-06-30,12,3,3,3,0.0,0,3,1.0
Lakeside,2026-06-30,13,6,6,6,0.0,0,3,2.0
Lakeside,2026-06-30,14,7,7,7,0.29,0,3,2.33
Lakeside,2026-06-30,15,5,5,5,0.0,0,3,1.67
Lakeside,2026-06-30,16,1,1,1,0.0,0,3,0.33
Northside,2026-01-01,7,1,1,1,11.0,0,0,
Northside,2026-01-01,8,2,1,1,0.0,0,2,0.5
Northside,2026-01-01,9,5,4,4,0.0,0,3,1.33
Northside,2026-01-01,10,9,8,8,4.0,0,3,2.67
Northside,2026-01-01,11,2,2,2,0.0,0,3,0.67
Northside,2026-01-01,12,4,3,3,0.0,0,3,1.0
Northside,2026-01-01,13,4,4,3,0.0,1,3,1.33
Northside,2026-01-01,14,6,5,5,0.0,0,3,1.67
Northside,2026-01-01,15,2,2,2,0.0,0,3,0.67
Northside,2026-01-01,16,3,3,3,0.0,0,3,1.0
Northside,2026-01-02,9,7,6,6,1.83,0,3,2.0
Northside,2026-01-02,10,4,3,3,0.0,0,3,1.0
Northside,2026-01-02,11,4,4,4,0.0,0,3,1.33
Northside,2026-01-02,12,1,1,1,0.0,0,3,0.33
Northside,2026-01-02,13,1,1,1,0.0,0,3,0.33
Northside,2026-01-02,14,7,7,6,0.33,1,3,2.33
Northside,2026-01-02,15,3,2,2,0.0,0,3,0.67
Northside,2026-01-02,16,2,2,2,0.0,0,3,0.67
Northside,2026-01-03,8,3,3,3,0.0,0,2,1.5
Northside,2026-01-03,9,1,0,0,,0,3,0.0
Northside,2026-01-03,10,8,8,8,1.25,0,3,2.67
Northside,2026-01-03,11,5,5,5,0.6,0,3,1.67
Northside,2026-01-03,12,5,5,5,0.0,0,3,1.67
Northside,2026-01-05,8,2,2,2,0.0,0,2,1.0
Northside,2026-01-05,9,8,5,5,2.2,0,3,1.67
Northside,2026-01-05,10,10,8,8,3.5,0,3,2.67
Northside,2026-01-05,11,5,3,3,0.0,0,3,1.0
Northside,2026-01-05,12,3,3,3,0.0,0,3,1.0
Northside,2026-01-05,13,3,3,3,0.0,0,3,1.0
Northside,2026-01-05,14,5,5,5,0.0,0,3,1.67
Northside,2026-01-05,15,7,6,6,1.33,0,3,2.0
Northside,2026-01-05,16,7,7,7,4.86,0,3,2.33
Northside,2026-01-05,17,1,1,1,7.0,0,0,
Northside,2026-01-06,8,4,4,4,1.0,0,2,2.0
Northside,2026-01-06,9,7,7,7,0.86,0,3,2.33
Northside,2026-01-06,10,9,7,7,7.86,0,3,2.33
Northside,2026-01-06,11,9,8,8,9.62,0,3,2.67
Northside,2026-01-06,12,1,1,1,11.0,0,3,0.33
Northside,2026-01-06,13,3,3,3,0.0,0,3,1.0
Northside,2026-01-06,14,5,5,5,0.8,0,3,1.67
Northside,2026-01-06,15,6,4,4,0.0,0,3,1.33
Northside,2026-01-06,16,2,2,2,0.0,0,3,0.67
Northside,2026-01-07,8,2,2,2,0.0,0,2,1.0
Northside,2026-01-07,9,6,5,5,1.6,0,3,1.67
Northside,2026-01-07,10,2,2,2,0.0,0,3,0.67
Northside,2026-01-07,11,4,4,4,0.0,0,3,1.33
Northside,2026-01-07,12,4,4,4,6.75,0,3,1.33
Northside,2026-01-07,13,2,2,2,0.0,0,3,0.67
Northside,2026-01-07,14,10,10,9,0.56,1,3,3.33
Northside,2026-01-07,15,5,5,5,3.0,0,3,1.67
Northside,2026-01-07,16,2,1,1,0.0,0,3,0.33
Northside,2026-01-08,8,4,2,2,0.0,0,2,1.0
Northside,2026-01-08,9,4,4,4,0.0,0,3,1.33
Northside,2026-01-08,10,10,8,8,1.88,0,3,2.67
Northside,2026-01-08,11,5,4,4,3.25,0,3,1.33
Northside,2026-01-08,13,5,4,4,0.0,0,3,1.33
Northside,2026-01-08,14,2,2,2,0.0,0,3,0.67
Northside,2026-01-08,15,4,3,3,0.0,0,3,1.0
Northside,2026-01-08,16,4,4,4,0.0,0,3,1.33
Northside,2026-01-09,7,1,1,1,17.0,0,0,
Northside,2026-01-09,8,2,2,2,0.5,0,2,1.0
Northside,2026-01-09,9,6,6,6,0.0,0,3,2.0
Northside,2026-01-09,10,10,9,9,5.0,0,3,3.0
Northside,2026-01-09,11,3,3,3,0.0,0,3,1.0
Northside,2026-01-09,12,4,4,4,0.0,0,3,1.33
Northside,2026-01-09,13,3,3,3,0.0,0,3,1.0
Northside,2026-01-09,14,9,9,9,0.33,0,3,3.0
Northside,2026-01-09,15,5,4,3,0.0,1,3,1.33
Northside,2026-01-09,16,5,3,3,0.0,0,3,1.0
Northside,2026-01-10,7,1,1,1,5.0,0,0,
Northside,2026-01-10,8,5,5,5,15.6,0,2,2.5
Northside,2026-01-10,9,6,6,6,0.0,0,3,2.0
Northside,2026-01-10,10,15,14,13,19.85,1,3,4.67
Northside,2026-01-10,11,9,9,9,13.33,0,3,3.0
Northside,2026-01-10,12,4,3,3,1.0,0,3,1.0
Northside,2026-01-12,8,1,1,1,0.0,0,2,0.5
Northside,2026-01-12,9,3,3,3,0.0,0,3,1.0
Northside,2026-01-12,10,5,5,5,0.0,0,3,1.67
Northside,2026-01-12,11,2,1,1,0.0,0,3,0.33
Northside,2026-01-12,12,6,5,5,0.0,0,3,1.67
Northside,2026-01-12,13,4,3,3,0.0,0,3,1.0
Northside,2026-01-12,14,4,4,4,0.0,0,3,1.33
Northside,2026-01-12,15,6,6,6,0.67,0,3,2.0
Northside,2026-01-12,16,7,7,7,1.0,0,3,2.33
Northside,2026-01-13,8,4,3,3,0.0,0,2,1.5
Northside,2026-01-13,9,7,7,7,1.29,0,3,2.33
Northside,2026-01-13,10,4,4,4,0.25,0,3,1.33
Northside,2026-01-13,11,5,4,4,1.0,0,3,1.33
Northside,2026-01-13,13,6,5,5,0.0,0,3,1.67
Northside,2026-01-13,14,7,7,7,0.71,0,3,2.33
Northside,2026-01-13,15,4,4,4,0.0,0,3,1.33
Northside,2026-01-13,16,2,2,2,0.0,0,3,0.67
Northside,2026-01-14,8,3,3,3,0.33,0,2,1.5
Northside,2026-01-14,9,5,5,5,0.6,0,3,1.67
Northside,2026-01-14,10,7,6,6,0.17,0,3,2.0
Northside,2026-01-14,11,6,5,5,0.0,0,3,1.67
Northside,2026-01-14,12,2,2,2,0.0,0,3,0.67
Northside,2026-01-14,13,4,4,4,0.0,0,3,1.33
Northside,2026-01-14,14,6,6,5,0.0,1,3,2.0
Northside,2026-01-14,15,9,7,6,1.33,1,3,2.33
Northside,2026-01-14,16,7,7,7,1.86,0,3,2.33
Northside,2026-01-15,9,4,4,4,0.0,0,3,1.33
Northside,2026-01-15,10,8,8,8,1.38,0,3,2.67
Northside,2026-01-15,11,2,1,1,0.0,0,3,0.33
Northside,2026-01-15,12,2,2,2,0.0,0,3,0.67
Northside,2026-01-15,13,3,2,2,0.0,0,3,0.67
Northside,2026-01-15,14,6,6,5,0.0,1,3,2.0
Northside,2026-01-15,15,10,9,9,4.22,0,3,3.0
Northside,2026-01-15,16,2,2,2,0.0,0,3,0.67
Northside,2026-01-16,7,1,1,1,21.0,0,0,
Northside,2026-01-16,8,3,2,2,0.0,0,2,1.0
Northside,2026-01-16,9,4,4,4,0.0,0,3,1.33
Northside,2026-01-16,10,5,5,4,2.75,1,3,1.67
Northside,2026-01-16,11,5,4,3,0.0,1,3,1.33
Northside,2026-01-16,12,2,2,1,0.0,1,3,0.67
Northside,2026-01-16,13,2,2,2,0.0,0,3,0.67
Northside,2026-01-16,14,1,1,1,0.0,0,3,0.33
Northside,2026-01-16,15,5,4,4,0.0,0,3,1.33
Northside,2026-01-16,16,4,2,2,0.0,0,3,0.67
Northside,2026-01-17,8,4,4,4,7.0,0,2,2.0
Northside,2026-01-17,9,7,7,7,0.0,0,3,2.33
Northside,2026-01-17,10,10,10,10,2.3,0,3,3.33
Northside,2026-01-17,11,5,5,5,6.0,0,3,1.67
Northside,2026-01-17,12,1,1,1,0.0,0,3,0.33
Northside,2026-01-19,8,6,5,4,0.0,1,2,2.5
Northside,2026-01-19,9,11,9,8,0.0,1,3,3.0
Northside,2026-01-19,10,9,6,5,4.6,1,3,2.0
Northside,2026-01-19,11,6,4,4,0.0,0,3,1.33
Northside,2026-01-19,12,3,3,3,0.0,0,3,1.0
Northside,2026-01-19,13,1,1,1,0.0,0,3,0.33
Northside,2026-01-19,14,4,4,4,0.0,0,3,1.33
Northside,2026-01-19,15,5,4,3,0.0,1,3,1.33
Northside,2026-01-19,16,8,7,6,0.0,1,3,2.33
Northside,2026-01-20,8,1,1,1,0.0,0,2,0.5
Northside,2026-01-20,9,2,2,2,0.0,0,3,0.67
Northside,2026-01-20,10,6,6,6,5.33,0,3,2.0
Northside,2026-01-20,11,4,3,3,1.67,0,3,1.0
Northside,2026-01-20,12,3,2,2,0.0,0,3,0.67
Northside,2026-01-20,13,2,2,2,0.0,0,3,0.67
Northside,2026-01-20,14,1,1,1,0.0,0,3,0.33
Northside,2026-01-20,15,5,5,5,0.0,0,3,1.67
Northside,2026-01-20,16,6,6,6,0.33,0,3,2.0
Northside,2026-01-21,7,1,1,1,4.0,0,0,
Northside,2026-01-21,8,7,5,4,6.5,1,2,2.5
Northside,2026-01-21,9,4,3,3,0.0,0,3,1.0
Northside,2026-01-21,10,10,10,10,15.4,0,3,3.33
Northside,2026-01-21,11,7,5,5,7.4,0,3,1.67
Northside,2026-01-21,12,2,2,2,0.0,0,3,0.67
Northside,2026-01-21,13,3,3,3,0.0,0,3,1.0
Northside,2026-01-21,14,3,3,3,0.0,0,3,1.0
Northside,2026-01-21,15,5,4,3,0.0,1,3,1.33
Northside,2026-01-21,16,8,6,6,1.17,0,3,2.0
Northside,2026-01-22,8,4,4,3,1.67,1,2,2.0
Northside,2026-01-22,9,4,4,4,0.0,0,3,1.33
Northside,2026-01-22,10,8,8,7,1.0,1,3,2.67
Northside,2026-01-22,11,6,5,5,0.8,0,3,1.67
Northside,2026-01-22,12,4,4,4,0.0,0,3,1.33
Northside,2026-01-22,13,2,2,2,0.0,0,3,0.67
Northside,2026-01-22,14,8,8,8,0.5,0,3,2.67
Northside,2026-01-22,15,12,11,10,8.3,1,3,3.67
Northside,2026-01-22,16,4,3,3,0.0,0,3,1.0
Northside,2026-01-23,8,5,3,3,0.0,0,2,1.5
Northside,2026-01-23,9,3,3,3,0.0,0,3,1.0
Northside,2026-01-23,10,7,6,6,0.17,0,3,2.0
Northside,2026-01-23,11,5,4,4,0.0,0,3,1.33
Northside,2026-01-23,12,2,2,2,0.0,0,3,0.67
Northside,2026-01-23,13,4,4,4,0.25,0,3,1.33
Northside,2026-01-23,14,4,4,4,0.0,0,3,1.33
Northside,2026-01-23,15,7,7,7,10.86,0,3,2.33
Northside,2026-01-23,16,3,3,3,16.0,0,3,1.0
Northside,2026-01-24,8,4,4,4,0.25,0,2,2.0
Northside,2026-01-24,9,6,5,5,0.0,0,3,1.67
Northside,2026-01-24,10,7,7,7,5.86,0,3,2.33
Northside,2026-01-24,11,9,9,9,4.67,0,3,3.0
Northside,2026-01-24,12,3,3,3,1.0,0,3,1.0
Northside,2026-01-26,8,5,3,3,0.0,0,2,1.5
Northside,2026-01-26,9,6,6,6,0.0,0,3,2.0
Northside,2026-01-26,10,11,9,9,0.78,0,3,3.0
Northside,2026-01-26,11,11,9,9,15.78,0,3,3.0
Northside,2026-01-26,12,7,7,7,3.57,0,3,2.33
Northside,2026-01-26,13,3,3,2,9.0,1,3,1.0
Northside,2026-01-26,14,5,5,5,0.0,0,3,1.67
Northside,2026-01-26,15,6,5,5,0.0,0,3,1.67
Northside,2026-01-26,16,10,10,10,1.4,0,3,3.33
Northside,2026-01-27,7,1,1,0,,1,0,
Northside,2026-01-27,8,1,1,1,0.0,0,2,0.5
Northside,2026-01-27,9,6,6,5,0.0,1,3,2.0
Northside,2026-01-27,10,7,6,6,2.83,0,3,2.0
Northside,2026-01-27,11,6,6,5,0.0,1,3,2.0
Northside,2026-01-27,12,2,2,2,0.0,0,3,0.67
Northside,2026-01-27,14,3,3,3,0.0,0,3,1.0
Northside,2026-01-27,15,7,4,4,0.0,0,3,1.33
Northside,2026-01-27,16,4,4,4,0.0,0,3,1.33
Northside,2026-01-28,7,1,1,1,4.0,0,0,
Northside,2026-01-28,8,1,1,1,0.0,0,2,0.5
Northside,2026-01-28,9,5,4,4,0.0,0,3,1.33
Northside,2026-01-28,10,7,7,7,2.57,0,3,2.33
Northside,2026-01-28,11,3,2,2,1.0,0,3,0.67
Northside,2026-01-28,12,3,3,3,0.0,0,3,1.0
Northside,2026-01-28,13,4,4,4,0.0,0,3,1.33
Northside,2026-01-28,14,3,3,3,0.0,0,3,1.0
Northside,2026-01-28,15,6,6,6,0.0,0,3,2.0
Northside,2026-01-28,16,5,5,5,1.8,0,3,1.67
Northside,2026-01-29,8,2,2,2,0.0,0,2,1.0
Northside,2026-01-29,9,4,4,4,0.0,0,3,1.33
Northside,2026-01-29,10,7,6,6,0.0,0,3,2.0
Northside,2026-01-29,11,6,6,6,1.17,0,3,2.0
Northside,2026-01-29,13,3,1,1,0.0,0,3,0.33
Northside,2026-01-29,14,6,5,5,2.6,0,3,1.67
Northside,2026-01-29,15,3,3,3,0.0,0,3,1.0
Northside,2026-01-29,16,8,8,8,5.38,0,3,2.67
Northside,2026-01-30,8,1,1,1,0.0,0,2,0.5
Northside,2026-01-30,9,7,7,7,3.86,0,3,2.33
Northside,2026-01-30,10,4,4,4,0.0,0,3,1.33
Northside,2026-01-30,11,6,5,5,0.4,0,3,1.67
Northside,2026-01-30,12,3,3,3,0.0,0,3,1.0
Northside,2026-01-30,13,3,3,3,0.0,0,3,1.0
Northside,2026-01-30,14,2,2,2,0.0,0,3,0.67
Northside,2026-01-30,15,3,3,3,0.0,0,3,1.0
Northside,2026-01-30,16,2,2,2,0.0,0,3,0.67
Northside,2026-01-31,7,1,1,1,10.0,0,0,
Northside,2026-01-31,8,3,2,2,0.0,0,2,1.0
Northside,2026-01-31,9,7,7,7,1.43,0,3,2.33
Northside,2026-01-31,10,7,7,7,0.29,0,3,2.33
Northside,2026-01-31,11,4,3,3,0.0,0,3,1.0
Northside,2026-01-31,12,2,2,2,0.0,0,3,0.67
Northside,2026-02-02,8,3,2,2,0.0,0,2,1.0
Northside,2026-02-02,9,12,11,10,3.1,1,3,3.67
Northside,2026-02-02,10,16,15,13,14.38,2,3,5.0
Northside,2026-02-02,11,3,2,2,2.5,0,3,0.67
Northside,2026-02-02,12,5,5,5,1.6,0,3,1.67
Northside,2026-02-02,13,1,1,1,0.0,0,3,0.33
Northside,2026-02-02,14,8,7,7,1.29,0,3,2.33
Northside,2026-02-02,15,9,9,9,4.89,0,3,3.0
Northside,2026-02-02,16,3,3,2,0.0,1,3,1.0
Northside,2026-02-03,8,7,5,5,1.2,0,2,2.5
Northside,2026-02-03,9,4,4,4,0.75,0,3,1.33
Northside,2026-02-03,10,6,6,6,0.0,0,3,2.0
Northside,2026-02-03,11,4,4,4,0.0,0,3,1.33
Northside,2026-02-03,12,3,3,3,0.0,0,3,1.0
Northside,2026-02-03,13,5,4,4,0.0,0,3,1.33
Northside,2026-02-03,14,7,7,7,0.14,0,3,2.33
Northside,2026-02-03,15,7,7,7,7.43,0,3,2.33
Northside,2026-02-03,16,7,5,5,0.0,0,3,1.67
Northside,2026-02-04,8,3,3,3,0.0,0,2,1.5
Northside,2026-02-04,9,6,4,4,0.0,0,3,1.33
Northside,2026-02-04,10,4,4,4,0.0,0,3,1.33
Northside,2026-02-04,11,5,5,4,0.0,1,3,1.67
Northside,2026-02-04,12,3,3,2,0.0,1,3,1.0
Northside,2026-02-04,14,3,3,3,0.0,0,3,1.0
Northside,2026-02-04,15,7,5,5,0.2,0,3,1.67
Northside,2026-02-04,16,3,3,3,0.0,0,3,1.0
Northside,2026-02-05,8,1,0,0,,0,2,0.0
Northside,2026-02-05,9,6,6,6,0.0,0,3,2.0
Northside,2026-02-05,10,4,4,4,0.0,0,3,1.33
Northside,2026-02-05,11,6,6,6,6.17,0,3,2.0
Northside,2026-02-05,12,2,2,2,0.0,0,3,0.67
Northside,2026-02-05,13,4,3,3,0.0,0,3,1.0
Northside,2026-02-05,14,6,6,6,1.17,0,3,2.0
Northside,2026-02-05,15,5,5,5,3.6,0,3,1.67
Northside,2026-02-05,16,4,4,4,0.0,0,3,1.33
Northside,2026-02-06,7,1,1,1,1.0,0,0,
Northside,2026-02-06,8,5,4,4,0.5,0,2,2.0
Northside,2026-02-06,9,3,2,2,0.0,0,3,0.67
Northside,2026-02-06,10,4,3,3,0.0,0,3,1.0
Northside,2026-02-06,11,6,6,6,1.67,0,3,2.0
Northside,2026-02-06,12,2,2,2,0.0,0,3,0.67
Northside,2026-02-06,13,2,2,2,0.0,0,3,0.67
Northside,2026-02-06,14,9,9,9,3.33,0,3,3.0
Northside,2026-02-06,15,8,7,7,7.0,0,3,2.33
Northside,2026-02-06,16,6,4,3,4.33,1,3,1.33
Northside,2026-02-07,8,4,4,4,1.0,0,2,2.0
Northside,2026-02-07,9,9,9,9,4.56,0,3,3.0
Northside,2026-02-07,10,14,12,12,8.75,0,3,4.0
Northside,2026-02-07,11,4,4,3,0.33,1,3,1.33
Northside,2026-02-07,12,5,5,5,1.2,0,3,1.67
Northside,2026-02-09,8,4,4,3,0.0,1,2,2.0
Northside,2026-02-09,9,8,6,6,8.5,0,3,2.0
Northside,2026-02-09,10,8,8,7,0.0,1,3,2.67
Northside,2026-02-09,11,3,3,3,0.0,0,3,1.0
Northside,2026-02-09,12,3,3,3,0.0,0,3,1.0
Northside,2026-02-09,13,5,5,5,0.0,0,3,1.67
Northside,2026-02-09,14,4,4,4,1.75,0,3,1.33
Northside,2026-02-09,15,3,2,2,0.0,0,3,0.67
Northside,2026-02-09,16,6,5,4,0.0,1,3,1.67
Northside,2026-02-10,7,2,2,2,16.0,0,0,
Northside,2026-02-10,9,6,6,6,0.17,0,3,2.0
Northside,2026-02-10,10,7,7,6,1.33,1,3,2.33
Northside,2026-02-10,11,3,3,3,0.0,0,3,1.0
Northside,2026-02-10,12,5,5,5,0.0,0,3,1.67
Northside,2026-02-10,13,4,4,4,0.0,0,3,1.33
Northside,2026-02-10,14,6,5,4,0.0,1,3,1.67
Northside,2026-02-10,15,4,4,4,0.0,0,3,1.33
Northside,2026-02-10,16,3,3,2,0.0,1,3,1.0
Northside,2026-02-11,7,1,1,1,11.0,0,0,
Northside,2026-02-11,8,1,1,1,0.0,0,2,0.5
Northside,2026-02-11,9,6,6,6,0.17,0,3,2.0
Northside,2026-02-11,10,5,5,5,2.2,0,3,1.67
Northside,2026-02-11,11,2,2,2,0.0,0,3,0.67
Northside,2026-02-11,12,2,2,2,0.0,0,3,0.67
Northside,2026-02-11,13,4,4,4,0.0,0,3,1.33
Northside,2026-02-11,14,11,10,9,8.22,1,3,3.33
Northside,2026-02-11,15,10,9,9,7.44,0,3,3.0
Northside,2026-02-11,16,5,5,5,0.0,0,3,1.67
Northside,2026-02-12,8,2,2,2,0.0,0,2,1.0
Northside,2026-02-12,9,11,11,10,0.8,1,3,3.67
Northside,2026-02-12,10,1,1,1,0.0,0,3,0.33
Northside,2026-02-12,11,5,4,4,2.5,0,3,1.33
Northside,2026-02-12,12,2,2,2,0.0,0,3,0.67
Northside,2026-02-12,13,2,2,2,0.0,0,3,0.67
Northside,2026-02-12,14,4,2,2,0.0,0,3,0.67
Northside,2026-02-12,15,7,7,7,0.0,0,3,2.33
Northside,2026-02-12,16,5,4,4,0.0,0,3,1.33
Northside,2026-02-13,8,1,1,1,0.0,0,2,0.5
Northside,2026-02-13,9,4,4,4,0.0,0,3,1.33
Northside,2026-02-13,10,6,6,6,2.83,0,3,2.0
Northside,2026-02-13,11,6,6,6,2.33,0,3,2.0
Northside,2026-02-13,12,3,3,3,0.0,0,3,1.0
Northside,2026-02-13,13,2,2,2,0.0,0,3,0.67
Northside,2026-02-13,14,1,0,0,,0,3,0.0
Northside,2026-02-13,15,3,3,3,0.0,0,3,1.0
Northside,2026-02-13,16,3,3,3,0.67,0,3,1.0
Northside,2026-02-14,8,1,1,1,0.0,0,2,0.5
Northside,2026-02-14,9,5,4,4,0.0,0,3,1.33
Northside,2026-02-14,10,11,9,9,3.67,0,3,3.0
Northside,2026-02-14,11,9,8,6,0.0,2,3,2.67
Northside,2026-02-14,12,2,2,2,0.0,0,3,0.67
Northside,2026-02-16,7,1,1,1,11.0,0,0,
Northside,2026-02-16,8,2,2,2,0.0,0,2,1.0
Northside,2026-02-16,9,7,6,6,0.0,0,3,2.0
Northside,2026-02-16,10,6,6,4,3.5,2,3,2.0
Northside,2026-02-16,11,8,6,6,0.0,0,3,2.0
Northside,2026-02-16,12,3,3,3,0.0,0,3,1.0
Northside,2026-02-16,13,3,3,3,0.0,0,3,1.0
Northside,2026-02-16,14,10,10,10,1.8,0,3,3.33
Northside,2026-02-16,15,6,6,6,0.17,0,3,2.0
Northside,2026-02-16,16,4,3,3,0.0,0,3,1.0
Northside,2026-02-17,7,1,1,1,3.0,0,0,
Northside,2026-02-17,8,2,1,1,0.0,0,2,0.5
Northside,2026-02-17,9,8,7,7,0.0,0,3,2.33
Northside,2026-02-17,10,8,7,7,2.86,0,3,2.33
Northside,2026-02-17,11,6,5,5,10.2,0,3,1.67
Northside,2026-02-17,13,4,4,4,0.0,0,3,1.33
Northside,2026-02-17,14,5,5,5,0.0,0,3,1.67
Northside,2026-02-17,15,5,4,3,0.0,1,3,1.33
Northside,2026-02-17,16,2,2,2,0.0,0,3,0.67
Northside,2026-02-18,8,6,5,5,0.6,0,2,2.5
Northside,2026-02-18,9,7,6,6,1.67,0,3,2.0
Northside,2026-02-18,10,11,10,9,1.0,1,3,3.33
Northside,2026-02-18,11,4,4,4,5.5,0,3,1.33
Northside,2026-02-18,12,4,4,4,2.75,0,3,1.33
Northside,2026-02-18,13,1,1,1,0.0,0,3,0.33
Northside,2026-02-18,14,2,1,1,0.0,0,3,0.33
Northside,2026-02-18,15,7,7,7,0.71,0,3,2.33
Northside,2026-02-18,16,1,1,1,0.0,0,3,0.33
Northside,2026-02-19,8,4,4,3,0.0,1,2,2.0
Northside,2026-02-19,9,7,7,7,0.57,0,3,2.33
Northside,2026-02-19,10,11,11,10,1.8,1,3,3.67
Northside,2026-02-19,11,5,5,4,0.0,1,3,1.67
Northside,2026-02-19,12,5,5,4,0.0,1,3,1.67
Northside,2026-02-19,13,6,5,4,0.0,1,3,1.67
Northside,2026-02-19,14,2,2,2,0.0,0,3,0.67
Northside,2026-02-19,15,9,8,8,3.38,0,3,2.67
Northside,2026-02-19,16,5,4,4,6.75,0,3,1.33
Northside,2026-02-20,8,4,4,4,3.0,0,2,2.0
Northside,2026-02-20,9,3,3,3,0.0,0,3,1.0
Northside,2026-02-20,10,7,5,5,4.2,0,3,1.67
Northside,2026-02-20,11,4,4,4,0.0,0,3,1.33
Northside,2026-02-20,12,3,2,2,0.0,0,3,0.67
Northside,2026-02-20,13,1,1,1,0.0,0,3,0.33
Northside,2026-02-20,14,3,3,3,0.0,0,3,1.0
Northside,2026-02-20,15,4,4,4,0.75,0,3,1.33
Northside,2026-02-20,16,5,5,5,0.6,0,3,1.67
Northside,2026-02-21,7,1,1,1,10.0,0,0,
Northside,2026-02-21,8,1,1,1,0.0,0,2,0.5
Northside,2026-02-21,9,2,1,1,0.0,0,3,0.33
Northside,2026-02-21,10,15,15,15,18.4,0,3,5.0
Northside,2026-02-21,11,8,8,6,28.5,2,3,2.67
Northside,2026-02-21,12,3,2,2,0.0,0,3,0.67
Northside,2026-02-23,8,4,4,4,0.0,0,2,2.0
Northside,2026-02-23,9,12,8,8,1.75,0,3,2.67
Northside,2026-02-23,10,8,8,7,0.14,1,3,2.67
Northside,2026-02-23,11,4,4,4,0.5,0,3,1.33
Northside,2026-02-23,12,2,2,2,0.0,0,3,0.67
Northside,2026-02-23,13,4,3,2,0.0,1,3,1.0
Northside,2026-02-23,14,3,3,3,0.0,0,3,1.0
Northside,2026-02-23,15,14,11,10,2.8,1,3,3.67
Northside,2026-02-23,16,4,2,2,0.0,0,3,0.67
Northside,2026-02-24,8,2,2,2,0.0,0,2,1.0
Northside,2026-02-24,9,2,2,2,0.0,0,3,0.67
Northside,2026-02-24,10,5,5,5,0.0,0,3,1.67
Northside,2026-02-24,11,6,4,4,0.0,0,3,1.33
Northside,2026-02-24,12,3,3,3,1.0,0,3,1.0
Northside,2026-02-24,13,3,2,2,0.0,0,3,0.67
Northside,2026-02-24,14,3,3,3,0.0,0,3,1.0
Northside,2026-02-24,15,7,6,6,0.0,0,3,2.0
Northside,2026-02-24,16,7,6,6,0.0,0,3,2.0
Northside,2026-02-25,7,1,1,1,21.0,0,0,
Northside,2026-02-25,8,3,3,2,0.0,1,2,1.5
Northside,2026-02-25,9,6,6,6,1.0,0,3,2.0
Northside,2026-02-25,10,10,9,9,4.33,0,3,3.0
Northside,2026-02-25,11,6,6,6,2.33,0,3,2.0
Northside,2026-02-25,12,2,2,2,0.0,0,3,0.67
Northside,2026-02-25,13,2,2,2,0.0,0,3,0.67
Northside,2026-02-25,14,8,7,7,0.0,0,3,2.33
Northside,2026-02-25,15,11,11,11,6.0,0,3,3.67
Northside,2026-02-25,16,6,6,6,13.17,0,3,2.0
Northside,2026-02-26,8,2,1,1,0.0,0,2,0.5
Northside,2026-02-26,9,6,6,6,0.0,0,3,2.0
Northside,2026-02-26,10,6,6,6,0.0,0,3,2.0
Northside,2026-02-26,11,5,5,5,0.0,0,3,1.67
Northside,2026-02-26,12,6,6,4,0.0,2,3,2.0
Northside,2026-02-26,13,5,4,4,0.0,0,3,1.33
Northside,2026-02-26,14,3,3,3,0.0,0,3,1.0
Northside,2026-02-26,15,5,5,5,0.0,0,3,1.67
Northside,2026-02-26,16,7,6,6,1.0,0,3,2.0
Northside,2026-02-27,7,1,1,1,7.0,0,0,
Northside,2026-02-27,8,1,1,1,0.0,0,2,0.5
Northside,2026-02-27,9,7,7,7,0.0,0,3,2.33
Northside,2026-02-27,10,7,7,7,3.86,0,3,2.33
Northside,2026-02-27,11,4,4,4,2.0,0,3,1.33
Northside,2026-02-27,12,1,1,1,0.0,0,3,0.33
Northside,2026-02-27,13,2,2,2,0.0,0,3,0.67
Northside,2026-02-27,14,6,4,4,0.0,0,3,1.33
Northside,2026-02-27,15,5,5,5,0.4,0,3,1.67
Northside,2026-02-27,16,1,1,1,0.0,0,3,0.33
Northside,2026-02-28,8,3,2,2,0.0,0,2,1.0
Northside,2026-02-28,9,7,7,7,2.0,0,3,2.33
Northside,2026-02-28,10,12,12,11,21.0,1,3,4.0
Northside,2026-02-28,11,9,7,5,3.0,2,3,2.33
Northside,2026-02-28,12,3,3,3,0.0,0,3,1.0
Northside,2026-03-02,7,1,1,1,8.0,0,0,
Northside,2026-03-02,8,4,4,3,0.0,1,2,2.0
Northside,2026-03-02,9,8,6,6,0.0,0,3,2.0
Northside,2026-03-02,10,13,12,12,4.75,0,3,4.0
Northside,2026-03-02,11,8,8,7,14.0,1,3,2.67
Northside,2026-03-02,12,7,6,6,1.17,0,3,2.0
Northside,2026-03-02,13,3,3,2,0.0,1,3,1.0
Northside,2026-03-02,14,5,5,4,0.5,1,3,1.67
Northside,2026-03-02,15,10,9,9,3.89,0,3,3.0
Northside,2026-03-02,16,3,2,2,0.0,0,3,0.67
Northside,2026-03-03,8,6,6,6,2.33,0,2,3.0
Northside,2026-03-03,9,9,9,9,8.0,0,3,3.0
Northside,2026-03-03,10,4,4,3,3.0,1,3,1.33
Northside,2026-03-03,11,5,5,5,0.4,0,3,1.67
Northside,2026-03-03,12,3,2,2,0.0,0,3,0.67
Northside,2026-03-03,13,1,1,1,0.0,0,3,0.33
Northside,2026-03-03,14,7,6,6,0.0,0,3,2.0
Northside,2026-03-03,15,4,4,4,0.0,0,3,1.33
Northside,2026-03-03,16,2,2,2,0.0,0,3,0.67
Northside,2026-03-04,7,1,1,1,2.0,0,0,
Northside,2026-03-04,8,5,4,4,5.0,0,2,2.0
Northside,2026-03-04,9,9,9,9,2.67,0,3,3.0
Northside,2026-03-04,10,8,8,8,4.62,0,3,2.67
Northside,2026-03-04,11,7,7,7,2.0,0,3,2.33
Northside,2026-03-04,12,1,1,1,0.0,0,3,0.33
Northside,2026-03-04,13,3,1,1,0.0,0,3,0.33
Northside,2026-03-04,14,9,8,8,3.12,0,3,2.67
Northside,2026-03-04,15,8,6,6,4.33,0,3,2.0
Northside,2026-03-04,16,6,5,5,0.0,0,3,1.67
Northside,2026-03-05,8,1,1,1,0.0,0,2,0.5
Northside,2026-03-05,9,13,11,10,1.8,1,3,3.67
Northside,2026-03-05,10,4,4,4,0.0,0,3,1.33
Northside,2026-03-05,11,10,8,7,4.29,1,3,2.67
Northside,2026-03-05,12,3,3,3,0.0,0,3,1.0
Northside,2026-03-05,13,7,7,7,3.43,0,3,2.33
Northside,2026-03-05,14,2,2,2,0.0,0,3,0.67
Northside,2026-03-05,15,5,4,2,0.0,2,3,1.33
Northside,2026-03-05,16,4,3,3,0.0,0,3,1.0
Northside,2026-03-06,7,1,1,1,5.0,0,0,
Northside,2026-03-06,8,3,1,1,0.0,0,2,0.5
Northside,2026-03-06,9,5,5,5,0.0,0,3,1.67
Northside,2026-03-06,10,6,6,6,0.33,0,3,2.0
Northside,2026-03-06,11,8,7,7,4.14,0,3,2.33
Northside,2026-03-06,12,4,3,3,0.0,0,3,1.0
Northside,2026-03-06,13,4,4,4,0.0,0,3,1.33
Northside,2026-03-06,14,5,5,4,0.0,1,3,1.67
Northside,2026-03-06,15,8,6,6,2.33,0,3,2.0
Northside,2026-03-06,16,5,5,4,0.0,1,3,1.67
Northside,2026-03-07,8,5,4,4,0.25,0,2,2.0
Northside,2026-03-07,9,9,9,9,6.11,0,3,3.0
Northside,2026-03-07,10,8,8,8,5.25,0,3,2.67
Northside,2026-03-07,11,6,6,6,2.67,0,3,2.0
Northside,2026-03-07,12,6,5,5,1.8,0,3,1.67
Northside,2026-03-09,8,1,0,0,,0,2,0.0
Northside,2026-03-09,9,9,9,9,0.44,0,3,3.0
Northside,2026-03-09,10,10,9,9,1.22,0,3,3.0
Northside,2026-03-09,11,5,4,4,3.75,0,3,1.33
Northside,2026-03-09,12,3,2,2,0.0,0,3,0.67
Northside,2026-03-09,13,4,3,3,0.0,0,3,1.0
Northside,2026-03-09,14,6,6,6,0.0,0,3,2.0
Northside,2026-03-09,15,7,5,4,0.0,1,3,1.67
Northside,2026-03-09,16,2,2,2,0.0,0,3,0.67
Northside,2026-03-10,7,1,1,1,1.0,0,0,
Northside,2026-03-10,8,1,1,1,0.0,0,2,0.5
Northside,2026-03-10,9,5,5,5,0.0,0,3,1.67
Northside,2026-03-10,10,10,9,9,1.78,0,3,3.0
Northside,2026-03-10,11,6,6,5,13.2,1,3,2.0
Northside,2026-03-10,12,2,2,2,0.0,0,3,0.67
Northside,2026-03-10,13,2,2,2,0.0,0,3,0.67
Northside,2026-03-10,14,6,4,4,0.0,0,3,1.33
Northside,2026-03-10,15,6,6,5,1.6,1,3,2.0
Northside,2026-03-10,16,9,9,7,11.71,2,3,3.0
Northside,2026-03-11,9,2,1,1,0.0,0,3,0.33
Northside,2026-03-11,10,5,4,4,0.0,0,3,1.33
Northside,2026-03-11,11,3,2,2,0.0,0,3,0.67
Northside,2026-03-11,12,3,3,3,0.0,0,3,1.0
Northside,2026-03-11,13,3,3,2,0.0,1,3,1.0
Northside,2026-03-11,14,7,6,5,0.0,1,3,2.0
Northside,2026-03-11,15,8,8,8,4.12,0,3,2.67
Northside,2026-03-11,16,2,2,2,0.0,0,3,0.67
Northside,2026-03-12,7,2,2,2,7.0,0,0,
Northside,2026-03-12,8,1,1,1,0.0,0,2,0.5
Northside,2026-03-12,9,7,7,7,2.43,0,3,2.33
Northside,2026-03-12,10,10,10,10,5.1,0,3,3.33
Northside,2026-03-12,11,5,5,5,3.4,0,3,1.67
Northside,2026-03-12,12,6,5,5,2.0,0,3,1.67
Northside,2026-03-12,13,5,3,3,0.0,0,3,1.0
Northside,2026-03-12,14,6,6,6,0.0,0,3,2.0
Northside,2026-03-12,15,4,4,4,0.0,0,3,1.33
Northside,2026-03-12,16,4,4,4,5.0,0,3,1.33
Northside,2026-03-13,8,4,4,4,1.25,0,2,2.0
Northside,2026-03-13,9,2,2,2,0.0,0,3,0.67
Northside,2026-03-13,10,8,8,8,1.12,0,3,2.67
Northside,2026-03-13,11,5,5,5,0.0,0,3,1.67
Northside,2026-03-13,12,4,4,4,0.0,0,3,1.33
Northside,2026-03-13,13,1,1,1,0.0,0,3,0.33
Northside,2026-03-13,14,4,3,3,0.0,0,3,1.0
Northside,2026-03-13,15,6,6,6,2.33,0,3,2.0
Northside,2026-03-13,16,2,2,2,0.0,0,3,0.67
Northside,2026-03-14,7,1,1,1,3.0,0,0,
Northside,2026-03-14,8,5,5,5,2.0,0,2,2.5
Northside,2026-03-14,9,5,5,5,5.2,0,3,1.67
Northside,2026-03-14,10,9,8,8,3.75,0,3,2.67
Northside,2026-03-14,11,2,2,2,0.0,0,3,0.67
Northside,2026-03-14,12,4,4,4,0.0,0,3,1.33
Northside,2026-03-16,8,5,5,5,0.0,0,2,2.5
Northside,2026-03-16,9,9,8,7,0.0,1,3,2.67
Northside,2026-03-16,10,9,9,9,5.78,0,3,3.0
Northside,2026-03-16,11,8,8,7,5.86,1,3,2.67
Northside,2026-03-16,12,4,4,3,3.0,1,3,1.33
Northside,2026-03-16,13,2,2,2,0.0,0,3,0.67
Northside,2026-03-16,14,4,4,4,0.0,0,3,1.33
Northside,2026-03-16,15,11,9,9,7.44,0,3,3.0
Northside,2026-03-16,16,5,5,4,6.5,1,3,1.67
Northside,2026-03-17,8,4,4,4,0.0,0,2,2.0
Northside,2026-03-17,9,4,4,4,0.0,0,3,1.33
Northside,2026-03-17,10,11,10,10,10.0,0,3,3.33
Northside,2026-03-17,11,3,3,3,0.0,0,3,1.0
Northside,2026-03-17,12,1,1,1,0.0,0,3,0.33
Northside,2026-03-17,13,1,1,1,0.0,0,3,0.33
Northside,2026-03-17,14,4,4,4,0.0,0,3,1.33
Northside,2026-03-17,15,6,5,5,0.0,0,3,1.67
Northside,2026-03-17,16,3,2,2,0.0,0,3,0.67
Northside,2026-03-18,7,1,1,1,6.0,0,0,
Northside,2026-03-18,8,3,3,3,0.0,0,2,1.5
Northside,2026-03-18,9,6,6,6,0.0,0,3,2.0
Northside,2026-03-18,10,9,6,5,0.0,1,3,2.0
Northside,2026-03-18,11,5,4,4,0.0,0,3,1.33
Northside,2026-03-18,12,2,2,2,0.0,0,3,0.67
Northside,2026-03-18,13,1,1,1,0.0,0,3,0.33
Northside,2026-03-18,14,13,13,12,5.33,1,3,4.33
Northside,2026-03-18,15,6,6,5,4.2,1,3,2.0
Northside,2026-03-18,16,3,3,3,0.0,0,3,1.0
Northside,2026-03-19,8,2,2,2,0.0,0,2,1.0
Northside,2026-03-19,9,9,8,8,2.75,0,3,2.67
Northside,2026-03-19,10,7,6,5,8.8,1,3,2.0
Northside,2026-03-19,11,6,6,6,3.0,0,3,2.0
Northside,2026-03-19,12,4,4,4,0.0,0,3,1.33
Northside,2026-03-19,14,5,5,4,0.0,1,3,1.67
Northside,2026-03-19,15,4,4,4,1.0,0,3,1.33
Northside,2026-03-19,16,5,5,5,0.0,0,3,1.67
Northside,2026-03-20,8,2,2,2,0.0,0,2,1.0
Northside,2026-03-20,9,4,4,4,0.5,0,3,1.33
Northside,2026-03-20,10,4,3,3,0.0,0,3,1.0
Northside,2026-03-20,11,7,7,7,4.43,0,3,2.33
Northside,2026-03-20,12,3,3,3,0.0,0,3,1.0
Northside,2026-03-20,13,2,1,1,0.0,0,3,0.33
Northside,2026-03-20,14,6,4,4,0.0,0,3,1.33
Northside,2026-03-20,15,5,5,5,0.0,0,3,1.67
Northside,2026-03-20,16,2,2,2,0.0,0,3,0.67
Northside,2026-03-21,7,1,1,1,3.0,0,0,
Northside,2026-03-21,8,6,4,4,10.25,0,2,2.0
Northside,2026-03-21,9,14,13,13,16.77,0,3,4.33
Northside,2026-03-21,10,12,11,11,27.55,0,3,3.67
Northside,2026-03-21,11,10,9,7,38.43,2,3,3.0
Northside,2026-03-21,12,1,0,0,,0,3,0.0
Northside,2026-03-23,8,2,2,2,0.0,0,2,1.0
Northside,2026-03-23,9,9,7,7,7.71,0,3,2.33
Northside,2026-03-23,10,7,5,5,12.8,0,3,1.67
Northside,2026-03-23,11,6,6,6,0.33,0,3,2.0
Northside,2026-03-23,12,6,5,5,0.0,0,3,1.67
Northside,2026-03-23,13,5,5,4,1.25,1,3,1.67
Northside,2026-03-23,14,5,5,5,0.0,0,3,1.67
Northside,2026-03-23,15,10,9,8,0.62,1,3,3.0
Northside,2026-03-23,16,2,2,2,0.0,0,3,0.67
Northside,2026-03-24,8,3,3,3,0.0,0,2,1.5
Northside,2026-03-24,9,8,6,5,2.6,1,3,2.0
Northside,2026-03-24,10,6,4,4,0.0,0,3,1.33
Northside,2026-03-24,11,7,7,7,0.0,0,3,2.33
Northside,2026-03-24,12,1,1,1,0.0,0,3,0.33
Northside,2026-03-24,13,3,2,2,0.0,0,3,0.67
Northside,2026-03-24,14,5,5,5,0.2,0,3,1.67
Northside,2026-03-24,15,4,4,4,0.0,0,3,1.33
Northside,2026-03-24,16,4,4,3,0.0,1,3,1.33
Northside,2026-03-25,8,4,4,4,1.75,0,2,2.0
Northside,2026-03-25,9,8,7,7,2.86,0,3,2.33
Northside,2026-03-25,10,12,9,9,7.0,0,3,3.0
Northside,2026-03-25,11,7,6,6,1.17,0,3,2.0
Northside,2026-03-25,12,1,1,1,0.0,0,3,0.33
Northside,2026-03-25,13,1,1,1,0.0,0,3,0.33
Northside,2026-03-25,14,5,4,4,0.0,0,3,1.33
Northside,2026-03-25,15,6,6,6,0.0,0,3,2.0
Northside,2026-03-25,16,3,3,3,0.0,0,3,1.0
Northside,2026-03-26,8,4,3,3,0.0,0,2,1.5
Northside,2026-03-26,9,3,3,3,0.0,0,3,1.0
Northside,2026-03-26,10,6,5,5,2.2,0,3,1.67
Northside,2026-03-26,11,3,3,3,0.0,0,3,1.0
Northside,2026-03-26,12,4,4,4,0.0,0,3,1.33
Northside,2026-03-26,13,5,4,4,0.0,0,3,1.33
Northside,2026-03-26,14,6,6,6,12.5,0,3,2.0
Northside,2026-03-26,15,4,3,3,8.0,0,3,1.0
Northside,2026-03-26,16,4,4,4,0.0,0,3,1.33
Northside,2026-03-27,8,2,2,2,0.0,0,2,1.0
Northside,2026-03-27,9,8,8,8,1.38,0,3,2.67
Northside,2026-03-27,10,7,7,7,0.86,0,3,2.33
Northside,2026-03-27,11,9,9,9,3.0,0,3,3.0
Northside,2026-03-27,12,3,3,3,0.33,0,3,1.0
Northside,2026-03-27,13,7,7,7,1.14,0,3,2.33
Northside,2026-03-27,14,5,5,5,0.4,0,3,1.67
Northside,2026-03-27,15,6,5,4,0.0,1,3,1.67
Northside,2026-03-27,16,5,5,5,0.4,0,3,1.67
Northside,2026-03-28,7,1,1,1,11.0,0,0,
Northside,2026-03-28,8,1,1,1,0.0,0,2,0.5
Northside,2026-03-28,9,4,2,2,0.0,0,3,0.67
Northside,2026-03-28,10,11,10,9,0.44,1,3,3.33
Northside,2026-03-28,11,7,7,7,5.0,0,3,2.33
Northside,2026-03-28,12,2,1,1,0.0,0,3,0.33
Northside,2026-03-30,7,2,2,2,1.5,0,0,
Northside,2026-03-30,8,4,2,2,0.0,0,2,1.0
Northside,2026-03-30,9,4,4,4,0.0,0,3,1.33
Northside,2026-03-30,10,11,9,8,3.0,1,3,3.0
Northside,2026-03-30,11,6,3,3,0.67,0,3,1.0
Northside,2026-03-30,12,3,1,1,0.0,0,3,0.33
Northside,2026-03-30,13,3,3,3,0.0,0,3,1.0
Northside,2026-03-30,14,5,5,5,0.0,0,3,1.67
Northside,2026-03-30,15,6,6,6,0.0,0,3,2.0
Northside,2026-03-30,16,5,5,5,0.0,0,3,1.67
Northside,2026-03-31,7,1,1,1,10.0,0,0,
Northside,2026-03-31,8,2,2,2,0.0,0,2,1.0
Northside,2026-03-31,9,5,5,5,0.0,0,3,1.67
Northside,2026-03-31,10,8,5,5,0.0,0,3,1.67
Northside,2026-03-31,11,5,5,5,0.0,0,3,1.67
Northside,2026-03-31,12,3,3,3,0.0,0,3,1.0
Northside,2026-03-31,13,3,3,3,0.0,0,3,1.0
Northside,2026-03-31,14,3,2,2,0.0,0,3,0.67
Northside,2026-03-31,15,6,6,6,6.5,0,3,2.0
Northside,2026-03-31,16,3,3,3,0.0,0,3,1.0
Northside,2026-04-01,8,4,3,3,0.0,0,2,1.5
Northside,2026-04-01,9,6,5,5,0.0,0,3,1.67
Northside,2026-04-01,10,9,9,8,2.62,1,3,3.0
Northside,2026-04-01,11,5,5,5,3.4,0,3,1.67
Northside,2026-04-01,12,2,2,2,0.0,0,3,0.67
Northside,2026-04-01,13,1,1,1,0.0,0,3,0.33
Northside,2026-04-01,14,4,4,4,1.75,0,3,1.33
Northside,2026-04-01,15,5,5,5,0.6,0,3,1.67
Northside,2026-04-01,16,2,2,2,0.0,0,3,0.67
Northside,2026-04-02,8,2,2,2,0.0,0,2,1.0
Northside,2026-04-02,9,7,7,7,1.14,0,3,2.33
Northside,2026-04-02,10,10,9,9,1.56,0,3,3.0
Northside,2026-04-02,11,3,2,2,0.0,0,3,0.67
Northside,2026-04-02,12,4,4,3,0.0,1,3,1.33
Northside,2026-04-02,13,2,2,2,0.0,0,3,0.67
Northside,2026-04-02,14,7,7,7,1.14,0,3,2.33
Northside,2026-04-02,15,4,4,4,1.5,0,3,1.33
Northside,2026-04-02,16,4,4,4,0.0,0,3,1.33
Northside,2026-04-03,7,1,1,1,14.0,0,0,
Northside,2026-04-03,9,6,4,3,0.0,1,3,1.33
Northside,2026-04-03,10,12,11,11,3.45,0,3,3.67
Northside,2026-04-03,11,4,4,4,2.0,0,3,1.33
Northside,2026-04-03,12,4,4,4,0.0,0,3,1.33
Northside,2026-04-03,13,5,5,4,0.0,1,3,1.67
Northside,2026-04-03,14,4,4,4,0.0,0,3,1.33
Northside,2026-04-03,15,6,6,6,0.0,0,3,2.0
Northside,2026-04-03,16,4,4,4,0.0,0,3,1.33
Northside,2026-04-04,8,4,4,4,2.25,0,2,2.0
Northside,2026-04-04,9,7,5,5,2.4,0,3,1.67
Northside,2026-04-04,10,6,5,5,0.0,0,3,1.67
Northside,2026-04-04,11,4,3,3,0.0,0,3,1.0
Northside,2026-04-04,12,1,1,1,0.0,0,3,0.33
Northside,2026-04-06,9,5,5,5,0.0,0,3,1.67
Northside,2026-04-06,10,3,3,2,0.0,1,3,1.0
Northside,2026-04-06,11,7,6,6,0.0,0,3,2.0
Northside,2026-04-06,12,3,2,2,0.0,0,3,0.67
Northside,2026-04-06,13,4,4,3,0.0,1,3,1.33
Northside,2026-04-06,14,6,5,5,0.0,0,3,1.67
Northside,2026-04-06,15,12,9,8,0.38,1,3,3.0
Northside,2026-04-06,16,4,4,4,0.0,0,3,1.33
Northside,2026-04-06,17,1,1,1,0.0,0,0,
Northside,2026-04-07,8,1,1,1,0.0,0,2,0.5
Northside,2026-04-07,9,4,4,3,0.0,1,3,1.33
Northside,2026-04-07,10,9,9,9,4.0,0,3,3.0
Northside,2026-04-07,11,8,8,8,0.88,0,3,2.67
Northside,2026-04-07,12,6,5,4,0.0,1,3,1.67
Northside,2026-04-07,13,1,1,0,,1,3,0.33
Northside,2026-04-07,14,8,7,7,2.43,0,3,2.33
Northside,2026-04-07,15,10,10,10,2.7,0,3,3.33
Northside,2026-04-07,16,3,2,2,0.0,0,3,0.67
Northside,2026-04-08,7,2,2,2,11.0,0,0,
Northside,2026-04-08,8,1,1,1,0.0,0,2,0.5
Northside,2026-04-08,9,4,3,3,0.0,0,3,1.0
Northside,2026-04-08,10,3,3,3,0.0,0,3,1.0
Northside,2026-04-08,11,8,8,8,1.75,0,3,2.67
Northside,2026-04-08,12,4,4,3,0.0,1,3,1.33
Northside,2026-04-08,13,7,7,6,0.0,1,3,2.33
Northside,2026-04-08,14,5,5,5,0.8,0,3,1.67
Northside,2026-04-08,15,5,5,5,1.8,0,3,1.67
Northside,2026-04-08,16,8,8,7,2.29,1,3,2.67
Northside,2026-04-09,8,2,2,2,0.0,0,2,1.0
Northside,2026-04-09,9,4,3,3,0.0,0,3,1.0
Northside,2026-04-09,10,8,7,7,5.14,0,3,2.33
Northside,2026-04-09,11,5,5,5,0.0,0,3,1.67
Northside,2026-04-09,12,4,4,4,0.0,0,3,1.33
Northside,2026-04-09,13,3,3,3,0.0,0,3,1.0
Northside,2026-04-09,14,6,6,6,0.67,0,3,2.0
Northside,2026-04-09,15,2,2,2,0.0,0,3,0.67
Northside,2026-04-09,16,6,6,6,0.17,0,3,2.0
Northside,2026-04-10,7,1,1,1,9.0,0,0,
Northside,2026-04-10,8,1,1,0,,1,2,0.5
Northside,2026-04-10,9,5,5,4,0.0,1,3,1.67
Northside,2026-04-10,10,2,1,1,0.0,0,3,0.33
Northside,2026-04-10,11,7,5,5,6.0,0,3,1.67
Northside,2026-04-10,12,1,0,0,,0,3,0.0
Northside,2026-04-10,13,3,3,3,0.0,0,3,1.0
Northside,2026-04-10,14,4,4,4,0.0,0,3,1.33
Northside,2026-04-10,15,8,8,7,0.0,1,3,2.67
Northside,2026-04-10,16,3,3,3,0.0,0,3,1.0
Northside,2026-04-11,8,4,4,4,2.5,0,2,2.0
Northside,2026-04-11,9,10,9,9,2.56,0,3,3.0
Northside,2026-04-11,10,4,4,4,0.25,0,3,1.33
Northside,2026-04-11,11,6,5,4,0.0,1,3,1.67
Northside,2026-04-11,12,4,4,4,0.0,0,3,1.33
Northside,2026-04-13,8,1,1,1,0.0,0,2,0.5
Northside,2026-04-13,9,8,8,8,2.0,0,3,2.67
Northside,2026-04-13,10,10,9,9,8.0,0,3,3.0
Northside,2026-04-13,11,7,7,6,9.5,1,3,2.33
Northside,2026-04-13,12,4,3,3,0.0,0,3,1.0
Northside,2026-04-13,13,4,3,3,0.0,0,3,1.0
Northside,2026-04-13,14,7,7,7,0.71,0,3,2.33
Northside,2026-04-13,15,11,8,8,2.25,0,3,2.67
Northside,2026-04-13,16,4,3,3,3.67,0,3,1.0
Northside,2026-04-14,7,1,1,1,2.0,0,0,
Northside,2026-04-14,9,3,3,3,0.0,0,3,1.0
Northside,2026-04-14,10,5,5,5,0.4,0,3,1.67
Northside,2026-04-14,11,6,5,5,0.4,0,3,1.67
Northside,2026-04-14,12,2,2,2,0.0,0,3,0.67
Northside,2026-04-14,13,2,2,2,0.0,0,3,0.67
Northside,2026-04-14,14,5,5,5,0.0,0,3,1.67
Northside,2026-04-14,15,9,9,9,3.11,0,3,3.0
Northside,2026-04-14,16,4,4,4,2.0,0,3,1.33
Northside,2026-04-15,8,2,2,2,0.0,0,2,1.0
Northside,2026-04-15,9,3,3,3,0.0,0,3,1.0
Northside,2026-04-15,10,8,6,6,0.17,0,3,2.0
Northside,2026-04-15,11,9,9,9,14.44,0,3,3.0
Northside,2026-04-15,12,2,2,2,0.0,0,3,0.67
Northside,2026-04-15,13,3,2,2,0.0,0,3,0.67
Northside,2026-04-15,14,8,8,8,6.0,0,3,2.67
Northside,2026-04-15,15,8,8,8,5.0,0,3,2.67
Northside,2026-04-15,16,1,1,1,0.0,0,3,0.33
Northside,2026-04-16,7,1,1,1,7.0,0,0,
Northside,2026-04-16,8,1,1,1,0.0,0,2,0.5
Northside,2026-04-16,9,6,6,6,2.33,0,3,2.0
Northside,2026-04-16,10,7,7,7,5.29,0,3,2.33
Northside,2026-04-16,11,5,5,4,0.25,1,3,1.67
Northside,2026-04-16,12,5,5,4,0.0,1,3,1.67
Northside,2026-04-16,13,2,2,2,0.0,0,3,0.67
Northside,2026-04-16,14,5,5,4,0.0,1,3,1.67
Northside,2026-04-16,15,11,10,10,16.8,0,3,3.33
Northside,2026-04-16,16,3,3,3,6.67,0,3,1.0
Northside,2026-04-16,17,1,1,1,0.0,0,0,
Northside,2026-04-17,7,1,1,1,12.0,0,0,
Northside,2026-04-17,8,3,2,2,0.0,0,2,1.0
Northside,2026-04-17,9,4,4,4,0.0,0,3,1.33
Northside,2026-04-17,10,11,11,10,13.9,1,3,3.67
Northside,2026-04-17,11,6,6,6,12.83,0,3,2.0
Northside,2026-04-17,12,2,2,2,0.5,0,3,0.67
Northside,2026-04-17,13,2,2,2,0.0,0,3,0.67
Northside,2026-04-17,14,1,1,1,0.0,0,3,0.33
Northside,2026-04-17,15,7,6,6,1.0,0,3,2.0
Northside,2026-04-17,16,2,2,2,0.0,0,3,0.67
Northside,2026-04-18,8,3,3,3,0.0,0,2,1.5
Northside,2026-04-18,9,9,9,9,0.22,0,3,3.0
Northside,2026-04-18,10,8,8,7,8.57,1,3,2.67
Northside,2026-04-18,11,5,4,4,0.5,0,3,1.33
Northside,2026-04-18,12,1,0,0,,0,3,0.0
Northside,2026-04-20,8,2,2,2,0.0,0,2,1.0
Northside,2026-04-20,9,7,7,7,2.29,0,3,2.33
Northside,2026-04-20,10,7,4,4,2.75,0,3,1.33
Northside,2026-04-20,11,8,8,6,0.5,2,3,2.67
Northside,2026-04-20,12,2,2,2,0.0,0,3,0.67
Northside,2026-04-20,13,4,4,4,0.0,0,3,1.33
Northside,2026-04-20,14,6,5,4,0.0,1,3,1.67
Northside,2026-04-20,15,6,5,5,0.0,0,3,1.67
Northside,2026-04-20,16,5,4,4,0.0,0,3,1.33
Northside,2026-04-21,7,1,1,1,20.0,0,0,
Northside,2026-04-21,8,2,2,2,0.0,0,2,1.0
Northside,2026-04-21,9,4,4,4,0.0,0,3,1.33
Northside,2026-04-21,10,7,7,7,1.86,0,3,2.33
Northside,2026-04-21,11,4,4,4,0.25,0,3,1.33
Northside,2026-04-21,12,3,3,3,0.0,0,3,1.0
Northside,2026-04-21,13,4,4,4,0.0,0,3,1.33
Northside,2026-04-21,14,6,6,6,0.0,0,3,2.0
Northside,2026-04-21,15,5,4,4,3.5,0,3,1.33
Northside,2026-04-21,16,2,2,2,0.0,0,3,0.67
Northside,2026-04-22,8,5,5,5,2.2,0,2,2.5
Northside,2026-04-22,9,4,4,4,0.0,0,3,1.33
Northside,2026-04-22,10,10,10,9,9.67,1,3,3.33
Northside,2026-04-22,12,2,2,2,0.0,0,3,0.67
Northside,2026-04-22,14,3,3,3,0.0,0,3,1.0
Northside,2026-04-22,15,5,4,4,0.0,0,3,1.33
Northside,2026-04-22,16,7,6,6,0.67,0,3,2.0
Northside,2026-04-23,8,5,5,5,10.0,0,2,2.5
Northside,2026-04-23,9,3,3,3,0.0,0,3,1.0
Northside,2026-04-23,10,8,8,8,2.25,0,3,2.67
Northside,2026-04-23,11,3,3,3,0.0,0,3,1.0
Northside,2026-04-23,12,1,1,1,0.0,0,3,0.33
Northside,2026-04-23,13,1,1,1,0.0,0,3,0.33
Northside,2026-04-23,14,6,6,6,7.33,0,3,2.0
Northside,2026-04-23,15,7,7,6,26.0,1,3,2.33
Northside,2026-04-23,16,5,4,4,3.25,0,3,1.33
Northside,2026-04-24,8,2,2,2,0.0,0,2,1.0
Northside,2026-04-24,9,4,4,4,0.0,0,3,1.33
Northside,2026-04-24,10,9,8,7,2.0,1,3,2.67
Northside,2026-04-24,11,9,9,8,12.62,1,3,3.0
Northside,2026-04-24,12,2,2,2,0.0,0,3,0.67
Northside,2026-04-24,13,2,2,2,0.0,0,3,0.67
Northside,2026-04-24,14,3,2,2,0.0,0,3,0.67
Northside,2026-04-24,15,4,3,3,0.0,0,3,1.0
Northside,2026-04-24,16,3,3,3,0.0,0,3,1.0
Northside,2026-04-25,8,4,3,3,0.0,0,2,1.5
Northside,2026-04-25,9,7,7,7,0.14,0,3,2.33
Northside,2026-04-25,10,6,4,4,0.5,0,3,1.33
Northside,2026-04-25,11,5,4,4,0.0,0,3,1.33
Northside,2026-04-25,12,1,1,1,0.0,0,3,0.33
Northside,2026-04-27,9,6,6,6,0.17,0,3,2.0
Northside,2026-04-27,10,3,3,3,0.0,0,3,1.0
Northside,2026-04-27,11,3,3,3,0.0,0,3,1.0
Northside,2026-04-27,12,1,1,1,0.0,0,3,0.33
Northside,2026-04-27,13,5,5,5,5.2,0,3,1.67
Northside,2026-04-27,14,4,3,3,0.0,0,3,1.0
Northside,2026-04-27,15,2,2,2,0.0,0,3,0.67
Northside,2026-04-27,16,3,3,3,0.0,0,3,1.0
Northside,2026-04-28,8,2,1,0,,1,2,0.5
Northside,2026-04-28,9,3,3,3,0.0,0,3,1.0
Northside,2026-04-28,10,6,6,6,4.0,0,3,2.0
Northside,2026-04-28,11,3,3,3,2.33,0,3,1.0
Northside,2026-04-28,12,1,0,0,,0,3,0.0
Northside,2026-04-28,14,4,4,4,0.0,0,3,1.33
Northside,2026-04-28,15,7,6,6,1.67,0,3,2.0
Northside,2026-04-28,16,2,2,2,0.0,0,3,0.67
Northside,2026-04-29,7,1,1,1,13.0,0,0,
Northside,2026-04-29,8,3,2,2,0.0,0,2,1.0
Northside,2026-04-29,9,6,6,4,0.0,2,3,2.0
Northside,2026-04-29,10,9,9,8,11.75,1,3,3.0
Northside,2026-04-29,11,4,4,4,8.75,0,3,1.33
Northside,2026-04-29,12,2,2,2,0.0,0,3,0.67
Northside,2026-04-29,13,5,5,5,0.0,0,3,1.67
Northside,2026-04-29,14,8,7,6,0.0,1,3,2.33
Northside,2026-04-29,15,10,9,9,9.89,0,3,3.0
Northside,2026-04-29,16,2,2,2,1.0,0,3,0.67
Northside,2026-04-30,8,2,1,1,0.0,0,2,0.5
Northside,2026-04-30,9,8,6,5,0.0,1,3,2.0
Northside,2026-04-30,10,9,8,8,6.25,0,3,2.67
Northside,2026-04-30,11,1,1,1,0.0,0,3,0.33
Northside,2026-04-30,12,3,3,3,0.0,0,3,1.0
Northside,2026-04-30,13,4,4,4,0.0,0,3,1.33
Northside,2026-04-30,14,4,4,4,0.0,0,3,1.33
Northside,2026-04-30,15,2,2,2,0.0,0,3,0.67
Northside,2026-04-30,16,3,3,3,0.0,0,3,1.0
Northside,2026-05-01,8,5,4,4,0.0,0,2,2.0
Northside,2026-05-01,9,6,6,5,2.2,1,3,2.0
Northside,2026-05-01,10,7,7,5,7.2,2,3,2.33
Northside,2026-05-01,11,4,4,3,0.0,1,3,1.33
Northside,2026-05-01,12,4,2,2,0.0,0,3,0.67
Northside,2026-05-01,13,1,1,1,0.0,0,3,0.33
Northside,2026-05-01,14,3,3,2,0.0,1,3,1.0
Northside,2026-05-01,15,6,6,5,0.0,1,3,2.0
Northside,2026-05-01,16,6,5,5,0.0,0,3,1.67
Northside,2026-05-02,8,1,1,1,0.0,0,2,0.5
Northside,2026-05-02,9,7,5,5,0.0,0,3,1.67
Northside,2026-05-02,10,8,7,5,0.0,2,3,2.33
Northside,2026-05-02,11,5,5,5,1.2,0,3,1.67
Northside,2026-05-02,12,4,4,4,0.0,0,3,1.33
Northside,2026-05-02,13,1,1,1,0.0,0,0,
Northside,2026-05-04,8,5,5,5,4.6,0,2,2.5
Northside,2026-05-04,9,7,7,6,1.17,1,3,2.33
Northside,2026-05-04,10,13,12,12,9.92,0,3,4.0
Northside,2026-05-04,11,6,3,3,0.33,0,3,1.0
Northside,2026-05-04,12,4,3,3,0.0,0,3,1.0
Northside,2026-05-04,13,3,3,3,0.0,0,3,1.0
Northside,2026-05-04,14,4,3,3,0.0,0,3,1.0
Northside,2026-05-04,15,9,7,7,6.57,0,3,2.33
Northside,2026-05-04,16,4,4,4,5.0,0,3,1.33
Northside,2026-05-05,9,9,8,8,1.12,0,3,2.67
Northside,2026-05-05,10,9,8,8,2.75,0,3,2.67
Northside,2026-05-05,11,8,8,7,3.29,1,3,2.67
Northside,2026-05-05,12,1,1,1,0.0,0,3,0.33
Northside,2026-05-05,13,3,3,3,0.0,0,3,1.0
Northside,2026-05-05,14,6,6,6,3.5,0,3,2.0
Northside,2026-05-05,15,12,10,9,15.56,1,3,3.33
Northside,2026-05-05,16,5,5,5,15.2,0,3,1.67
Northside,2026-05-06,8,1,1,1,0.0,0,2,0.5
Northside,2026-05-06,9,3,3,3,0.0,0,3,1.0
Northside,2026-05-06,10,8,8,8,0.75,0,3,2.67
Northside,2026-05-06,11,7,6,6,0.0,0,3,2.0
Northside,2026-05-06,13,1,1,1,0.0,0,3,0.33
Northside,2026-05-06,14,5,5,4,0.0,1,3,1.67
Northside,2026-05-06,15,7,7,7,4.71,0,3,2.33
Northside,2026-05-06,16,4,4,4,0.0,0,3,1.33
Northside,2026-05-07,7,2,2,2,4.5,0,0,
Northside,2026-05-07,8,3,3,3,4.67,0,2,1.5
Northside,2026-05-07,9,3,3,3,0.0,0,3,1.0
Northside,2026-05-07,10,6,6,6,0.0,0,3,2.0
Northside,2026-05-07,11,4,3,3,0.0,0,3,1.0
Northside,2026-05-07,12,3,3,3,0.0,0,3,1.0
Northside,2026-05-07,13,3,3,3,0.0,0,3,1.0
Northside,2026-05-07,14,2,2,2,0.0,0,3,0.67
Northside,2026-05-07,15,4,4,4,0.0,0,3,1.33
Northside,2026-05-07,16,1,1,1,0.0,0,3,0.33
Northside,2026-05-08,7,1,1,1,13.0,0,0,
Northside,2026-05-08,8,2,2,2,0.0,0,2,1.0
Northside,2026-05-08,9,6,5,5,0.0,0,3,1.67
Northside,2026-05-08,10,7,7,7,6.14,0,3,2.33
Northside,2026-05-08,11,3,3,3,0.0,0,3,1.0
Northside,2026-05-08,13,4,3,1,0.0,2,3,1.0
Northside,2026-05-08,14,1,1,1,0.0,0,3,0.33
Northside,2026-05-08,15,6,5,5,0.0,0,3,1.67
Northside,2026-05-08,16,1,1,1,0.0,0,3,0.33
Northside,2026-05-09,8,7,7,7,1.71,0,2,3.5
Northside,2026-05-09,9,5,5,5,1.4,0,3,1.67
Northside,2026-05-09,10,10,9,9,0.0,0,3,3.0
Northside,2026-05-09,11,1,0,0,,0,3,0.0
Northside,2026-05-09,12,3,3,3,0.0,0,3,1.0
Northside,2026-05-11,7,1,1,1,9.0,0,0,
Northside,2026-05-11,8,3,3,3,0.0,0,2,1.5
Northside,2026-05-11,9,9,7,7,1.86,0,3,2.33
Northside,2026-05-11,10,6,5,5,5.2,0,3,1.67
Northside,2026-05-11,11,5,3,2,0.0,1,3,1.0
Northside,2026-05-11,12,3,3,3,0.0,0,3,1.0
Northside,2026-05-11,13,3,3,3,0.0,0,3,1.0
Northside,2026-05-11,14,9,9,8,1.5,1,3,3.0
Northside,2026-05-11,15,9,9,9,2.22,0,3,3.0
Northside,2026-05-11,16,2,1,1,0.0,0,3,0.33
Northside,2026-05-12,8,6,6,6,3.0,0,2,3.0
Northside,2026-05-12,9,4,4,4,0.0,0,3,1.33
Northside,2026-05-12,10,7,6,6,0.0,0,3,2.0
Northside,2026-05-12,11,2,2,2,0.0,0,3,0.67
Northside,2026-05-12,12,3,3,3,0.0,0,3,1.0
Northside,2026-05-12,13,2,2,2,0.0,0,3,0.67
Northside,2026-05-12,14,6,6,6,2.33,0,3,2.0
Northside,2026-05-12,15,7,6,6,0.0,0,3,2.0
Northside,2026-05-12,16,3,3,3,0.33,0,3,1.0
Northside,2026-05-13,9,7,7,7,0.71,0,3,2.33
Northside,2026-05-13,10,7,6,5,0.0,1,3,2.0
Northside,2026-05-13,11,7,6,6,0.0,0,3,2.0
Northside,2026-05-13,12,4,4,4,0.25,0,3,1.33
Northside,2026-05-13,13,4,4,4,0.0,0,3,1.33
Northside,2026-05-13,14,7,6,6,0.0,0,3,2.0
Northside,2026-05-13,15,7,7,7,1.43,0,3,2.33
Northside,2026-05-13,16,1,1,1,0.0,0,3,0.33
Northside,2026-05-14,9,6,6,6,1.0,0,3,2.0
Northside,2026-05-14,10,9,9,8,3.75,1,3,3.0
Northside,2026-05-14,11,5,3,3,0.0,0,3,1.0
Northside,2026-05-14,12,2,2,2,0.0,0,3,0.67
Northside,2026-05-14,13,2,2,1,0.0,1,3,0.67
Northside,2026-05-14,14,7,7,7,1.0,0,3,2.33
Northside,2026-05-14,15,6,5,5,0.0,0,3,1.67
Northside,2026-05-14,16,3,3,3,0.0,0,3,1.0
Northside,2026-05-14,17,1,1,1,0.0,0,0,
Northside,2026-05-15,8,3,3,3,0.0,0,2,1.5
Northside,2026-05-15,9,4,4,3,0.0,1,3,1.33
Northside,2026-05-15,10,6,6,6,0.0,0,3,2.0
Northside,2026-05-15,11,5,5,4,0.0,1,3,1.67
Northside,2026-05-15,12,3,3,3,0.0,0,3,1.0
Northside,2026-05-15,13,2,2,2,0.0,0,3,0.67
Northside,2026-05-15,14,6,5,4,0.0,1,3,1.67
Northside,2026-05-15,15,7,7,7,1.14,0,3,2.33
Northside,2026-05-15,16,2,2,2,0.0,0,3,0.67
Northside,2026-05-16,7,1,1,1,1.0,0,0,
Northside,2026-05-16,8,2,2,2,0.0,0,2,1.0
Northside,2026-05-16,9,5,5,5,0.0,0,3,1.67
Northside,2026-05-16,10,11,11,11,4.45,0,3,3.67
Northside,2026-05-16,11,6,4,4,0.0,0,3,1.33
Northside,2026-05-16,12,2,2,2,0.0,0,3,0.67
Northside,2026-05-18,7,1,1,1,2.0,0,0,
Northside,2026-05-18,8,5,5,5,3.4,0,2,2.5
Northside,2026-05-18,9,7,5,5,0.0,0,3,1.67
Northside,2026-05-18,10,6,5,5,0.0,0,3,1.67
Northside,2026-05-18,11,4,4,3,0.0,1,3,1.33
Northside,2026-05-18,12,4,4,4,0.0,0,3,1.33
Northside,2026-05-18,13,1,0,0,,0,3,0.0
Northside,2026-05-18,14,13,12,11,7.45,1,3,4.0
Northside,2026-05-18,15,6,6,5,12.8,1,3,2.0
Northside,2026-05-18,16,4,3,3,0.0,0,3,1.0
Northside,2026-05-18,17,1,1,1,0.0,0,0,
Northside,2026-05-19,8,4,4,4,1.5,0,2,2.0
Northside,2026-05-19,9,4,4,4,0.0,0,3,1.33
Northside,2026-05-19,10,5,5,5,0.0,0,3,1.67
Northside,2026-05-19,11,7,7,6,0.0,1,3,2.33
Northside,2026-05-19,12,2,2,2,0.0,0,3,0.67
Northside,2026-05-19,13,4,4,4,0.0,0,3,1.33
Northside,2026-05-19,14,5,5,5,0.0,0,3,1.67
Northside,2026-05-19,15,8,8,7,2.14,1,3,2.67
Northside,2026-05-19,17,2,2,2,0.0,0,0,
Northside,2026-05-20,7,1,1,1,5.0,0,0,
Northside,2026-05-20,8,1,1,1,0.0,0,2,0.5
Northside,2026-05-20,9,7,6,6,2.0,0,3,2.0
Northside,2026-05-20,10,9,8,8,6.75,0,3,2.67
Northside,2026-05-20,11,1,1,1,0.0,0,3,0.33
Northside,2026-05-20,12,3,3,3,0.0,0,3,1.0
Northside,2026-05-20,13,1,1,1,0.0,0,3,0.33
Northside,2026-05-20,14,5,5,5,0.0,0,3,1.67
Northside,2026-05-20,15,7,6,6,14.33,0,3,2.0
Northside,2026-05-20,16,4,4,4,0.0,0,3,1.33
Northside,2026-05-21,7,1,1,1,3.0,0,0,
Northside,2026-05-21,8,2,2,2,0.0,0,2,1.0
Northside,2026-05-21,9,7,7,7,0.86,0,3,2.33
Northside,2026-05-21,10,6,5,5,0.0,0,3,1.67
Northside,2026-05-21,11,2,2,2,0.0,0,3,0.67
Northside,2026-05-21,12,1,1,1,0.0,0,3,0.33
Northside,2026-05-21,13,2,2,2,0.0,0,3,0.67
Northside,2026-05-21,14,4,4,4,0.0,0,3,1.33
Northside,2026-05-21,15,4,2,2,0.0,0,3,0.67
Northside,2026-05-21,16,2,2,2,0.0,0,3,0.67
Northside,2026-05-21,17,1,1,1,0.0,0,0,
Northside,2026-05-22,9,5,5,5,0.4,0,3,1.67
Northside,2026-05-22,10,6,6,6,0.0,0,3,2.0
Northside,2026-05-22,11,4,4,4,0.0,0,3,1.33
Northside,2026-05-22,12,2,2,2,0.0,0,3,0.67
Northside,2026-05-22,13,1,0,0,,0,3,0.0
Northside,2026-05-22,14,6,6,6,3.5,0,3,2.0
Northside,2026-05-22,15,3,3,3,0.0,0,3,1.0
Northside,2026-05-22,16,6,5,5,2.8,0,3,1.67
Northside,2026-05-23,8,4,4,4,2.0,0,2,2.0
Northside,2026-05-23,9,5,5,5,0.0,0,3,1.67
Northside,2026-05-23,10,9,8,8,6.88,0,3,2.67
Northside,2026-05-23,11,4,4,4,0.0,0,3,1.33
Northside,2026-05-23,12,3,2,2,0.0,0,3,0.67
Northside,2026-05-25,7,1,1,1,21.0,0,0,
Northside,2026-05-25,8,3,2,2,0.0,0,2,1.0
Northside,2026-05-25,9,7,5,5,0.0,0,3,1.67
Northside,2026-05-25,10,10,7,7,0.0,0,3,2.33
Northside,2026-05-25,11,5,5,5,3.4,0,3,1.67
Northside,2026-05-25,13,5,5,5,0.4,0,3,1.67
Northside,2026-05-25,14,7,6,6,1.0,0,3,2.0
Northside,2026-05-25,15,8,8,8,0.0,0,3,2.67
Northside,2026-05-25,16,6,3,3,4.33,0,3,1.0
Northside,2026-05-26,8,2,2,2,0.0,0,2,1.0
Northside,2026-05-26,9,4,4,4,4.0,0,3,1.33
Northside,2026-05-26,10,10,10,10,11.2,0,3,3.33
Northside,2026-05-26,11,5,5,4,16.0,1,3,1.67
Northside,2026-05-26,12,1,1,1,0.0,0,3,0.33
Northside,2026-05-26,13,2,2,2,0.0,0,3,0.67
Northside,2026-05-26,14,7,6,6,8.67,0,3,2.0
Northside,2026-05-26,15,6,6,6,2.83,0,3,2.0
Northside,2026-05-26,16,5,3,3,0.0,0,3,1.0
Northside,2026-05-27,8,3,2,2,0.0,0,2,1.0
Northside,2026-05-27,9,6,6,6,1.33,0,3,2.0
Northside,2026-05-27,10,11,10,10,3.5,0,3,3.33
Northside,2026-05-27,11,3,3,3,1.0,0,3,1.0
Northside,2026-05-27,12,4,3,2,0.0,1,3,1.0
Northside,2026-05-27,13,1,1,1,0.0,0,3,0.33
Northside,2026-05-27,14,7,7,7,0.57,0,3,2.33
Northside,2026-05-27,15,3,3,3,0.0,0,3,1.0
Northside,2026-05-27,16,3,2,1,0.0,1,3,0.67
Northside,2026-05-28,7,1,1,0,,1,0,
Northside,2026-05-28,8,2,1,1,0.0,0,2,0.5
Northside,2026-05-28,9,9,9,9,1.22,0,3,3.0
Northside,2026-05-28,10,9,9,9,3.44,0,3,3.0
Northside,2026-05-28,11,6,5,5,8.6,0,3,1.67
Northside,2026-05-28,12,3,3,3,0.0,0,3,1.0
Northside,2026-05-28,13,3,3,3,0.0,0,3,1.0
Northside,2026-05-28,14,4,4,4,0.0,0,3,1.33
Northside,2026-05-28,15,8,8,8,5.62,0,3,2.67
Northside,2026-05-28,16,2,2,2,0.0,0,3,0.67
Northside,2026-05-29,8,2,1,1,0.0,0,2,0.5
Northside,2026-05-29,9,6,6,5,0.6,1,3,2.0
Northside,2026-05-29,10,6,6,5,1.2,1,3,2.0
Northside,2026-05-29,11,9,9,8,5.88,1,3,3.0
Northside,2026-05-29,12,3,3,3,0.0,0,3,1.0
Northside,2026-05-29,13,1,1,1,0.0,0,3,0.33
Northside,2026-05-29,14,5,5,5,0.0,0,3,1.67
Northside,2026-05-29,15,8,8,8,11.5,0,3,2.67
Northside,2026-05-29,16,5,5,4,0.25,1,3,1.67
Northside,2026-05-30,9,9,9,8,2.88,1,3,3.0
Northside,2026-05-30,10,6,5,4,0.75,1,3,1.67
Northside,2026-05-30,11,4,4,4,0.0,0,3,1.33
Northside,2026-05-30,12,4,4,4,0.0,0,3,1.33
Northside,2026-06-01,7,2,2,2,3.5,0,0,
Northside,2026-06-01,8,3,3,3,12.0,0,2,1.5
Northside,2026-06-01,9,6,6,6,0.0,0,3,2.0
Northside,2026-06-01,10,5,4,4,1.25,0,3,1.33
Northside,2026-06-01,11,5,4,4,0.0,0,3,1.33
Northside,2026-06-01,12,4,3,2,0.0,1,3,1.0
Northside,2026-06-01,13,3,3,3,0.0,0,3,1.0
Northside,2026-06-01,14,3,1,1,0.0,0,3,0.33
Northside,2026-06-01,15,5,4,4,0.0,0,3,1.33
Northside,2026-06-01,16,5,3,3,2.0,0,3,1.0
Northside,2026-06-01,17,1,1,1,0.0,0,0,
Northside,2026-06-02,8,2,2,2,0.0,0,2,1.0
Northside,2026-06-02,9,3,3,3,0.0,0,3,1.0
Northside,2026-06-02,10,9,8,7,3.29,1,3,2.67
Northside,2026-06-02,11,2,2,2,0.0,0,3,0.67
Northside,2026-06-02,12,4,4,3,0.0,1,3,1.33
Northside,2026-06-02,13,1,1,1,0.0,0,3,0.33
Northside,2026-06-02,14,3,2,2,0.0,0,3,0.67
Northside,2026-06-02,15,7,5,5,0.0,0,3,1.67
Northside,2026-06-02,16,3,3,3,0.0,0,3,1.0
Northside,2026-06-03,8,4,3,3,2.67,0,2,1.5
Northside,2026-06-03,9,2,1,1,0.0,0,3,0.33
Northside,2026-06-03,10,5,5,4,0.0,1,3,1.67
Northside,2026-06-03,11,4,4,4,0.0,0,3,1.33
Northside,2026-06-03,12,2,2,2,0.0,0,3,0.67
Northside,2026-06-03,13,3,3,3,0.0,0,3,1.0
Northside,2026-06-03,15,5,5,5,0.0,0,3,1.67
Northside,2026-06-03,16,7,7,7,3.57,0,3,2.33
Northside,2026-06-04,7,1,1,1,7.0,0,0,
Northside,2026-06-04,8,3,3,3,5.0,0,2,1.5
Northside,2026-06-04,9,7,6,6,0.0,0,3,2.0
Northside,2026-06-04,10,6,6,5,0.0,1,3,2.0
Northside,2026-06-04,11,5,5,5,0.0,0,3,1.67
Northside,2026-06-04,12,2,2,1,0.0,1,3,0.67
Northside,2026-06-04,13,1,1,1,0.0,0,3,0.33
Northside,2026-06-04,14,4,4,4,0.0,0,3,1.33
Northside,2026-06-04,15,2,2,2,0.0,0,3,0.67
Northside,2026-06-04,16,1,1,1,0.0,0,3,0.33
Northside,2026-06-05,7,1,1,1,25.0,0,0,
Northside,2026-06-05,8,4,3,3,0.0,0,2,1.5
Northside,2026-06-05,9,11,10,8,7.0,2,3,3.33
Northside,2026-06-05,10,3,3,3,6.67,0,3,1.0
Northside,2026-06-05,11,7,7,6,7.0,1,3,2.33
Northside,2026-06-05,12,1,1,1,0.0,0,3,0.33
Northside,2026-06-05,14,3,3,3,0.0,0,3,1.0
Northside,2026-06-05,15,8,6,6,4.0,0,3,2.0
Northside,2026-06-05,16,3,3,3,0.0,0,3,1.0
Northside,2026-06-06,8,5,3,3,1.0,0,2,1.5
Northside,2026-06-06,9,5,5,5,0.6,0,3,1.67
Northside,2026-06-06,10,7,7,7,0.0,0,3,2.33
Northside,2026-06-06,11,3,3,3,0.0,0,3,1.0
Northside,2026-06-06,12,1,1,1,0.0,0,3,0.33
Northside,2026-06-08,8,3,3,3,0.0,0,2,1.5
Northside,2026-06-08,9,4,3,3,0.0,0,3,1.0
Northside,2026-06-08,10,6,6,6,2.17,0,3,2.0
Northside,2026-06-08,11,5,4,4,1.25,0,3,1.33
Northside,2026-06-08,12,1,1,1,0.0,0,3,0.33
Northside,2026-06-08,13,2,2,2,0.0,0,3,0.67
Northside,2026-06-08,14,3,3,3,0.0,0,3,1.0
Northside,2026-06-08,15,8,6,5,0.0,1,3,2.0
Northside,2026-06-08,16,1,1,1,0.0,0,3,0.33
Northside,2026-06-09,8,3,3,3,0.0,0,2,1.5
Northside,2026-06-09,9,6,6,6,0.0,0,3,2.0
Northside,2026-06-09,10,7,7,7,3.86,0,3,2.33
Northside,2026-06-09,11,5,4,4,0.0,0,3,1.33
Northside,2026-06-09,12,5,5,5,0.0,0,3,1.67
Northside,2026-06-09,13,3,3,3,0.0,0,3,1.0
Northside,2026-06-09,14,4,3,3,0.0,0,3,1.0
Northside,2026-06-09,15,5,5,5,0.0,0,3,1.67
Northside,2026-06-09,16,1,1,1,0.0,0,3,0.33
Northside,2026-06-10,8,2,2,2,0.0,0,2,1.0
Northside,2026-06-10,9,4,4,4,0.0,0,3,1.33
Northside,2026-06-10,10,6,6,6,0.0,0,3,2.0
Northside,2026-06-10,11,3,3,3,0.0,0,3,1.0
Northside,2026-06-10,12,3,3,3,0.0,0,3,1.0
Northside,2026-06-10,14,2,2,2,0.0,0,3,0.67
Northside,2026-06-10,15,4,3,3,0.0,0,3,1.0
Northside,2026-06-10,16,3,3,3,0.0,0,3,1.0
Northside,2026-06-10,17,1,1,1,0.0,0,0,
Northside,2026-06-11,7,1,1,1,10.0,0,0,
Northside,2026-06-11,8,3,3,3,0.0,0,2,1.5
Northside,2026-06-11,9,6,5,3,0.0,2,3,1.67
Northside,2026-06-11,10,7,7,7,3.43,0,3,2.33
Northside,2026-06-11,11,4,4,4,1.25,0,3,1.33
Northside,2026-06-11,12,4,4,4,0.0,0,3,1.33
Northside,2026-06-11,13,2,2,2,0.0,0,3,0.67
Northside,2026-06-11,14,4,3,3,0.0,0,3,1.0
Northside,2026-06-11,15,2,2,2,0.0,0,3,0.67
Northside,2026-06-11,16,6,6,5,0.0,1,3,2.0
Northside,2026-06-12,9,5,4,4,0.0,0,3,1.33
Northside,2026-06-12,10,5,5,5,0.0,0,3,1.67
Northside,2026-06-12,11,5,5,5,0.0,0,3,1.67
Northside,2026-06-12,12,1,1,1,0.0,0,3,0.33
Northside,2026-06-12,13,2,2,2,0.0,0,3,0.67
Northside,2026-06-12,14,1,1,1,0.0,0,3,0.33
Northside,2026-06-12,15,3,2,2,0.0,0,3,0.67
Northside,2026-06-12,16,6,6,6,0.0,0,3,2.0
Northside,2026-06-13,7,1,1,1,1.0,0,0,
Northside,2026-06-13,8,1,1,1,0.0,0,2,0.5
Northside,2026-06-13,9,4,4,4,0.0,0,3,1.33
Northside,2026-06-13,10,11,11,11,6.36,0,3,3.67
Northside,2026-06-13,11,7,7,7,4.14,0,3,2.33
Northside,2026-06-13,12,5,5,3,1.33,2,3,1.67
Northside,2026-06-15,8,1,0,0,,0,2,0.0
Northside,2026-06-15,9,4,4,4,0.0,0,3,1.33
Northside,2026-06-15,10,10,9,9,6.44,0,3,3.0
Northside,2026-06-15,11,7,7,7,6.86,0,3,2.33
Northside,2026-06-15,12,5,2,2,0.0,0,3,0.67
Northside,2026-06-15,13,1,1,1,0.0,0,3,0.33
Northside,2026-06-15,14,4,4,4,0.0,0,3,1.33
Northside,2026-06-15,15,2,1,1,0.0,0,3,0.33
Northside,2026-06-15,16,6,6,6,2.5,0,3,2.0
Northside,2026-06-15,17,1,1,1,0.0,0,0,
Northside,2026-06-16,8,3,3,3,0.0,0,2,1.5
Northside,2026-06-16,9,4,4,4,0.0,0,3,1.33
Northside,2026-06-16,10,10,10,10,14.5,0,3,3.33
Northside,2026-06-16,11,8,7,5,11.6,2,3,2.33
Northside,2026-06-16,12,3,3,3,0.0,0,3,1.0
Northside,2026-06-16,13,5,5,3,0.0,2,3,1.67
Northside,2026-06-16,14,3,3,3,0.0,0,3,1.0
Northside,2026-06-16,15,8,7,7,0.43,0,3,2.33
Northside,2026-06-16,16,6,5,5,1.0,0,3,1.67
Northside,2026-06-17,9,1,1,1,0.0,0,3,0.33
Northside,2026-06-17,10,9,8,8,0.0,0,3,2.67
Northside,2026-06-17,11,7,4,4,0.0,0,3,1.33
Northside,2026-06-17,13,3,2,2,0.0,0,3,0.67
Northside,2026-06-17,14,3,3,3,0.0,0,3,1.0
Northside,2026-06-17,15,6,6,6,0.0,0,3,2.0
Northside,2026-06-17,16,5,5,5,1.2,0,3,1.67
Northside,2026-06-18,8,2,1,1,0.0,0,2,0.5
Northside,2026-06-18,9,6,6,6,0.33,0,3,2.0
Northside,2026-06-18,10,8,7,7,1.29,0,3,2.33
Northside,2026-06-18,11,7,7,7,2.14,0,3,2.33
Northside,2026-06-18,12,2,2,2,0.0,0,3,0.67
Northside,2026-06-18,13,1,1,1,0.0,0,3,0.33
Northside,2026-06-18,14,5,5,4,1.0,1,3,1.67
Northside,2026-06-18,15,6,6,5,0.0,1,3,2.0
Northside,2026-06-18,16,1,1,1,0.0,0,3,0.33
Northside,2026-06-19,8,1,1,1,0.0,0,2,0.5
Northside,2026-06-19,9,6,5,5,0.0,0,3,1.67
Northside,2026-06-19,10,10,10,9,10.78,1,3,3.33
Northside,2026-06-19,11,6,5,5,0.0,0,3,1.67
Northside,2026-06-19,13,5,5,5,0.0,0,3,1.67
Northside,2026-06-19,14,4,3,3,0.0,0,3,1.0
Northside,2026-06-19,15,9,8,8,1.62,0,3,2.67
Northside,2026-06-19,16,7,6,6,1.17,0,3,2.0
Northside,2026-06-20,8,2,2,2,0.0,0,2,1.0
Northside,2026-06-20,9,4,4,4,0.0,0,3,1.33
Northside,2026-06-20,10,12,12,12,6.17,0,3,4.0
Northside,2026-06-20,11,6,4,4,0.0,0,3,1.33
Northside,2026-06-20,12,1,1,1,0.0,0,3,0.33
Northside,2026-06-22,7,1,1,1,1.0,0,0,
Northside,2026-06-22,8,4,4,3,0.0,1,2,2.0
Northside,2026-06-22,9,5,5,5,0.0,0,3,1.67
Northside,2026-06-22,10,13,12,11,6.0,1,3,4.0
Northside,2026-06-22,11,4,4,3,0.33,1,3,1.33
Northside,2026-06-22,13,3,3,3,0.0,0,3,1.0
Northside,2026-06-22,14,5,3,3,0.0,0,3,1.0
Northside,2026-06-22,15,3,3,3,0.0,0,3,1.0
Northside,2026-06-22,16,4,3,3,0.0,0,3,1.0
Northside,2026-06-23,7,1,1,1,16.0,0,0,
Northside,2026-06-23,8,3,3,3,0.0,0,2,1.5
Northside,2026-06-23,9,8,6,6,0.17,0,3,2.0
Northside,2026-06-23,10,4,4,3,0.0,1,3,1.33
Northside,2026-06-23,11,3,2,2,0.0,0,3,0.67
Northside,2026-06-23,12,1,1,1,0.0,0,3,0.33
Northside,2026-06-23,14,6,5,5,0.0,0,3,1.67
Northside,2026-06-23,15,9,9,8,3.5,1,3,3.0
Northside,2026-06-23,16,8,7,7,3.43,0,3,2.33
Northside,2026-06-24,8,2,2,2,0.0,0,2,1.0
Northside,2026-06-24,9,4,4,4,1.0,0,3,1.33
Northside,2026-06-24,10,5,5,4,0.0,1,3,1.67
Northside,2026-06-24,11,5,5,5,0.8,0,3,1.67
Northside,2026-06-24,12,1,1,1,0.0,0,3,0.33
Northside,2026-06-24,13,3,3,3,0.0,0,3,1.0
Northside,2026-06-24,14,4,4,3,0.0,1,3,1.33
Northside,2026-06-24,15,5,5,5,4.0,0,3,1.67
Northside,2026-06-24,16,4,3,3,0.0,0,3,1.0
Northside,2026-06-25,7,1,1,1,1.0,0,0,
Northside,2026-06-25,8,3,3,3,0.0,0,2,1.5
Northside,2026-06-25,9,4,4,4,0.0,0,3,1.33
Northside,2026-06-25,10,9,9,9,6.67,0,3,3.0
Northside,2026-06-25,11,5,5,5,1.6,0,3,1.67
Northside,2026-06-25,12,1,1,1,0.0,0,3,0.33
Northside,2026-06-25,13,2,2,2,0.0,0,3,0.67
Northside,2026-06-25,15,9,8,8,0.0,0,3,2.67
Northside,2026-06-25,16,1,1,1,0.0,0,3,0.33
Northside,2026-06-26,8,1,1,1,0.0,0,2,0.5
Northside,2026-06-26,9,3,3,3,0.0,0,3,1.0
Northside,2026-06-26,10,5,5,5,0.0,0,3,1.67
Northside,2026-06-26,11,4,4,4,0.0,0,3,1.33
Northside,2026-06-26,12,3,3,3,0.0,0,3,1.0
Northside,2026-06-26,13,1,1,1,0.0,0,3,0.33
Northside,2026-06-26,14,9,8,8,2.25,0,3,2.67
Northside,2026-06-26,15,4,4,4,0.5,0,3,1.33
Northside,2026-06-26,16,5,5,5,0.0,0,3,1.67
Northside,2026-06-27,8,1,1,1,0.0,0,2,0.5
Northside,2026-06-27,9,6,5,5,0.4,0,3,1.67
Northside,2026-06-27,10,10,10,10,7.1,0,3,3.33
Northside,2026-06-27,11,7,6,6,7.17,0,3,2.0
Northside,2026-06-27,12,2,2,2,0.0,0,3,0.67
Northside,2026-06-29,8,2,1,1,0.0,0,2,0.5
Northside,2026-06-29,9,7,7,7,0.57,0,3,2.33
Northside,2026-06-29,10,8,7,7,1.0,0,3,2.33
Northside,2026-06-29,11,5,3,3,4.67,0,3,1.0
Northside,2026-06-29,12,3,2,2,0.0,0,3,0.67
Northside,2026-06-29,13,4,4,4,0.0,0,3,1.33
Northside,2026-06-29,14,7,6,6,0.67,0,3,2.0
Northside,2026-06-29,15,4,4,3,1.67,1,3,1.33
Northside,2026-06-29,16,6,6,6,0.0,0,3,2.0
Northside,2026-06-30,8,2,1,1,0.0,0,2,0.5
Northside,2026-06-30,9,8,8,8,0.25,0,3,2.67
Northside,2026-06-30,10,10,9,9,7.67,0,3,3.0
Northside,2026-06-30,11,10,9,9,2.22,0,3,3.0
Northside,2026-06-30,13,2,2,2,0.0,0,3,0.67
Northside,2026-06-30,14,6,6,6,0.5,0,3,2.0
Northside,2026-06-30,15,6,6,6,0.0,0,3,2.0
Northside,2026-06-30,16,2,2,1,0.0,1,3,0.67
West End,2026-01-01,8,4,3,3,7.0,0,1,3.0
West End,2026-01-01,9,3,3,3,3.0,0,2,1.5
West End,2026-01-01,10,2,2,2,0.0,0,2,1.0
West End,2026-01-01,11,5,5,5,1.6,0,2,2.5
West End,2026-01-01,12,2,2,2,4.5,0,2,1.0
West End,2026-01-01,13,2,2,2,0.0,0,2,1.0
West End,2026-01-01,14,4,4,4,9.25,0,2,2.0
West End,2026-01-01,15,3,3,3,8.33,0,2,1.5
West End,2026-01-01,16,1,1,1,0.0,0,2,0.5
West End,2026-01-02,8,6,5,5,12.4,0,1,5.0
West End,2026-01-02,9,5,4,4,12.0,0,2,2.0
West End,2026-01-02,10,5,5,4,8.75,1,2,2.5
West End,2026-01-02,11,6,4,4,0.25,0,2,2.0
West End,2026-01-02,12,2,2,2,0.0,0,2,1.0
West End,2026-01-02,13,4,4,4,3.75,0,2,2.0
West End,2026-01-02,14,6,6,6,0.0,0,2,3.0
West End,2026-01-02,15,4,4,4,4.0,0,2,2.0
West End,2026-01-02,16,6,5,5,13.8,0,2,2.5
West End,2026-01-03,8,5,4,4,1.75,0,1,4.0
West End,2026-01-03,9,7,7,7,8.29,0,2,3.5
West End,2026-01-03,10,6,5,5,7.2,0,2,2.5
West End,2026-01-03,11,7,7,7,12.0,0,2,3.5
West End,2026-01-03,12,4,3,3,1.67,0,2,1.5
West End,2026-01-05,7,1,1,1,5.0,0,0,
West End,2026-01-05,8,5,5,4,7.25,1,1,5.0
West End,2026-01-05,9,6,6,4,25.25,2,2,3.0
West End,2026-01-05,10,11,11,8,20.12,3,2,5.5
West End,2026-01-05,11,7,6,6,17.17,0,2,3.0
West End,2026-01-05,12,3,2,2,6.5,0,2,1.0
West End,2026-01-05,13,2,1,1,0.0,0,2,0.5
West End,2026-01-05,14,5,5,5,1.8,0,2,2.5
West End,2026-01-05,15,1,1,1,0.0,0,2,0.5
West End,2026-01-05,16,2,1,1,0.0,0,2,0.5
West End,2026-01-06,8,5,5,4,2.5,1,1,5.0
West End,2026-01-06,9,4,4,4,0.0,0,2,2.0
West End,2026-01-06,10,3,2,2,0.0,0,2,1.0
West End,2026-01-06,11,2,2,2,0.0,0,2,1.0
West End,2026-01-06,12,8,8,8,17.0,0,2,4.0
West End,2026-01-06,14,4,4,4,1.5,0,2,2.0
West End,2026-01-06,15,4,4,4,0.0,0,2,2.0
West End,2026-01-06,16,1,1,1,0.0,0,2,0.5
West End,2026-01-07,8,2,2,2,10.5,0,1,2.0
West End,2026-01-07,9,5,4,4,0.0,0,2,2.0
West End,2026-01-07,10,8,7,7,12.0,0,2,3.5
West End,2026-01-07,11,6,5,4,15.25,1,2,2.5
West End,2026-01-07,12,2,2,2,0.0,0,2,1.0
West End,2026-01-07,13,4,4,4,6.75,0,2,2.0
West End,2026-01-07,14,5,5,4,0.0,1,2,2.5
West End,2026-01-07,15,3,3,3,0.0,0,2,1.5
West End,2026-01-07,16,2,2,2,0.0,0,2,1.0
West End,2026-01-08,9,7,6,6,5.17,0,2,3.0
West End,2026-01-08,10,6,6,5,43.0,1,2,3.0
West End,2026-01-08,11,2,1,1,15.0,0,2,0.5
West End,2026-01-08,12,2,1,1,0.0,0,2,0.5
West End,2026-01-08,13,1,1,1,0.0,0,2,0.5
West End,2026-01-08,14,3,3,3,0.0,0,2,1.5
West End,2026-01-08,15,7,6,6,6.0,0,2,3.0
West End,2026-01-08,16,4,3,2,4.5,1,2,1.5
West End,2026-01-09,8,3,3,3,9.33,0,1,3.0
West End,2026-01-09,9,4,4,4,4.0,0,2,2.0
West End,2026-01-09,10,9,8,8,14.12,0,2,4.0
West End,2026-01-09,11,4,4,4,25.5,0,2,2.0
West End,2026-01-09,12,2,2,2,10.5,0,2,1.0
West End,2026-01-09,13,1,1,1,0.0,0,2,0.5
West End,2026-01-09,14,5,5,5,3.8,0,2,2.5
West End,2026-01-09,15,9,9,8,27.0,1,2,4.5
West End,2026-01-09,16,2,1,1,21.0,0,2,0.5
West End,2026-01-10,7,1,1,0,,1,0,
West End,2026-01-10,8,8,6,6,6.5,0,1,6.0
West End,2026-01-10,9,9,9,9,25.44,0,2,4.5
West End,2026-01-10,10,4,3,2,27.5,1,2,1.5
West End,2026-01-10,11,4,4,4,7.25,0,2,2.0
West End,2026-01-10,12,2,1,1,18.0,0,2,0.5
West End,2026-01-12,7,2,2,2,18.5,0,0,
West End,2026-01-12,8,7,6,5,10.2,1,1,6.0
West End,2026-01-12,9,8,8,8,14.75,0,2,4.0
West End,2026-01-12,10,7,7,4,41.5,3,2,3.5
West End,2026-01-12,11,2,2,2,7.5,0,2,1.0
West End,2026-01-12,12,3,2,2,0.0,0,2,1.0
West End,2026-01-12,13,1,1,1,0.0,0,2,0.5
West End,2026-01-12,14,5,5,5,10.8,0,2,2.5
West End,2026-01-12,15,3,1,1,0.0,0,2,0.5
West End,2026-01-12,16,4,4,4,0.0,0,2,2.0
West End,2026-01-13,8,6,6,6,27.0,0,1,6.0
West End,2026-01-13,9,3,3,2,20.0,1,2,1.5
West End,2026-01-13,10,12,10,9,24.56,1,2,5.0
West End,2026-01-13,11,7,7,4,54.75,3,2,3.5
West End,2026-01-13,12,4,1,1,0.0,0,2,0.5
West End,2026-01-13,13,1,1,1,0.0,0,2,0.5
West End,2026-01-13,14,6,6,6,6.83,0,2,3.0
West End,2026-01-13,15,2,2,2,0.0,0,2,1.0
West End,2026-01-13,16,2,2,2,0.0,0,2,1.0
West End,2026-01-14,8,2,2,2,1.0,0,1,2.0
West End,2026-01-14,9,5,4,4,2.0,0,2,2.0
West End,2026-01-14,10,5,5,4,3.75,1,2,2.5
West End,2026-01-14,11,4,4,4,4.0,0,2,2.0
West End,2026-01-14,12,3,2,2,0.0,0,2,1.0
West End,2026-01-14,13,1,1,1,0.0,0,2,0.5
West End,2026-01-14,14,3,3,3,1.33,0,2,1.5
West End,2026-01-14,15,7,7,7,5.43,0,2,3.5
West End,2026-01-14,16,4,4,3,0.67,1,2,2.0
West End,2026-01-15,8,3,2,2,0.0,0,1,2.0
West End,2026-01-15,9,3,3,3,0.0,0,2,1.5
West End,2026-01-15,10,3,3,3,0.0,0,2,1.5
West End,2026-01-15,11,3,3,3,0.0,0,2,1.5
West End,2026-01-15,12,4,4,4,2.0,0,2,2.0
West End,2026-01-15,13,4,2,2,3.0,0,2,1.0
West End,2026-01-15,14,11,10,9,48.11,1,2,5.0
West End,2026-01-15,15,4,4,4,26.5,0,2,2.0
West End,2026-01-16,8,6,6,6,17.5,0,1,6.0
West End,2026-01-16,9,9,8,8,15.75,0,2,4.0
West End,2026-01-16,10,3,3,3,19.33,0,2,1.5
West End,2026-01-16,11,4,3,3,5.0,0,2,1.5
West End,2026-01-16,13,4,3,3,0.0,0,2,1.5
West End,2026-01-16,14,1,0,0,,0,2,0.0
West End,2026-01-16,15,5,5,5,3.4,0,2,2.5
West End,2026-01-16,16,6,6,6,0.67,0,2,3.0
West End,2026-01-17,7,1,1,1,10.0,0,0,
West End,2026-01-17,8,2,2,2,9.5,0,1,2.0
West End,2026-01-17,9,5,5,5,0.2,0,2,2.5
West End,2026-01-17,10,9,8,7,4.29,1,2,4.0
West End,2026-01-17,11,2,1,1,22.0,0,2,0.5
West End,2026-01-17,12,2,2,1,0.0,1,2,1.0
West End,2026-01-19,7,1,1,1,4.0,0,0,
West End,2026-01-19,8,2,2,2,7.5,0,1,2.0
West End,2026-01-19,9,6,5,4,3.0,1,2,2.5
West End,2026-01-19,10,4,2,2,0.0,0,2,1.0
West End,2026-01-19,11,5,4,3,6.33,1,2,2.0
West End,2026-01-19,12,3,2,2,0.0,0,2,1.0
West End,2026-01-19,13,2,2,2,0.0,0,2,1.0
West End,2026-01-19,14,3,3,3,0.0,0,2,1.5
West End,2026-01-19,15,4,3,3,0.0,0,2,1.5
West End,2026-01-19,16,3,3,3,0.0,0,2,1.5
West End,2026-01-20,8,4,3,3,3.67,0,1,3.0
West End,2026-01-20,9,5,5,5,7.6,0,2,2.5
West End,2026-01-20,10,4,4,4,4.0,0,2,2.0
West End,2026-01-20,11,4,2,2,0.0,0,2,1.0
West End,2026-01-20,13,5,4,4,0.0,0,2,2.0
West End,2026-01-20,14,5,5,5,9.4,0,2,2.5
West End,2026-01-20,15,3,2,2,0.0,0,2,1.0
West End,2026-01-20,16,7,7,7,3.0,0,2,3.5
West End,2026-01-21,8,5,4,4,11.75,0,1,4.0
West End,2026-01-21,9,9,9,9,7.0,0,2,4.5
West End,2026-01-21,10,4,4,4,7.5,0,2,2.0
West End,2026-01-21,11,3,3,3,6.33,0,2,1.5
West End,2026-01-21,12,4,3,3,0.0,0,2,1.5
West End,2026-01-21,13,1,1,1,0.0,0,2,0.5
West End,2026-01-21,14,8,8,8,14.62,0,2,4.0
West End,2026-01-21,15,2,2,2,0.0,0,2,1.0
West End,2026-01-21,16,1,1,1,0.0,0,2,0.5
West End,2026-01-22,7,1,1,1,4.0,0,0,
West End,2026-01-22,8,6,5,5,22.4,0,1,5.0
West End,2026-01-22,9,7,7,6,37.33,1,2,3.5
West End,2026-01-22,10,7,7,5,59.8,2,2,3.5
West End,2026-01-22,11,2,2,2,20.5,0,2,1.0
West End,2026-01-22,12,2,2,2,0.0,0,2,1.0
West End,2026-01-22,13,3,3,3,1.33,0,2,1.5
West End,2026-01-22,14,2,2,2,2.0,0,2,1.0
West End,2026-01-22,15,3,2,2,0.0,0,2,1.0
West End,2026-01-22,16,3,2,2,0.0,0,2,1.0
West End,2026-01-23,8,7,6,6,20.67,0,1,6.0
West End,2026-01-23,9,3,3,3,13.0,0,2,1.5
West End,2026-01-23,10,7,7,6,4.33,1,2,3.5
West End,2026-01-23,11,7,6,6,6.5,0,2,3.0
West End,2026-01-23,12,4,4,4,0.25,0,2,2.0
West End,2026-01-23,13,3,3,3,3.33,0,2,1.5
West End,2026-01-23,14,6,6,6,11.83,0,2,3.0
West End,2026-01-23,15,4,4,4,1.0,0,2,2.0
West End,2026-01-23,16,5,5,5,3.4,0,2,2.5
West End,2026-01-24,8,5,5,5,16.2,0,1,5.0
West End,2026-01-24,9,6,6,6,26.67,0,2,3.0
West End,2026-01-24,10,4,4,4,23.5,0,2,2.0
West End,2026-01-24,11,3,1,1,22.0,0,2,0.5
West End,2026-01-24,12,1,1,1,0.0,0,2,0.5
West End,2026-01-26,8,7,6,6,7.83,0,1,6.0
West End,2026-01-26,9,7,7,6,21.33,1,2,3.5
West End,2026-01-26,10,10,5,4,24.75,1,2,2.5
West End,2026-01-26,11,1,1,1,0.0,0,2,0.5
West End,2026-01-26,12,3,3,3,0.0,0,2,1.5
West End,2026-01-26,13,2,2,2,0.0,0,2,1.0
West End,2026-01-26,14,6,5,5,0.0,0,2,2.5
West End,2026-01-26,15,5,3,3,0.0,0,2,1.5
West End,2026-01-26,16,2,1,1,0.0,0,2,0.5
West End,2026-01-27,7,1,1,1,15.0,0,0,
West End,2026-01-27,8,4,4,4,3.25,0,1,4.0
West End,2026-01-27,9,6,5,5,7.2,0,2,2.5
West End,2026-01-27,10,9,8,7,35.43,1,2,4.0
West End,2026-01-27,11,2,2,1,37.0,1,2,1.0
West End,2026-01-27,12,4,4,4,0.25,0,2,2.0
West End,2026-01-27,13,1,1,1,0.0,0,2,0.5
West End,2026-01-27,14,5,4,4,0.0,0,2,2.0
West End,2026-01-27,15,6,4,4,0.0,0,2,2.0
West End,2026-01-27,16,4,3,3,11.67,0,2,1.5
West End,2026-01-28,8,3,3,3,12.0,0,1,3.0
West End,2026-01-28,9,5,4,4,0.0,0,2,2.0
West End,2026-01-28,10,6,5,5,7.0,0,2,2.5
West End,2026-01-28,11,4,4,4,1.0,0,2,2.0
West End,2026-01-28,12,1,1,1,0.0,0,2,0.5
West End,2026-01-28,13,1,1,1,0.0,0,2,0.5
West End,2026-01-28,14,5,5,5,6.8,0,2,2.5
West End,2026-01-28,15,5,5,5,2.4,0,2,2.5
West End,2026-01-28,16,6,5,5,0.0,0,2,2.5
West End,2026-01-29,8,5,5,5,15.2,0,1,5.0
West End,2026-01-29,10,7,7,7,7.57,0,2,3.5
West End,2026-01-29,11,3,3,3,8.0,0,2,1.5
West End,2026-01-29,13,1,1,1,0.0,0,2,0.5
West End,2026-01-29,14,2,1,1,0.0,0,2,0.5
West End,2026-01-29,15,4,4,3,0.0,1,2,2.0
West End,2026-01-29,16,2,2,2,0.0,0,2,1.0
West End,2026-01-30,7,1,1,0,,1,0,
West End,2026-01-30,8,3,2,2,9.0,0,1,2.0
West End,2026-01-30,9,6,6,6,6.33,0,2,3.0
West End,2026-01-30,10,11,9,8,29.25,1,2,4.5
West End,2026-01-30,11,2,2,1,6.0,1,2,1.0
West End,2026-01-30,12,3,3,3,0.0,0,2,1.5
West End,2026-01-30,13,1,1,1,0.0,0,2,0.5
West End,2026-01-30,14,5,5,4,0.0,1,2,2.5
West End,2026-01-30,15,5,5,5,2.6,0,2,2.5
West End,2026-01-30,16,4,4,4,7.5,0,2,2.0
West End,2026-01-31,8,5,3,3,3.0,0,1,3.0
West End,2026-01-31,9,6,5,5,7.8,0,2,2.5
West End,2026-01-31,10,5,4,4,28.5,0,2,2.0
West End,2026-01-31,11,5,4,4,0.0,0,2,2.0
West End,2026-01-31,12,2,1,1,0.0,0,2,0.5
West End,2026-02-02,8,8,5,5,11.4,0,1,5.0
West End,2026-02-02,9,6,4,4,3.25,0,2,2.0
West End,2026-02-02,10,10,9,9,7.0,0,2,4.5
West End,2026-02-02,12,3,3,3,0.0,0,2,1.5
West End,2026-02-02,13,2,1,1,0.0,0,2,0.5
West End,2026-02-02,14,3,2,2,0.0,0,2,1.0
West End,2026-02-02,15,5,5,5,0.0,0,2,2.5
West End,2026-02-02,16,2,1,1,0.0,0,2,0.5
West End,2026-02-03,7,1,1,1,10.0,0,0,
West End,2026-02-03,8,8,7,7,19.86,0,1,7.0
West End,2026-02-03,9,2,2,2,10.5,0,2,1.0
West End,2026-02-03,10,7,6,5,3.6,1,2,3.0
West End,2026-02-03,11,5,4,4,0.5,0,2,2.0
West End,2026-02-03,12,2,2,2,0.0,0,2,1.0
West End,2026-02-03,13,3,3,2,0.0,1,2,1.5
West End,2026-02-03,14,5,4,4,0.0,0,2,2.0
West End,2026-02-03,15,3,2,2,0.0,0,2,1.0
West End,2026-02-03,16,1,0,0,,0,2,0.0
West End,2026-02-04,8,2,1,1,0.0,0,1,1.0
West End,2026-02-04,9,11,9,7,7.71,2,2,4.5
West End,2026-02-04,10,6,6,6,4.0,0,2,3.0
West End,2026-02-04,11,4,4,4,7.0,0,2,2.0
West End,2026-02-04,12,3,3,3,0.0,0,2,1.5
West End,2026-02-04,13,1,1,1,0.0,0,2,0.5
West End,2026-02-04,14,3,3,3,0.0,0,2,1.5
West End,2026-02-04,15,4,3,3,0.0,0,2,1.5
West End,2026-02-04,16,7,5,5,1.6,0,2,2.5
West End,2026-02-05,8,2,2,2,0.0,0,1,2.0
West End,2026-02-05,9,5,5,5,0.2,0,2,2.5
West End,2026-02-05,10,8,6,6,4.83,0,2,3.0
West End,2026-02-05,11,4,4,4,6.0,0,2,2.0
West End,2026-02-05,12,2,2,2,0.0,0,2,1.0
West End,2026-02-05,14,5,5,5,2.2,0,2,2.5
West End,2026-02-05,15,2,2,2,0.0,0,2,1.0
West End,2026-02-05,16,2,2,2,0.0,0,2,1.0
West End,2026-02-06,7,1,1,1,13.0,0,0,
West End,2026-02-06,8,3,3,3,9.33,0,1,3.0
West End,2026-02-06,9,4,3,3,3.0,0,2,1.5
West End,2026-02-06,10,7,7,7,14.14,0,2,3.5
West End,2026-02-06,11,2,2,2,8.0,0,2,1.0
West End,2026-02-06,12,4,4,4,2.75,0,2,2.0
West End,2026-02-06,13,3,3,3,0.0,0,2,1.5
West End,2026-02-06,14,4,4,4,0.5,0,2,2.0
West End,2026-02-06,15,10,9,8,28.25,1,2,4.5
West End,2026-02-06,16,2,2,2,13.5,0,2,1.0
West End,2026-02-07,7,1,1,1,9.0,0,0,
West End,2026-02-07,8,7,5,4,25.0,1,1,5.0
West End,2026-02-07,9,5,4,4,2.5,0,2,2.0
West End,2026-02-07,10,10,10,9,40.22,1,2,5.0
West End,2026-02-07,11,6,6,5,60.4,1,2,3.0
West End,2026-02-07,12,3,3,2,53.5,1,2,1.5
West End,2026-02-09,8,4,2,2,6.0,0,1,2.0
West End,2026-02-09,9,10,10,10,8.0,0,2,5.0
West End,2026-02-09,10,5,5,4,4.25,1,2,2.5
West End,2026-02-09,11,3,3,3,0.0,0,2,1.5
West End,2026-02-09,12,2,2,2,0.0,0,2,1.0
West End,2026-02-09,13,1,1,1,0.0,0,2,0.5
West End,2026-02-09,14,4,4,4,0.0,0,2,2.0
West End,2026-02-09,15,3,3,3,0.0,0,2,1.5
West End,2026-02-09,16,4,3,3,0.0,0,2,1.5
West End,2026-02-10,8,4,4,4,24.25,0,1,4.0
West End,2026-02-10,9,4,4,4,1.5,0,2,2.0
West End,2026-02-10,10,4,4,4,3.0,0,2,2.0
West End,2026-02-10,11,4,4,3,0.33,1,2,2.0
West End,2026-02-10,12,2,2,2,0.0,0,2,1.0
West End,2026-02-10,13,1,1,1,0.0,0,2,0.5
West End,2026-02-10,14,6,6,6,2.83,0,2,3.0
West End,2026-02-10,15,6,6,6,5.5,0,2,3.0
West End,2026-02-11,7,1,1,1,3.0,0,0,
West End,2026-02-11,8,4,4,3,30.0,1,1,4.0
West End,2026-02-11,9,9,8,8,6.25,0,2,4.0
West End,2026-02-11,10,8,8,7,24.29,1,2,4.0
West End,2026-02-11,11,3,3,3,21.0,0,2,1.5
West End,2026-02-11,12,5,5,5,2.2,0,2,2.5
West End,2026-02-11,13,2,2,2,2.0,0,2,1.0
West End,2026-02-11,14,5,5,5,2.2,0,2,2.5
West End,2026-02-11,15,5,5,5,11.8,0,2,2.5
West End,2026-02-11,16,4,4,3,14.67,1,2,2.0
West End,2026-02-12,8,5,5,5,4.2,0,1,5.0
West End,2026-02-12,9,5,4,4,0.0,0,2,2.0
West End,2026-02-12,10,7,7,7,15.43,0,2,3.5
West End,2026-02-12,11,3,3,3,1.0,0,2,1.5
West End,2026-02-12,12,1,1,1,0.0,0,2,0.5
West End,2026-02-12,13,5,5,5,9.0,0,2,2.5
West End,2026-02-12,14,1,1,1,0.0,0,2,0.5
West End,2026-02-12,15,3,2,2,0.0,0,2,1.0
West End,2026-02-12,16,5,5,5,4.8,0,2,2.5
West End,2026-02-13,7,1,1,1,4.0,0,0,
West End,2026-02-13,8,2,1,1,0.0,0,1,1.0
West End,2026-02-13,9,5,4,4,0.0,0,2,2.0
West End,2026-02-13,10,7,7,7,16.57,0,2,3.5
West End,2026-02-13,11,4,4,4,34.25,0,2,2.0
West End,2026-02-13,12,4,4,3,20.67,1,2,2.0
West End,2026-02-13,13,4,4,4,0.0,0,2,2.0
West End,2026-02-13,14,5,4,3,4.67,1,2,2.0
West End,2026-02-13,15,3,3,3,0.0,0,2,1.5
West End,2026-02-13,16,2,2,2,4.0,0,2,1.0
West End,2026-02-14,8,5,5,4,15.25,1,1,5.0
West End,2026-02-14,9,13,13,11,30.45,2,2,6.5
West End,2026-02-14,10,5,5,2,21.5,3,2,2.5
West End,2026-02-14,11,5,4,4,20.0,0,2,2.0
West End,2026-02-14,12,1,0,0,,0,2,0.0
West End,2026-02-16,7,1,1,1,2.0,0,0,
West End,2026-02-16,8,7,7,6,38.17,1,1,7.0
West End,2026-02-16,9,6,5,3,37.33,2,2,2.5
West End,2026-02-16,10,4,4,3,20.0,1,2,2.0
West End,2026-02-16,11,8,7,7,18.14,0,2,3.5
West End,2026-02-16,12,3,3,3,11.33,0,2,1.5
West End,2026-02-16,13,5,5,4,4.5,1,2,2.5
West End,2026-02-16,14,5,4,4,12.75,0,2,2.0
West End,2026-02-16,15,6,4,4,1.0,0,2,2.0
West End,2026-02-16,16,5,4,4,11.75,0,2,2.0
West End,2026-02-17,8,3,3,2,0.0,1,1,3.0
West End,2026-02-17,9,4,4,4,3.25,0,2,2.0
West End,2026-02-17,10,2,2,2,0.0,0,2,1.0
West End,2026-02-17,11,2,2,2,0.0,0,2,1.0
West End,2026-02-17,12,3,3,3,0.0,0,2,1.5
West End,2026-02-17,13,2,2,2,0.0,0,2,1.0
West End,2026-02-17,14,3,3,3,0.0,0,2,1.5
West End,2026-02-17,15,4,3,3,0.0,0,2,1.5
West End,2026-02-17,16,1,1,1,0.0,0,2,0.5
West End,2026-02-18,7,1,1,1,4.0,0,0,
West End,2026-02-18,8,2,2,2,4.0,0,1,2.0
West End,2026-02-18,9,6,6,6,6.0,0,2,3.0
West End,2026-02-18,10,6,5,5,0.8,0,2,2.5
West End,2026-02-18,11,1,1,1,9.0,0,2,0.5
West End,2026-02-18,14,3,3,3,0.0,0,2,1.5
West End,2026-02-18,15,4,4,4,0.5,0,2,2.0
West End,2026-02-18,16,3,3,2,0.0,1,2,1.5
West End,2026-02-19,7,1,1,1,4.0,0,0,
West End,2026-02-19,8,4,4,4,12.0,0,1,4.0
West End,2026-02-19,9,6,6,6,13.67,0,2,3.0
West End,2026-02-19,10,5,4,4,16.75,0,2,2.0
West End,2026-02-19,12,2,2,2,0.0,0,2,1.0
West End,2026-02-19,14,3,3,3,0.0,0,2,1.5
West End,2026-02-19,15,6,6,5,0.8,1,2,3.0
West End,2026-02-19,16,7,6,5,5.6,1,2,3.0
West End,2026-02-20,8,7,6,5,7.0,1,1,6.0
West End,2026-02-20,9,6,5,5,7.8,0,2,2.5
West End,2026-02-20,10,7,7,6,3.83,1,2,3.5
West End,2026-02-20,11,6,4,3,22.67,1,2,2.0
West End,2026-02-20,12,4,3,3,0.0,0,2,1.5
West End,2026-02-20,13,3,3,3,4.0,0,2,1.5
West End,2026-02-20,14,7,6,6,9.83,0,2,3.0
West End,2026-02-20,15,7,7,6,22.0,1,2,3.5
West End,2026-02-20,16,6,6,6,23.83,0,2,3.0
West End,2026-02-21,7,2,2,1,16.0,1,0,
West End,2026-02-21,8,3,2,2,18.0,0,1,2.0
West End,2026-02-21,9,9,9,8,31.5,1,2,4.5
West End,2026-02-21,10,5,4,4,32.5,0,2,2.0
West End,2026-02-21,11,6,5,5,11.0,0,2,2.5
West End,2026-02-21,12,3,3,3,2.33,0,2,1.5
West End,2026-02-23,8,5,5,5,14.4,0,1,5.0
West End,2026-02-23,9,4,3,3,13.0,0,2,1.5
West End,2026-02-23,10,10,9,9,19.89,0,2,4.5
West End,2026-02-23,11,6,5,5,20.4,0,2,2.5
West End,2026-02-23,12,3,3,3,3.0,0,2,1.5
West End,2026-02-23,13,1,1,1,0.0,0,2,0.5
West End,2026-02-23,14,5,5,5,0.0,0,2,2.5
West End,2026-02-23,15,6,6,5,7.4,1,2,3.0
West End,2026-02-23,16,5,3,3,10.0,0,2,1.5
West End,2026-02-23,17,1,1,0,,1,0,
West End,2026-02-24,8,3,3,3,7.67,0,1,3.0
West End,2026-02-24,9,3,2,2,7.0,0,2,1.0
West End,2026-02-24,10,4,4,3,0.0,1,2,2.0
West End,2026-02-24,11,5,5,4,4.5,1,2,2.5
West End,2026-02-24,12,1,1,1,0.0,0,2,0.5
West End,2026-02-24,13,2,2,2,0.0,0,2,1.0
West End,2026-02-24,14,2,2,2,0.0,0,2,1.0
West End,2026-02-24,15,7,6,6,0.67,0,2,3.0
West End,2026-02-24,16,2,2,2,0.0,0,2,1.0
West End,2026-02-25,8,3,3,3,8.67,0,1,3.0
West End,2026-02-25,9,6,6,6,5.67,0,2,3.0
West End,2026-02-25,10,7,7,6,12.33,1,2,3.5
West End,2026-02-25,11,1,1,1,0.0,0,2,0.5
West End,2026-02-25,12,3,3,3,0.0,0,2,1.5
West End,2026-02-25,13,2,2,2,0.0,0,2,1.0
West End,2026-02-25,14,3,2,2,0.0,0,2,1.0
West End,2026-02-25,15,1,1,1,0.0,0,2,0.5
West End,2026-02-25,16,3,3,3,0.0,0,2,1.5
West End,2026-02-25,17,1,1,1,0.0,0,0,
West End,2026-02-26,8,5,4,3,6.33,1,1,4.0
West End,2026-02-26,9,6,5,5,33.8,0,2,2.5
West End,2026-02-26,10,6,6,5,18.6,1,2,3.0
West End,2026-02-26,11,5,3,3,0.67,0,2,1.5
West End,2026-02-26,12,2,1,1,3.0,0,2,0.5
West End,2026-02-26,13,2,2,1,0.0,1,2,1.0
West End,2026-02-26,14,3,3,3,0.0,0,2,1.5
West End,2026-02-26,15,4,4,4,0.0,0,2,2.0
West End,2026-02-26,16,5,4,3,0.0,1,2,2.0
West End,2026-02-27,8,4,4,4,18.75,0,1,4.0
West End,2026-02-27,9,5,5,4,9.25,1,2,2.5
West End,2026-02-27,10,6,6,6,3.0,0,2,3.0
West End,2026-02-27,11,4,3,3,17.0,0,2,1.5
West End,2026-02-27,13,3,3,3,0.0,0,2,1.5
West End,2026-02-27,14,9,8,7,7.14,1,2,4.0
West End,2026-02-27,15,6,5,5,1.2,0,2,2.5
West End,2026-02-27,16,1,1,1,0.0,0,2,0.5
West End,2026-02-28,8,2,2,2,0.0,0,1,2.0
West End,2026-02-28,9,10,10,10,15.2,0,2,5.0
West End,2026-02-28,10,13,12,8,69.0,4,2,6.0
West End,2026-02-28,11,3,3,2,42.5,1,2,1.5
West End,2026-02-28,12,4,3,3,25.33,0,2,1.5
West End,2026-03-02,8,6,4,4,3.25,0,1,4.0
West End,2026-03-02,9,4,3,3,0.0,0,2,1.5
West End,2026-03-02,10,11,10,10,17.3,0,2,5.0
West End,2026-03-02,11,4,3,3,20.33,0,2,1.5
West End,2026-03-02,12,2,2,2,0.0,0,2,1.0
West End,2026-03-02,13,1,1,1,0.0,0,2,0.5
West End,2026-03-02,14,5,3,3,0.0,0,2,1.5
West End,2026-03-02,15,6,6,6,3.17,0,2,3.0
West End,2026-03-02,16,9,8,8,13.25,0,2,4.0
West End,2026-03-03,7,1,1,1,7.0,0,0,
West End,2026-03-03,8,3,3,3,13.0,0,1,3.0
West End,2026-03-03,9,6,6,5,3.4,1,2,3.0
West End,2026-03-03,10,5,4,3,11.67,1,2,2.0
West End,2026-03-03,11,3,3,3,1.0,0,2,1.5
West End,2026-03-03,12,2,2,2,0.0,0,2,1.0
West End,2026-03-03,13,4,4,4,3.75,0,2,2.0
West End,2026-03-03,14,6,6,6,4.17,0,2,3.0
West End,2026-03-03,15,8,7,6,19.0,1,2,3.5
West End,2026-03-03,16,4,4,4,7.25,0,2,2.0
West End,2026-03-04,8,4,4,3,13.0,1,1,4.0
West End,2026-03-04,9,7,7,7,4.43,0,2,3.5
West End,2026-03-04,10,10,10,9,38.0,1,2,5.0
West End,2026-03-04,11,2,2,1,29.0,1,2,1.0
West End,2026-03-04,12,3,3,3,35.67,0,2,1.5
West End,2026-03-04,13,3,3,3,0.0,0,2,1.5
West End,2026-03-04,14,4,3,3,0.0,0,2,1.5
West End,2026-03-04,15,5,5,5,3.4,0,2,2.5
West End,2026-03-04,16,6,6,6,5.33,0,2,3.0
West End,2026-03-05,7,1,1,1,8.0,0,0,
West End,2026-03-05,8,3,3,3,5.33,0,1,3.0
West End,2026-03-05,9,7,7,6,12.17,1,2,3.5
West End,2026-03-05,10,3,3,3,3.0,0,2,1.5
West End,2026-03-05,11,5,1,1,0.0,0,2,0.5
West End,2026-03-05,12,3,3,3,0.0,0,2,1.5
West End,2026-03-05,13,3,3,3,0.33,0,2,1.5
West End,2026-03-05,14,4,4,4,4.75,0,2,2.0
West End,2026-03-05,15,4,4,4,0.25,0,2,2.0
West End,2026-03-05,16,4,4,4,9.5,0,2,2.0
West End,2026-03-06,7,1,1,1,8.0,0,0,
West End,2026-03-06,8,4,3,3,0.0,0,1,3.0
West End,2026-03-06,9,8,8,8,8.0,0,2,4.0
West End,2026-03-06,10,4,4,4,5.5,0,2,2.0
West End,2026-03-06,11,5,5,5,21.2,0,2,2.5
West End,2026-03-06,12,2,2,2,7.5,0,2,1.0
West End,2026-03-06,13,1,1,1,0.0,0,2,0.5
West End,2026-03-06,14,4,4,4,0.0,0,2,2.0
West End,2026-03-06,15,7,7,7,16.14,0,2,3.5
West End,2026-03-06,16,3,3,3,9.0,0,2,1.5
West End,2026-03-07,7,1,1,1,11.0,0,0,
West End,2026-03-07,8,6,6,6,14.17,0,1,6.0
West End,2026-03-07,9,7,7,5,24.2,2,2,3.5
West End,2026-03-07,10,4,4,4,8.25,0,2,2.0
West End,2026-03-07,11,3,3,3,0.0,0,2,1.5
West End,2026-03-09,8,7,7,7,20.57,0,1,7.0
West End,2026-03-09,9,9,8,8,21.88,0,2,4.0
West End,2026-03-09,10,9,7,5,37.2,2,2,3.5
West End,2026-03-09,11,5,3,3,1.0,0,2,1.5
West End,2026-03-09,12,4,3,2,0.5,1,2,1.5
West End,2026-03-09,13,1,1,1,0.0,0,2,0.5
West End,2026-03-09,14,2,2,2,0.0,0,2,1.0
West End,2026-03-09,15,4,3,3,0.33,0,2,1.5
West End,2026-03-09,16,4,4,4,0.0,0,2,2.0
West End,2026-03-10,8,3,3,3,12.67,0,1,3.0
West End,2026-03-10,9,8,8,8,9.62,0,2,4.0
West End,2026-03-10,10,6,6,6,33.0,0,2,3.0
West End,2026-03-10,11,2,2,2,4.5,0,2,1.0
West End,2026-03-10,12,1,1,1,0.0,0,2,0.5
West End,2026-03-10,13,4,4,4,0.75,0,2,2.0
West End,2026-03-10,14,2,2,2,0.0,0,2,1.0
West End,2026-03-10,15,5,5,5,5.4,0,2,2.5
West End,2026-03-10,16,5,5,5,13.8,0,2,2.5
West End,2026-03-11,8,8,8,8,17.0,0,1,8.0
West End,2026-03-11,9,7,6,4,38.75,2,2,3.0
West End,2026-03-11,10,4,4,3,10.67,1,2,2.0
West End,2026-03-11,11,5,4,4,0.75,0,2,2.0
West End,2026-03-11,12,2,2,2,0.0,0,2,1.0
West End,2026-03-11,13,3,2,2,0.0,0,2,1.0
West End,2026-03-11,14,7,7,6,1.83,1,2,3.5
West End,2026-03-11,15,6,6,6,1.33,0,2,3.0
West End,2026-03-11,16,2,2,2,10.0,0,2,1.0
West End,2026-03-12,7,1,1,1,32.0,0,0,
West End,2026-03-12,8,2,2,2,7.5,0,1,2.0
West End,2026-03-12,9,6,5,4,0.0,1,2,2.5
West End,2026-03-12,10,4,3,3,0.0,0,2,1.5
West End,2026-03-12,11,6,5,5,0.2,0,2,2.5
West End,2026-03-12,12,3,2,2,0.0,0,2,1.0
West End,2026-03-12,13,6,6,6,3.0,0,2,3.0
West End,2026-03-12,14,3,3,2,2.0,1,2,1.5
West End,2026-03-12,15,6,5,5,0.0,0,2,2.5
West End,2026-03-12,16,2,2,2,0.0,0,2,1.0
West End,2026-03-13,8,2,2,2,3.0,0,1,2.0
West End,2026-03-13,9,5,4,4,0.0,0,2,2.0
West End,2026-03-13,10,4,4,3,0.33,1,2,2.0
West End,2026-03-13,11,3,3,3,0.0,0,2,1.5
West End,2026-03-13,12,4,4,4,0.5,0,2,2.0
West End,2026-03-13,13,1,1,0,,1,2,0.5
West End,2026-03-13,14,3,3,3,5.0,0,2,1.5
West End,2026-03-13,15,3,3,2,0.0,1,2,1.5
West End,2026-03-13,16,6,6,6,3.83,0,2,3.0
West End,2026-03-13,17,1,1,1,0.0,0,0,
West End,2026-03-14,8,5,5,5,8.8,0,1,5.0
West End,2026-03-14,9,7,7,7,11.71,0,2,3.5
West End,2026-03-14,10,11,10,8,29.75,2,2,5.0
West End,2026-03-14,11,3,3,3,30.67,0,2,1.5
West End,2026-03-14,12,2,1,1,0.0,0,2,0.5
West End,2026-03-16,7,1,1,1,12.0,0,0,
West End,2026-03-16,8,5,5,4,19.25,1,1,5.0
West End,2026-03-16,9,8,8,8,22.5,0,2,4.0
West End,2026-03-16,10,5,5,4,20.75,1,2,2.5
West End,2026-03-16,11,6,5,4,0.0,1,2,2.5
West End,2026-03-16,12,2,2,2,0.0,0,2,1.0
West End,2026-03-16,13,3,3,3,1.67,0,2,1.5
West End,2026-03-16,14,4,4,4,0.0,0,2,2.0
West End,2026-03-16,15,5,5,5,11.8,0,2,2.5
West End,2026-03-16,16,3,2,2,22.0,0,2,1.0
West End,2026-03-17,7,1,1,1,5.0,0,0,
West End,2026-03-17,8,6,3,3,0.0,0,1,3.0
West End,2026-03-17,9,6,6,6,4.5,0,2,3.0
West End,2026-03-17,10,7,7,7,9.57,0,2,3.5
West End,2026-03-17,11,4,3,3,8.33,0,2,1.5
West End,2026-03-17,12,2,2,2,0.0,0,2,1.0
West End,2026-03-17,13,4,4,4,1.75,0,2,2.0
West End,2026-03-17,14,2,2,2,0.0,0,2,1.0
West End,2026-03-17,15,5,5,5,3.6,0,2,2.5
West End,2026-03-17,16,3,3,3,5.67,0,2,1.5
West End,2026-03-18,8,2,2,1,0.0,1,1,2.0
West End,2026-03-18,9,2,2,2,0.0,0,2,1.0
West End,2026-03-18,10,12,12,10,18.7,2,2,6.0
West End,2026-03-18,11,2,2,2,6.0,0,2,1.0
West End,2026-03-18,12,2,1,1,0.0,0,2,0.5
West End,2026-03-18,13,4,3,3,0.0,0,2,1.5
West End,2026-03-18,14,4,3,3,0.0,0,2,1.5
West End,2026-03-18,15,1,1,1,0.0,0,2,0.5
West End,2026-03-18,16,3,3,3,2.0,0,2,1.5
West End,2026-03-19,7,1,1,1,11.0,0,0,
West End,2026-03-19,8,4,4,4,13.0,0,1,4.0
West End,2026-03-19,9,4,4,4,2.0,0,2,2.0
West End,2026-03-19,10,6,5,5,16.8,0,2,2.5
West End,2026-03-19,11,5,5,5,3.6,0,2,2.5
West End,2026-03-19,12,1,1,1,0.0,0,2,0.5
West End,2026-03-19,13,1,1,1,0.0,0,2,0.5
West End,2026-03-19,14,5,5,5,11.8,0,2,2.5
West End,2026-03-19,15,3,3,2,20.0,1,2,1.5
West End,2026-03-19,16,5,5,5,20.4,0,2,2.5
West End,2026-03-20,8,8,4,4,4.75,0,1,4.0
West End,2026-03-20,9,2,2,2,3.0,0,2,1.0
West End,2026-03-20,10,7,5,5,3.4,0,2,2.5
West End,2026-03-20,11,7,7,6,42.5,1,2,3.5
West End,2026-03-20,12,3,3,2,0.0,1,2,1.5
West End,2026-03-20,13,1,1,1,0.0,0,2,0.5
West End,2026-03-20,14,6,5,5,4.8,0,2,2.5
West End,2026-03-20,15,8,8,6,24.0,2,2,4.0
West End,2026-03-20,16,3,2,1,23.0,1,2,1.0
West End,2026-03-21,8,4,4,4,17.5,0,1,4.0
West End,2026-03-21,9,9,7,7,17.0,0,2,3.5
West End,2026-03-21,10,12,10,8,39.0,2,2,5.0
West End,2026-03-21,11,4,3,3,22.0,0,2,1.5
West End,2026-03-21,12,1,0,0,,0,2,0.0
West End,2026-03-21,13,1,1,1,0.0,0,0,
West End,2026-03-23,8,1,1,1,0.0,0,1,1.0
West End,2026-03-23,9,6,6,5,1.2,1,2,3.0
West End,2026-03-23,10,4,4,4,2.0,0,2,2.0
West End,2026-03-23,11,1,1,1,0.0,0,2,0.5
West End,2026-03-23,12,1,1,1,0.0,0,2,0.5
West End,2026-03-23,13,1,1,1,0.0,0,2,0.5
West End,2026-03-23,14,4,4,4,4.5,0,2,2.0
West End,2026-03-23,15,7,6,6,2.5,0,2,3.0
West End,2026-03-23,16,2,1,1,0.0,0,2,0.5
West End,2026-03-24,8,3,3,2,0.0,1,1,3.0
West End,2026-03-24,9,5,5,5,5.0,0,2,2.5
West End,2026-03-24,10,8,7,7,24.29,0,2,3.5
West End,2026-03-24,11,1,1,1,31.0,0,2,0.5
West End,2026-03-24,12,6,6,5,13.4,1,2,3.0
West End,2026-03-24,13,3,3,3,2.67,0,2,1.5
West End,2026-03-24,14,3,3,3,0.0,0,2,1.5
West End,2026-03-24,15,8,5,5,6.6,0,2,2.5
West End,2026-03-24,16,2,2,2,0.0,0,2,1.0
West End,2026-03-25,8,3,3,3,0.0,0,1,3.0
West End,2026-03-25,9,4,4,4,0.0,0,2,2.0
West End,2026-03-25,10,6,5,5,6.6,0,2,2.5
West End,2026-03-25,11,2,2,2,0.5,0,2,1.0
West End,2026-03-25,12,2,2,2,0.0,0,2,1.0
West End,2026-03-25,13,1,1,1,0.0,0,2,0.5
West End,2026-03-25,14,4,4,4,2.25,0,2,2.0
West End,2026-03-25,15,5,5,5,8.2,0,2,2.5
West End,2026-03-25,16,2,2,2,0.0,0,2,1.0
West End,2026-03-26,8,5,5,5,10.8,0,1,5.0
West End,2026-03-26,9,5,4,4,10.75,0,2,2.0
West End,2026-03-26,10,7,6,6,7.67,0,2,3.0
West End,2026-03-26,11,5,5,5,2.4,0,2,2.5
West End,2026-03-26,13,3,3,3,0.0,0,2,1.5
West End,2026-03-26,14,3,3,3,0.0,0,2,1.5
West End,2026-03-26,15,6,5,4,0.0,1,2,2.5
West End,2026-03-26,16,5,5,4,7.75,1,2,2.5
West End,2026-03-27,7,1,1,1,4.0,0,0,
West End,2026-03-27,8,2,2,2,7.5,0,1,2.0
West End,2026-03-27,9,14,13,12,22.5,1,2,6.5
West End,2026-03-27,10,12,10,6,67.67,4,2,5.0
West End,2026-03-27,11,4,4,4,69.0,0,2,2.0
West End,2026-03-27,12,2,2,2,28.0,0,2,1.0
West End,2026-03-27,13,4,3,3,3.67,0,2,1.5
West End,2026-03-27,14,7,7,7,5.14,0,2,3.5
West End,2026-03-27,15,3,3,2,0.0,1,2,1.5
West End,2026-03-27,16,3,3,3,0.0,0,2,1.5
West End,2026-03-28,8,4,3,3,5.33,0,1,3.0
West End,2026-03-28,9,6,5,5,0.2,0,2,2.5
West End,2026-03-28,10,7,7,7,14.86,0,2,3.5
West End,2026-03-28,11,5,5,5,8.2,0,2,2.5
West End,2026-03-30,7,2,2,2,18.0,0,0,
West End,2026-03-30,8,6,4,4,21.0,0,1,4.0
West End,2026-03-30,9,6,6,6,29.5,0,2,3.0
West End,2026-03-30,10,4,4,4,22.75,0,2,2.0
West End,2026-03-30,11,10,8,8,19.75,0,2,4.0
West End,2026-03-30,12,7,5,5,34.4,0,2,2.5
West End,2026-03-30,13,3,2,2,58.0,0,2,1.0
West End,2026-03-30,14,5,3,3,8.67,0,2,1.5
West End,2026-03-30,15,5,4,4,2.25,0,2,2.0
West End,2026-03-30,16,5,4,4,0.0,0,2,2.0
West End,2026-03-31,7,1,1,1,4.0,0,0,
West End,2026-03-31,8,4,4,3,11.0,1,1,4.0
West End,2026-03-31,9,6,5,5,16.2,0,2,2.5
West End,2026-03-31,10,6,4,3,0.0,1,2,2.0
West End,2026-03-31,11,2,2,2,0.0,0,2,1.0
West End,2026-03-31,12,1,1,1,0.0,0,2,0.5
West End,2026-03-31,13,3,3,3,9.67,0,2,1.5
West End,2026-03-31,14,5,4,4,16.25,0,2,2.0
West End,2026-03-31,15,5,4,4,2.5,0,2,2.0
West End,2026-03-31,16,7,5,5,12.8,0,2,2.5
West End,2026-04-01,7,1,1,1,6.0,0,0,
West End,2026-04-01,8,2,2,2,8.5,0,1,2.0
West End,2026-04-01,9,4,3,3,0.0,0,2,1.5
West End,2026-04-01,10,8,6,6,4.5,0,2,3.0
West End,2026-04-01,11,6,6,5,5.8,1,2,3.0
West End,2026-04-01,12,1,1,1,3.0,0,2,0.5
West End,2026-04-01,13,3,3,3,0.0,0,2,1.5
West End,2026-04-01,14,1,1,1,0.0,0,2,0.5
West End,2026-04-01,15,4,3,3,0.0,0,2,1.5
West End,2026-04-01,16,2,2,2,0.0,0,2,1.0
West End,2026-04-02,8,3,2,2,0.0,0,1,2.0
West End,2026-04-02,9,7,6,6,15.33,0,2,3.0
West End,2026-04-02,10,7,6,4,32.0,2,2,3.0
West End,2026-04-02,11,6,4,4,15.5,0,2,2.0
West End,2026-04-02,12,3,2,1,6.0,1,2,1.0
West End,2026-04-02,13,4,4,4,3.25,0,2,2.0
West End,2026-04-02,14,2,2,2,2.0,0,2,1.0
West End,2026-04-02,15,6,6,6,0.0,0,2,3.0
West End,2026-04-02,16,1,1,1,0.0,0,2,0.5
West End,2026-04-03,8,5,4,4,3.0,0,1,4.0
West End,2026-04-03,9,3,2,2,0.0,0,2,1.0
West End,2026-04-03,10,6,6,5,7.2,1,2,3.0
West End,2026-04-03,11,5,4,4,2.0,0,2,2.0
West End,2026-04-03,12,5,5,4,0.0,1,2,2.5
West End,2026-04-03,14,3,3,3,0.0,0,2,1.5
West End,2026-04-03,15,7,6,6,8.5,0,2,3.0
West End,2026-04-03,16,3,3,2,0.0,1,2,1.5
West End,2026-04-04,7,1,1,1,4.0,0,0,
West End,2026-04-04,8,5,4,4,6.0,0,1,4.0
West End,2026-04-04,9,5,5,3,5.33,2,2,2.5
West End,2026-04-04,10,4,4,3,1.67,1,2,2.0
West End,2026-04-04,11,3,2,1,0.0,1,2,1.0
West End,2026-04-04,12,2,2,2,0.0,0,2,1.0
West End,2026-04-06,8,5,4,4,10.5,0,1,4.0
West End,2026-04-06,9,4,3,3,0.0,0,2,1.5
West End,2026-04-06,10,7,7,7,3.86,0,2,3.5
West End,2026-04-06,11,3,3,3,0.0,0,2,1.5
West End,2026-04-06,12,4,3,3,0.0,0,2,1.5
West End,2026-04-06,13,1,1,1,0.0,0,2,0.5
West End,2026-04-06,14,2,2,2,0.0,0,2,1.0
West End,2026-04-06,15,6,6,6,12.5,0,2,3.0
West End,2026-04-06,16,9,8,6,10.5,2,2,4.0
West End,2026-04-06,17,1,1,1,0.0,0,0,
West End,2026-04-07,8,2,1,1,0.0,0,1,1.0
West End,2026-04-07,9,3,3,3,0.0,0,2,1.5
West End,2026-04-07,10,8,5,4,0.0,1,2,2.5
West End,2026-04-07,11,2,2,2,0.0,0,2,1.0
West End,2026-04-07,12,4,3,3,0.0,0,2,1.5
West End,2026-04-07,13,3,3,3,7.0,0,2,1.5
West End,2026-04-07,14,3,3,3,0.0,0,2,1.5
West End,2026-04-07,15,3,3,3,0.0,0,2,1.5
West End,2026-04-07,16,4,3,3,2.67,0,2,1.5
West End,2026-04-08,8,4,4,4,9.25,0,1,4.0
West End,2026-04-08,9,9,9,9,2.89,0,2,4.5
West End,2026-04-08,10,9,9,9,24.0,0,2,4.5
West End,2026-04-08,11,2,1,1,38.0,0,2,0.5
West End,2026-04-08,12,3,3,3,2.0,0,2,1.5
West End,2026-04-08,13,1,1,1,0.0,0,2,0.5
West End,2026-04-08,14,2,1,1,0.0,0,2,0.5
West End,2026-04-08,15,6,6,6,7.33,0,2,3.0
West End,2026-04-08,16,6,5,5,23.4,0,2,2.5
West End,2026-04-08,17,1,1,1,30.0,0,0,
West End,2026-04-09,7,1,1,1,14.0,0,0,
West End,2026-04-09,9,13,13,13,39.08,0,2,6.5
West End,2026-04-09,10,4,4,2,100.5,2,2,2.0
West End,2026-04-09,11,4,4,1,53.0,3,2,2.0
West End,2026-04-09,13,7,7,7,7.0,0,2,3.5
West End,2026-04-09,14,7,5,5,3.6,0,2,2.5
West End,2026-04-09,15,6,6,6,8.33,0,2,3.0
West End,2026-04-09,16,6,6,5,17.8,1,2,3.0
West End,2026-04-10,8,5,4,3,11.33,1,1,4.0
West End,2026-04-10,9,2,2,2,19.5,0,2,1.0
West End,2026-04-10,10,11,11,10,4.0,1,2,5.5
West End,2026-04-10,11,5,4,4,43.5,0,2,2.0
West End,2026-04-10,12,3,3,3,26.33,0,2,1.5
West End,2026-04-10,13,5,5,3,19.33,2,2,2.5
West End,2026-04-10,14,1,1,1,0.0,0,2,0.5
West End,2026-04-10,15,7,6,4,3.25,2,2,3.0
West End,2026-04-10,16,1,1,1,0.0,0,2,0.5
West End,2026-04-11,8,4,4,4,10.5,0,1,4.0
West End,2026-04-11,9,6,5,5,9.2,0,2,2.5
West End,2026-04-11,10,11,11,8,36.25,3,2,5.5
West End,2026-04-11,11,4,3,3,15.33,0,2,1.5
West End,2026-04-11,12,5,5,3,13.33,2,2,2.5
West End,2026-04-13,8,5,5,5,24.2,0,1,5.0
West End,2026-04-13,9,8,8,7,31.29,1,2,4.0
West End,2026-04-13,10,6,6,5,35.2,1,2,3.0
West End,2026-04-13,11,4,3,3,4.0,0,2,1.5
West End,2026-04-13,12,2,2,1,0.0,1,2,1.0
West End,2026-04-13,13,4,4,3,0.0,1,2,2.0
West End,2026-04-13,14,3,3,3,0.0,0,2,1.5
West End,2026-04-13,15,3,3,3,1.0,0,2,1.5
West End,2026-04-13,16,4,3,3,0.0,0,2,1.5
West End,2026-04-14,8,4,3,3,14.0,0,1,3.0
West End,2026-04-14,9,5,5,5,0.2,0,2,2.5
West End,2026-04-14,10,7,6,5,7.8,1,2,3.0
West End,2026-04-14,11,5,5,5,0.0,0,2,2.5
West End,2026-04-14,12,2,2,2,0.0,0,2,1.0
West End,2026-04-14,13,1,1,0,,1,2,0.5
West End,2026-04-14,14,5,5,5,2.6,0,2,2.5
West End,2026-04-14,15,2,2,2,8.5,0,2,1.0
West End,2026-04-14,16,2,2,2,0.0,0,2,1.0
West End,2026-04-15,7,1,1,1,3.0,0,0,
West End,2026-04-15,8,4,4,3,11.67,1,1,4.0
West End,2026-04-15,9,3,3,3,0.0,0,2,1.5
West End,2026-04-15,10,6,6,5,22.6,1,2,3.0
West End,2026-04-15,11,6,6,4,21.0,2,2,3.0
West End,2026-04-15,12,3,2,2,5.5,0,2,1.0
West End,2026-04-15,13,1,1,1,0.0,0,2,0.5
West End,2026-04-15,14,7,7,7,0.86,0,2,3.5
West End,2026-04-16,8,5,5,4,19.0,1,1,5.0
West End,2026-04-16,9,6,6,5,21.0,1,2,3.0
West End,2026-04-16,10,8,7,5,18.4,2,2,3.5
West End,2026-04-16,11,3,3,2,0.0,1,2,1.5
West End,2026-04-16,12,3,3,3,2.67,0,2,1.5
West End,2026-04-16,13,2,2,2,2.0,0,2,1.0
West End,2026-04-16,14,4,3,3,1.33,0,2,1.5
West End,2026-04-16,15,6,6,6,4.0,0,2,3.0
West End,2026-04-16,16,2,2,2,0.0,0,2,1.0
West End,2026-04-17,8,4,4,4,27.75,0,1,4.0
West End,2026-04-17,9,6,4,4,3.25,0,2,2.0
West End,2026-04-17,10,5,4,4,1.5,0,2,2.0
West End,2026-04-17,11,3,3,3,0.0,0,2,1.5
West End,2026-04-17,12,1,1,1,0.0,0,2,0.5
West End,2026-04-17,13,4,4,3,0.0,1,2,2.0
West End,2026-04-17,14,6,6,6,8.33,0,2,3.0
West End,2026-04-17,15,4,4,4,6.0,0,2,2.0
West End,2026-04-17,16,6,6,6,2.83,0,2,3.0
West End,2026-04-18,7,3,3,2,32.5,1,0,
West End,2026-04-18,8,1,1,1,4.0,0,1,1.0
West End,2026-04-18,9,3,2,2,0.0,0,2,1.0
West End,2026-04-18,10,7,7,6,0.17,1,2,3.5
West End,2026-04-18,11,5,4,4,7.75,0,2,2.0
West End,2026-04-18,12,1,1,1,0.0,0,2,0.5
West End,2026-04-20,8,4,4,4,17.25,0,1,4.0
West End,2026-04-20,9,4,4,4,6.0,0,2,2.0
West End,2026-04-20,10,9,6,6,11.67,0,2,3.0
West End,2026-04-20,11,9,8,7,24.86,1,2,4.0
West End,2026-04-20,12,4,4,3,25.0,1,2,2.0
West End,2026-04-20,13,2,2,2,0.0,0,2,1.0
West End,2026-04-20,14,6,6,5,0.4,1,2,3.0
West End,2026-04-20,15,5,5,5,8.2,0,2,2.5
West End,2026-04-20,16,5,5,5,7.4,0,2,2.5
West End,2026-04-21,7,1,1,0,,1,0,
West End,2026-04-21,8,3,2,2,11.5,0,1,2.0
West End,2026-04-21,9,4,4,4,1.0,0,2,2.0
West End,2026-04-21,10,2,2,2,0.0,0,2,1.0
West End,2026-04-21,11,1,1,1,0.0,0,2,0.5
West End,2026-04-21,12,2,2,2,0.0,0,2,1.0
West End,2026-04-21,13,1,1,1,0.0,0,2,0.5
West End,2026-04-21,14,6,5,5,3.2,0,2,2.5
West End,2026-04-21,15,1,1,1,12.0,0,2,0.5
West End,2026-04-21,16,2,2,1,0.0,1,2,1.0
West End,2026-04-21,17,1,1,1,0.0,0,0,
West End,2026-04-22,7,1,1,1,20.0,0,0,
West End,2026-04-22,8,6,4,4,15.0,0,1,4.0
West End,2026-04-22,9,7,7,7,6.57,0,2,3.5
West End,2026-04-22,10,12,11,9,26.56,2,2,5.5
West End,2026-04-22,11,3,3,3,34.33,0,2,1.5
West End,2026-04-22,12,3,3,3,15.33,0,2,1.5
West End,2026-04-22,13,4,4,4,0.0,0,2,2.0
West End,2026-04-22,14,4,3,3,4.33,0,2,1.5
West End,2026-04-22,15,5,5,5,4.6,0,2,2.5
West End,2026-04-22,16,5,3,3,2.33,0,2,1.5
West End,2026-04-23,8,6,6,6,16.33,0,1,6.0
West End,2026-04-23,9,5,5,5,14.2,0,2,2.5
West End,2026-04-23,10,5,5,5,14.4,0,2,2.5
West End,2026-04-23,11,4,4,4,4.0,0,2,2.0
West End,2026-04-23,12,2,2,2,5.0,0,2,1.0
West End,2026-04-23,13,1,1,1,0.0,0,2,0.5
West End,2026-04-23,14,6,6,6,1.67,0,2,3.0
West End,2026-04-23,15,1,1,1,0.0,0,2,0.5
West End,2026-04-23,16,2,1,1,0.0,0,2,0.5
West End,2026-04-23,17,1,1,1,0.0,0,0,
West End,2026-04-24,7,1,1,1,2.0,0,0,
West End,2026-04-24,8,7,5,5,15.4,0,1,5.0
West End,2026-04-24,9,8,6,6,3.67,0,2,3.0
West End,2026-04-24,10,5,5,5,1.8,0,2,2.5
West End,2026-04-24,11,4,4,4,2.25,0,2,2.0
West End,2026-04-24,12,6,6,6,6.67,0,2,3.0
West End,2026-04-24,13,4,4,4,3.5,0,2,2.0
West End,2026-04-24,14,2,2,2,0.0,0,2,1.0
West End,2026-04-24,15,5,5,4,0.25,1,2,2.5
West End,2026-04-24,16,4,4,4,1.5,0,2,2.0
West End,2026-04-25,7,2,2,2,22.5,0,0,
West End,2026-04-25,8,4,2,1,26.0,1,1,2.0
West End,2026-04-25,9,7,6,6,1.83,0,2,3.0
West End,2026-04-25,10,8,7,6,17.67,1,2,3.5
West End,2026-04-25,11,8,8,8,20.12,0,2,4.0
West End,2026-04-25,12,2,2,1,18.0,1,2,1.0
West End,2026-04-27,8,3,3,2,0.0,1,1,3.0
West End,2026-04-27,9,6,6,6,13.67,0,2,3.0
West End,2026-04-27,10,6,5,5,6.8,0,2,2.5
West End,2026-04-27,11,4,3,3,1.0,0,2,1.5
West End,2026-04-27,12,2,2,2,0.0,0,2,1.0
West End,2026-04-27,13,2,2,1,0.0,1,2,1.0
West End,2026-04-27,14,6,6,5,5.2,1,2,3.0
West End,2026-04-27,15,4,3,3,13.0,0,2,1.5
West End,2026-04-27,16,4,4,4,0.25,0,2,2.0
West End,2026-04-28,7,1,1,1,19.0,0,0,
West End,2026-04-28,8,3,3,3,22.33,0,1,3.0
West End,2026-04-28,9,5,4,4,2.5,0,2,2.0
West End,2026-04-28,10,7,7,7,14.57,0,2,3.5
West End,2026-04-28,11,6,6,5,19.6,1,2,3.0
West End,2026-04-28,13,2,2,2,0.0,0,2,1.0
West End,2026-04-28,14,1,1,1,0.0,0,2,0.5
West End,2026-04-28,15,4,4,4,0.0,0,2,2.0
West End,2026-04-28,16,2,2,2,0.0,0,2,1.0
West End,2026-04-29,8,1,1,1,0.0,0,1,1.0
West End,2026-04-29,9,2,2,2,0.0,0,2,1.0
West End,2026-04-29,10,8,8,8,4.5,0,2,4.0
West End,2026-04-29,11,3,3,3,8.67,0,2,1.5
West End,2026-04-29,12,3,3,3,4.67,0,2,1.5
West End,2026-04-29,13,1,1,1,0.0,0,2,0.5
West End,2026-04-29,14,3,3,3,0.0,0,2,1.5
West End,2026-04-29,15,7,5,5,4.6,0,2,2.5
West End,2026-04-29,16,2,2,2,13.0,0,2,1.0
West End,2026-04-30,7,1,1,1,12.0,0,0,
West End,2026-04-30,8,3,3,3,5.0,0,1,3.0
West End,2026-04-30,9,6,6,6,7.67,0,2,3.0
West End,2026-04-30,10,3,3,3,1.33,0,2,1.5
West End,2026-04-30,11,3,3,3,0.0,0,2,1.5
West End,2026-04-30,12,1,1,1,0.0,0,2,0.5
West End,2026-04-30,13,3,3,3,0.0,0,2,1.5
West End,2026-04-30,14,3,3,3,0.0,0,2,1.5
West End,2026-04-30,15,4,4,3,0.0,1,2,2.0
West End,2026-04-30,16,3,3,3,3.33,0,2,1.5
West End,2026-05-01,7,1,1,1,4.0,0,0,
West End,2026-05-01,9,6,6,6,11.67,0,2,3.0
West End,2026-05-01,10,8,8,7,27.71,1,2,4.0
West End,2026-05-01,11,3,2,2,42.0,0,2,1.0
West End,2026-05-01,12,2,2,2,2.5,0,2,1.0
West End,2026-05-01,13,5,4,4,4.75,0,2,2.0
West End,2026-05-01,14,6,6,6,8.33,0,2,3.0
West End,2026-05-01,15,7,6,6,20.0,0,2,3.0
West End,2026-05-01,16,3,3,3,34.67,0,2,1.5
West End,2026-05-02,7,1,1,1,10.0,0,0,
West End,2026-05-02,8,6,6,5,33.2,1,1,6.0
West End,2026-05-02,9,7,7,6,16.5,1,2,3.5
West End,2026-05-02,10,7,7,5,14.6,2,2,3.5
West End,2026-05-02,11,2,2,2,0.5,0,2,1.0
West End,2026-05-02,12,1,1,1,0.0,0,2,0.5
West End,2026-05-04,7,1,1,1,3.0,0,0,
West End,2026-05-04,8,3,3,3,7.67,0,1,3.0
West End,2026-05-04,9,11,9,9,18.67,0,2,4.5
West End,2026-05-04,10,5,5,4,32.75,1,2,2.5
West End,2026-05-04,11,2,2,2,0.0,0,2,1.0
West End,2026-05-04,12,3,3,3,0.0,0,2,1.5
West End,2026-05-04,13,2,2,2,0.0,0,2,1.0
West End,2026-05-04,14,4,3,3,2.33,0,2,1.5
West End,2026-05-04,15,4,3,3,0.0,0,2,1.5
West End,2026-05-04,16,3,3,3,4.0,0,2,1.5
West End,2026-05-04,17,1,1,1,0.0,0,0,
West End,2026-05-05,7,1,1,1,16.0,0,0,
West End,2026-05-05,8,5,5,5,22.4,0,1,5.0
West End,2026-05-05,9,6,6,5,26.2,1,2,3.0
West End,2026-05-05,10,7,5,4,27.0,1,2,2.5
West End,2026-05-05,11,2,2,2,12.0,0,2,1.0
West End,2026-05-05,12,6,5,5,3.8,0,2,2.5
West End,2026-05-05,13,4,4,4,1.75,0,2,2.0
West End,2026-05-05,14,3,2,2,0.0,0,2,1.0
West End,2026-05-05,15,4,2,2,0.0,0,2,1.0
West End,2026-05-05,16,4,4,4,0.0,0,2,2.0
West End,2026-05-06,7,1,1,1,8.0,0,0,
West End,2026-05-06,8,2,2,2,5.5,0,1,2.0
West End,2026-05-06,9,4,3,3,8.67,0,2,1.5
West End,2026-05-06,10,6,6,6,4.67,0,2,3.0
West End,2026-05-06,11,3,2,2,12.0,0,2,1.0
West End,2026-05-06,12,2,1,1,0.0,0,2,0.5
West End,2026-05-06,13,2,1,1,0.0,0,2,0.5
West End,2026-05-06,14,6,6,6,1.83,0,2,3.0
West End,2026-05-06,15,3,3,3,19.33,0,2,1.5
West End,2026-05-07,7,1,1,1,17.0,0,0,
West End,2026-05-07,8,6,6,6,13.0,0,1,6.0
West End,2026-05-07,9,5,4,4,11.0,0,2,2.0
West End,2026-05-07,10,2,2,2,0.0,0,2,1.0
West End,2026-05-07,11,2,2,2,0.0,0,2,1.0
West End,2026-05-07,12,7,6,6,3.0,0,2,3.0
West End,2026-05-07,14,9,9,8,13.25,1,2,4.5
West End,2026-05-07,15,5,5,5,19.2,0,2,2.5
West End,2026-05-07,16,3,3,3,13.0,0,2,1.5
West End,2026-05-07,17,2,2,2,0.0,0,0,
West End,2026-05-08,8,4,4,4,9.75,0,1,4.0
West End,2026-05-08,9,7,6,4,17.5,2,2,3.0
West End,2026-05-08,10,11,11,10,16.3,1,2,5.5
West End,2026-05-08,11,4,4,3,29.0,1,2,2.0
West End,2026-05-08,12,4,4,4,8.5,0,2,2.0
West End,2026-05-08,13,2,2,2,2.0,0,2,1.0
West End,2026-05-08,15,3,3,3,0.0,0,2,1.5
West End,2026-05-08,16,1,1,1,0.0,0,2,0.5
West End,2026-05-09,8,5,4,3,6.0,1,1,4.0
West End,2026-05-09,9,14,13,10,30.5,3,2,6.5
West End,2026-05-09,10,3,3,1,0.0,2,2,1.5
West End,2026-05-09,11,4,3,3,9.0,0,2,1.5
West End,2026-05-09,12,4,4,3,6.67,1,2,2.0
West End,2026-05-11,8,2,2,2,0.0,0,1,2.0
West End,2026-05-11,9,5,5,4,0.0,1,2,2.5
West End,2026-05-11,10,5,4,4,0.0,0,2,2.0
West End,2026-05-11,11,5,5,5,2.4,0,2,2.5
West End,2026-05-11,12,2,1,1,0.0,0,2,0.5
West End,2026-05-11,13,1,1,1,0.0,0,2,0.5
West End,2026-05-11,14,4,4,4,3.0,0,2,2.0
West End,2026-05-11,15,7,6,6,1.67,0,2,3.0
West End,2026-05-11,16,6,6,5,9.0,1,2,3.0
West End,2026-05-12,8,1,1,1,0.0,0,1,1.0
West End,2026-05-12,9,4,4,4,0.0,0,2,2.0
West End,2026-05-12,10,5,5,5,6.2,0,2,2.5
West End,2026-05-12,11,2,1,1,0.0,0,2,0.5
West End,2026-05-12,13,3,3,3,0.0,0,2,1.5
West End,2026-05-12,14,7,6,6,2.17,0,2,3.0
West End,2026-05-12,15,6,6,6,12.5,0,2,3.0
West End,2026-05-12,16,3,3,3,0.0,0,2,1.5
West End,2026-05-13,7,1,1,1,2.0,0,0,
West End,2026-05-13,8,3,3,3,6.67,0,1,3.0
West End,2026-05-13,9,8,7,6,1.17,1,2,3.5
West End,2026-05-13,10,1,1,1,0.0,0,2,0.5
West End,2026-05-13,11,4,4,3,0.0,1,2,2.0
West End,2026-05-13,12,4,4,4,0.0,0,2,2.0
West End,2026-05-13,13,5,5,4,0.5,1,2,2.5
West End,2026-05-13,14,3,3,3,3.0,0,2,1.5
West End,2026-05-13,15,4,4,4,0.0,0,2,2.0
West End,2026-05-13,16,3,3,3,1.0,0,2,1.5
West End,2026-05-14,7,1,1,1,16.0,0,0,
West End,2026-05-14,8,1,1,1,0.0,0,1,1.0
West End,2026-05-14,9,9,9,8,16.75,1,2,4.5
West End,2026-05-14,10,6,5,5,32.8,0,2,2.5
West End,2026-05-14,11,4,4,4,15.75,0,2,2.0
West End,2026-05-14,12,1,1,1,0.0,0,2,0.5
West End,2026-05-14,14,3,2,2,0.0,0,2,1.0
West End,2026-05-14,16,1,1,1,0.0,0,2,0.5
West End,2026-05-15,8,3,2,2,0.5,0,1,2.0
West End,2026-05-15,9,5,5,4,0.5,1,2,2.5
West End,2026-05-15,10,5,4,4,2.0,0,2,2.0
West End,2026-05-15,11,1,1,1,0.0,0,2,0.5
West End,2026-05-15,13,3,2,2,0.0,0,2,1.0
West End,2026-05-15,14,4,3,3,4.67,0,2,1.5
West End,2026-05-15,15,2,2,2,0.0,0,2,1.0
West End,2026-05-15,16,3,3,3,15.67,0,2,1.5
West End,2026-05-16,8,5,5,5,12.0,0,1,5.0
West End,2026-05-16,9,11,9,6,22.17,3,2,4.5
West End,2026-05-16,10,4,3,3,30.33,0,2,1.5
West End,2026-05-16,11,5,5,5,31.2,0,2,2.5
West End,2026-05-16,12,1,1,1,0.0,0,2,0.5
West End,2026-05-18,8,3,3,3,16.33,0,1,3.0
West End,2026-05-18,9,7,7,6,15.33,1,2,3.5
West End,2026-05-18,10,7,6,6,5.5,0,2,3.0
West End,2026-05-18,11,8,7,7,19.86,0,2,3.5
West End,2026-05-18,12,4,3,3,6.33,0,2,1.5
West End,2026-05-18,13,4,3,3,0.0,0,2,1.5
West End,2026-05-18,14,9,8,7,31.57,1,2,4.0
West End,2026-05-18,15,2,1,1,37.0,0,2,0.5
West End,2026-05-18,16,3,3,3,6.67,0,2,1.5
West End,2026-05-19,7,1,1,1,17.0,0,0,
West End,2026-05-19,8,2,2,2,5.0,0,1,2.0
West End,2026-05-19,9,8,8,7,22.86,1,2,4.0
West End,2026-05-19,10,11,11,8,41.88,3,2,5.5
West End,2026-05-19,11,3,3,1,21.0,2,2,1.5
West End,2026-05-19,12,1,1,1,0.0,0,2,0.5
West End,2026-05-19,13,1,1,1,0.0,0,2,0.5
West End,2026-05-19,14,6,6,5,0.4,1,2,3.0
West End,2026-05-19,15,6,6,6,13.83,0,2,3.0
West End,2026-05-19,16,2,2,2,16.5,0,2,1.0
West End,2026-05-20,7,1,1,1,13.0,0,0,
West End,2026-05-20,8,2,2,2,4.5,0,1,2.0
West End,2026-05-20,9,10,10,10,20.8,0,2,5.0
West End,2026-05-20,10,6,4,4,16.0,0,2,2.0
West End,2026-05-20,11,4,4,4,19.5,0,2,2.0
West End,2026-05-20,13,2,2,2,0.0,0,2,1.0
West End,2026-05-20,14,2,2,2,0.0,0,2,1.0
West End,2026-05-20,15,6,6,6,6.5,0,2,3.0
West End,2026-05-20,16,6,5,5,26.8,0,2,2.5
West End,2026-05-21,7,1,1,1,4.0,0,0,
West End,2026-05-21,8,4,4,3,19.33,1,1,4.0
West End,2026-05-21,9,3,3,3,0.67,0,2,1.5
West End,2026-05-21,10,4,4,4,7.0,0,2,2.0
West End,2026-05-21,11,2,2,2,3.5,0,2,1.0
West End,2026-05-21,12,3,3,3,0.0,0,2,1.5
West End,2026-05-21,14,4,4,4,7.5,0,2,2.0
West End,2026-05-21,15,6,6,6,2.5,0,2,3.0
West End,2026-05-21,16,1,1,1,5.0,0,2,0.5
West End,2026-05-22,7,1,1,1,2.0,0,0,
West End,2026-05-22,8,3,3,3,14.67,0,1,3.0
West End,2026-05-22,9,6,5,5,9.6,0,2,2.5
West End,2026-05-22,10,8,8,6,11.67,2,2,4.0
West End,2026-05-22,11,7,5,4,8.25,1,2,2.5
West End,2026-05-22,12,2,2,2,10.0,0,2,1.0
West End,2026-05-22,13,4,4,4,1.0,0,2,2.0
West End,2026-05-22,14,5,4,4,5.5,0,2,2.0
West End,2026-05-22,15,3,3,3,1.0,0,2,1.5
West End,2026-05-22,16,5,5,5,2.6,0,2,2.5
West End,2026-05-23,8,3,3,3,5.67,0,1,3.0
West End,2026-05-23,9,7,6,6,1.5,0,2,3.0
West End,2026-05-23,10,13,10,9,25.0,1,2,5.0
West End,2026-05-23,11,3,3,2,51.0,1,2,1.5
West End,2026-05-23,12,4,3,3,13.33,0,2,1.5
West End,2026-05-25,8,3,2,2,0.0,0,1,2.0
West End,2026-05-25,9,7,6,6,9.17,0,2,3.0
West End,2026-05-25,10,6,4,4,0.25,0,2,2.0
West End,2026-05-25,11,5,4,4,2.0,0,2,2.0
West End,2026-05-25,12,1,1,1,0.0,0,2,0.5
West End,2026-05-25,13,3,3,3,0.0,0,2,1.5
West End,2026-05-25,14,3,3,3,0.33,0,2,1.5
West End,2026-05-25,15,8,6,5,3.0,1,2,3.0
West End,2026-05-25,16,3,3,3,3.0,0,2,1.5
West End,2026-05-26,8,6,6,5,5.6,1,1,6.0
West End,2026-05-26,9,7,7,7,23.57,0,2,3.5
West End,2026-05-26,10,6,6,6,53.67,0,2,3.0
West End,2026-05-26,11,4,4,4,11.25,0,2,2.0
West End,2026-05-26,12,2,2,2,0.0,0,2,1.0
West End,2026-05-26,13,1,1,1,0.0,0,2,0.5
West End,2026-05-26,14,4,4,3,0.0,1,2,2.0
West End,2026-05-26,15,6,5,5,4.6,0,2,2.5
West End,2026-05-26,16,2,2,2,0.0,0,2,1.0
West End,2026-05-27,7,1,1,1,4.0,0,0,
West End,2026-05-27,8,5,5,5,27.2,0,1,5.0
West End,2026-05-27,9,10,10,7,34.0,3,2,5.0
West End,2026-05-27,10,3,3,2,4.5,1,2,1.5
West End,2026-05-27,11,4,4,4,6.5,0,2,2.0
West End,2026-05-27,13,5,5,5,0.4,0,2,2.5
West End,2026-05-27,14,3,3,3,3.0,0,2,1.5
West End,2026-05-27,15,1,1,1,0.0,0,2,0.5
West End,2026-05-27,16,1,1,1,0.0,0,2,0.5
West End,2026-05-28,8,8,8,7,19.0,1,1,8.0
West End,2026-05-28,9,11,10,9,57.11,1,2,5.0
West End,2026-05-28,10,7,6,6,70.67,0,2,3.0
West End,2026-05-28,11,1,1,1,50.0,0,2,0.5
West End,2026-05-28,12,2,2,2,0.0,0,2,1.0
West End,2026-05-28,13,4,3,3,0.0,0,2,1.5
West End,2026-05-28,14,2,2,2,2.5,0,2,1.0
West End,2026-05-28,15,4,4,4,0.75,0,2,2.0
West End,2026-05-28,16,3,3,3,2.33,0,2,1.5
West End,2026-05-29,8,1,0,0,,0,1,0.0
West End,2026-05-29,9,5,5,5,2.6,0,2,2.5
West End,2026-05-29,10,8,8,7,32.43,1,2,4.0
West End,2026-05-29,11,3,3,1,49.0,2,2,1.5
West End,2026-05-29,12,1,0,0,,0,2,0.0
West End,2026-05-29,14,5,4,4,0.25,0,2,2.0
West End,2026-05-29,15,4,4,4,2.0,0,2,2.0
West End,2026-05-29,16,4,3,3,2.33,0,2,1.5
West End,2026-05-30,7,1,1,1,9.0,0,0,
West End,2026-05-30,8,2,2,2,27.0,0,1,2.0
West End,2026-05-30,9,8,8,8,9.62,0,2,4.0
West End,2026-05-30,10,8,7,5,33.0,2,2,3.5
West End,2026-05-30,11,3,3,2,14.5,1,2,1.5
West End,2026-05-30,12,3,3,3,0.0,0,2,1.5
West End,2026-06-01,8,4,2,2,0.0,0,1,2.0
West End,2026-06-01,9,6,5,5,4.2,0,2,2.5
West End,2026-06-01,10,6,6,5,4.4,1,2,3.0
West End,2026-06-01,11,9,8,7,10.14,1,2,4.0
West End,2026-06-01,12,2,2,1,1.0,1,2,1.0
West End,2026-06-01,13,4,3,3,0.0,0,2,1.5
West End,2026-06-01,14,3,3,3,1.0,0,2,1.5
West End,2026-06-01,15,4,3,3,0.0,0,2,1.5
West End,2026-06-01,16,2,1,1,0.0,0,2,0.5
West End,2026-06-02,8,2,2,1,0.0,1,1,2.0
West End,2026-06-02,9,6,5,5,3.2,0,2,2.5
West End,2026-06-02,10,6,5,5,2.8,0,2,2.5
West End,2026-06-02,11,1,1,1,0.0,0,2,0.5
West End,2026-06-02,12,3,3,3,0.0,0,2,1.5
West End,2026-06-02,13,4,4,4,0.0,0,2,2.0
West End,2026-06-02,14,9,8,8,11.75,0,2,4.0
West End,2026-06-02,15,7,7,7,8.29,0,2,3.5
West End,2026-06-02,16,3,2,2,6.0,0,2,1.0
West End,2026-06-03,8,1,1,1,0.0,0,1,1.0
West End,2026-06-03,9,6,5,5,1.4,0,2,2.5
West End,2026-06-03,10,7,7,7,6.29,0,2,3.5
West End,2026-06-03,11,4,4,4,16.0,0,2,2.0
West End,2026-06-03,12,2,2,2,0.0,0,2,1.0
West End,2026-06-03,14,7,7,6,17.0,1,2,3.5
West End,2026-06-03,15,6,5,5,17.8,0,2,2.5
West End,2026-06-03,16,1,1,0,,1,2,0.5
West End,2026-06-04,8,2,2,2,0.0,0,1,2.0
West End,2026-06-04,9,2,0,0,,0,2,0.0
West End,2026-06-04,10,4,4,4,0.0,0,2,2.0
West End,2026-06-04,11,4,3,3,2.33,0,2,1.5
West End,2026-06-04,12,1,1,0,,1,2,0.5
West End,2026-06-04,13,3,3,3,0.0,0,2,1.5
West End,2026-06-04,14,5,5,5,12.2,0,2,2.5
West End,2026-06-04,15,6,6,6,7.0,0,2,3.0
West End,2026-06-04,16,4,3,3,14.0,0,2,1.5
West End,2026-06-05,8,4,4,3,1.0,1,1,4.0
West End,2026-06-05,9,6,5,5,0.0,0,2,2.5
West End,2026-06-05,10,8,8,7,15.14,1,2,4.0
West End,2026-06-05,11,3,3,2,9.5,1,2,1.5
West End,2026-06-05,12,2,2,2,0.0,0,2,1.0
West End,2026-06-05,13,6,4,4,2.75,0,2,2.0
West End,2026-06-05,14,2,2,2,7.5,0,2,1.0
West End,2026-06-05,15,5,5,5,6.6,0,2,2.5
West End,2026-06-05,16,2,2,2,3.5,0,2,1.0
West End,2026-06-05,17,1,1,1,0.0,0,0,
West End,2026-06-06,8,9,7,7,24.86,0,1,7.0
West End,2026-06-06,9,8,6,5,21.4,1,2,3.0
West End,2026-06-06,10,4,2,2,21.5,0,2,1.0
West End,2026-06-06,11,1,1,1,0.0,0,2,0.5
West End,2026-06-06,12,3,3,3,0.0,0,2,1.5
West End,2026-06-08,8,7,7,6,21.0,1,1,7.0
West End,2026-06-08,9,6,5,5,27.8,0,2,2.5
West End,2026-06-08,10,10,10,7,23.86,3,2,5.0
West End,2026-06-08,11,5,3,3,0.0,0,2,1.5
West End,2026-06-08,12,2,2,2,0.0,0,2,1.0
West End,2026-06-08,13,2,2,2,0.0,0,2,1.0
West End,2026-06-08,14,5,5,5,0.2,0,2,2.5
West End,2026-06-08,15,5,4,3,10.0,1,2,2.0
West End,2026-06-08,16,2,2,2,0.0,0,2,1.0
West End,2026-06-09,8,3,3,3,5.67,0,1,3.0
West End,2026-06-09,9,7,7,7,6.71,0,2,3.5
West End,2026-06-09,10,4,4,4,2.25,0,2,2.0
West End,2026-06-09,11,5,5,5,27.0,0,2,2.5
West End,2026-06-09,12,2,1,1,0.0,0,2,0.5
West End,2026-06-09,14,3,3,3,0.0,0,2,1.5
West End,2026-06-09,15,5,5,5,6.0,0,2,2.5
West End,2026-06-09,16,2,2,2,0.0,0,2,1.0
West End,2026-06-10,7,1,1,1,4.0,0,0,
West End,2026-06-10,8,1,0,0,,0,1,0.0
West End,2026-06-10,9,6,6,6,6.0,0,2,3.0
West End,2026-06-10,10,5,4,4,0.0,0,2,2.0
West End,2026-06-10,12,2,2,1,0.0,1,2,1.0
West End,2026-06-10,13,2,1,1,0.0,0,2,0.5
West End,2026-06-10,14,2,2,2,0.0,0,2,1.0
West End,2026-06-10,15,3,3,3,0.0,0,2,1.5
West End,2026-06-10,16,5,5,4,0.0,1,2,2.5
West End,2026-06-11,8,5,4,4,8.75,0,1,4.0
West End,2026-06-11,9,3,3,3,8.0,0,2,1.5
West End,2026-06-11,10,5,5,5,11.6,0,2,2.5
West End,2026-06-11,11,4,4,4,6.75,0,2,2.0
West End,2026-06-11,12,1,1,1,0.0,0,2,0.5
West End,2026-06-11,13,1,1,1,0.0,0,2,0.5
West End,2026-06-11,14,6,6,6,2.83,0,2,3.0
West End,2026-06-11,15,2,1,1,0.0,0,2,0.5
West End,2026-06-11,16,7,6,4,1.5,2,2,3.0
West End,2026-06-12,8,2,2,2,0.0,0,1,2.0
West End,2026-06-12,9,2,2,1,0.0,1,2,1.0
West End,2026-06-12,10,8,8,8,13.12,0,2,4.0
West End,2026-06-12,11,6,6,6,7.33,0,2,3.0
West End,2026-06-12,12,2,2,2,0.0,0,2,1.0
West End,2026-06-12,13,1,1,1,0.0,0,2,0.5
West End,2026-06-12,14,6,6,5,8.2,1,2,3.0
West End,2026-06-12,15,6,6,6,29.5,0,2,3.0
West End,2026-06-12,16,3,3,3,20.67,0,2,1.5
West End,2026-06-13,8,2,2,2,6.5,0,1,2.0
West End,2026-06-13,9,7,6,5,2.8,1,2,3.0
West End,2026-06-13,10,7,7,7,4.14,0,2,3.5
West End,2026-06-13,11,5,3,3,7.33,0,2,1.5
West End,2026-06-13,12,2,2,2,0.0,0,2,1.0
West End,2026-06-15,8,2,1,1,0.0,0,1,1.0
West End,2026-06-15,9,5,4,4,5.75,0,2,2.0
West End,2026-06-15,10,6,6,5,13.6,1,2,3.0
West End,2026-06-15,11,6,6,6,5.67,0,2,3.0
West End,2026-06-15,12,2,2,2,0.0,0,2,1.0
West End,2026-06-15,14,1,1,0,,1,2,0.5
West End,2026-06-15,15,8,6,6,4.83,0,2,3.0
West End,2026-06-15,16,5,3,3,0.0,0,2,1.5
West End,2026-06-16,8,4,3,3,2.67,0,1,3.0
West End,2026-06-16,9,6,5,4,9.25,1,2,2.5
West End,2026-06-16,10,4,4,4,0.0,0,2,2.0
West End,2026-06-16,11,3,3,3,2.0,0,2,1.5
West End,2026-06-16,12,3,3,3,0.33,0,2,1.5
West End,2026-06-16,14,7,6,5,11.4,1,2,3.0
West End,2026-06-16,15,2,2,2,6.0,0,2,1.0
West End,2026-06-16,16,1,1,1,0.0,0,2,0.5
West End,2026-06-16,17,1,1,1,0.0,0,0,
West End,2026-06-17,8,4,4,4,15.75,0,1,4.0
West End,2026-06-17,9,6,6,5,17.2,1,2,3.0
West End,2026-06-17,10,5,4,4,5.0,0,2,2.0
West End,2026-06-17,11,2,2,2,8.0,0,2,1.0
West End,2026-06-17,12,3,3,3,0.0,0,2,1.5
West End,2026-06-17,13,2,2,2,0.0,0,2,1.0
West End,2026-06-17,14,3,2,2,0.0,0,2,1.0
West End,2026-06-17,15,6,6,5,2.8,1,2,3.0
West End,2026-06-18,8,1,1,1,0.0,0,1,1.0
West End,2026-06-18,9,5,5,5,2.2,0,2,2.5
West End,2026-06-18,10,6,5,3,6.0,2,2,2.5
West End,2026-06-18,11,8,8,8,15.12,0,2,4.0
West End,2026-06-18,12,1,1,1,0.0,0,2,0.5
West End,2026-06-18,13,2,2,2,0.0,0,2,1.0
West End,2026-06-18,14,1,1,1,0.0,0,2,0.5
West End,2026-06-18,15,1,1,1,0.0,0,2,0.5
West End,2026-06-18,16,1,1,1,0.0,0,2,0.5
West End,2026-06-19,8,1,1,1,0.0,0,1,1.0
West End,2026-06-19,9,5,5,5,0.0,0,2,2.5
West End,2026-06-19,10,6,6,6,5.0,0,2,3.0
West End,2026-06-19,11,5,4,4,4.0,0,2,2.0
West End,2026-06-19,13,5,5,5,0.4,0,2,2.5
West End,2026-06-19,14,3,3,3,0.0,0,2,1.5
West End,2026-06-19,15,6,6,5,17.0,1,2,3.0
West End,2026-06-19,16,3,3,3,0.0,0,2,1.5
West End,2026-06-20,8,1,1,1,0.0,0,1,1.0
West End,2026-06-20,9,8,8,8,6.25,0,2,4.0
West End,2026-06-20,10,8,7,7,10.0,0,2,3.5
West End,2026-06-20,11,8,8,7,14.29,1,2,4.0
West End,2026-06-22,7,1,1,1,10.0,0,0,
West End,2026-06-22,8,2,1,1,14.0,0,1,1.0
West End,2026-06-22,9,6,6,5,6.8,1,2,3.0
West End,2026-06-22,10,7,6,5,8.6,1,2,3.0
West End,2026-06-22,11,5,4,4,0.0,0,2,2.0
West End,2026-06-22,12,4,3,3,0.0,0,2,1.5
West End,2026-06-22,13,5,5,5,6.2,0,2,2.5
West End,2026-06-22,14,7,7,7,2.43,0,2,3.5
West End,2026-06-22,15,5,5,5,18.2,0,2,2.5
West End,2026-06-22,16,2,2,2,0.5,0,2,1.0
West End,2026-06-23,7,1,1,1,5.0,0,0,
West End,2026-06-23,8,3,2,1,15.0,1,1,2.0
West End,2026-06-23,9,1,1,1,0.0,0,2,0.5
West End,2026-06-23,10,4,4,4,2.75,0,2,2.0
West End,2026-06-23,11,3,3,2,0.0,1,2,1.5
West End,2026-06-23,12,1,1,1,0.0,0,2,0.5
West End,2026-06-23,13,2,2,2,0.0,0,2,1.0
West End,2026-06-23,15,4,3,3,0.0,0,2,1.5
West End,2026-06-23,16,2,2,2,0.0,0,2,1.0
West End,2026-06-24,8,2,2,2,0.0,0,1,2.0
West End,2026-06-24,9,7,6,6,2.83,0,2,3.0
West End,2026-06-24,10,5,4,3,2.33,1,2,2.0
West End,2026-06-24,11,2,2,2,0.0,0,2,1.0
West End,2026-06-24,12,3,2,2,0.5,0,2,1.0
West End,2026-06-24,13,2,2,2,0.0,0,2,1.0
West End,2026-06-24,14,6,6,6,5.5,0,2,3.0
West End,2026-06-24,15,6,6,6,18.83,0,2,3.0
West End,2026-06-24,16,2,2,2,17.0,0,2,1.0
West End,2026-06-25,8,2,2,2,0.0,0,1,2.0
West End,2026-06-25,9,7,7,7,9.0,0,2,3.5
West End,2026-06-25,10,6,5,5,16.6,0,2,2.5
West End,2026-06-25,11,4,4,4,7.0,0,2,2.0
West End,2026-06-25,13,2,2,1,0.0,1,2,1.0
West End,2026-06-25,14,7,7,6,3.5,1,2,3.5
West End,2026-06-25,15,5,4,4,7.0,0,2,2.0
West End,2026-06-25,16,1,1,1,0.0,0,2,0.5
West End,2026-06-26,8,5,4,4,6.5,0,1,4.0
West End,2026-06-26,9,6,6,6,17.17,0,2,3.0
West End,2026-06-26,10,8,7,7,21.57,0,2,3.5
West End,2026-06-26,11,5,5,5,5.6,0,2,2.5
West End,2026-06-26,12,1,1,1,0.0,0,2,0.5
West End,2026-06-26,13,3,2,2,0.0,0,2,1.0
West End,2026-06-26,14,6,6,6,7.17,0,2,3.0
West End,2026-06-26,15,1,1,0,,1,2,0.5
West End,2026-06-26,16,4,4,4,9.5,0,2,2.0
West End,2026-06-27,8,2,2,2,0.0,0,1,2.0
West End,2026-06-27,9,7,5,5,3.2,0,2,2.5
West End,2026-06-27,10,8,5,4,5.5,1,2,2.5
West End,2026-06-27,11,5,4,4,0.0,0,2,2.0
West End,2026-06-29,8,3,1,1,0.0,0,1,1.0
West End,2026-06-29,9,5,5,5,3.2,0,2,2.5
West End,2026-06-29,10,5,5,5,8.6,0,2,2.5
West End,2026-06-29,11,5,5,5,17.0,0,2,2.5
West End,2026-06-29,13,4,4,4,1.25,0,2,2.0
West End,2026-06-29,14,4,4,4,9.75,0,2,2.0
West End,2026-06-29,15,10,7,6,4.67,1,2,3.5
West End,2026-06-29,16,3,3,3,0.0,0,2,1.5
West End,2026-06-30,8,4,3,3,1.0,0,1,3.0
West End,2026-06-30,9,6,5,4,2.5,1,2,2.5
West End,2026-06-30,10,10,9,9,11.11,0,2,4.5
West End,2026-06-30,11,4,4,4,31.75,0,2,2.0
West End,2026-06-30,12,2,2,2,0.0,0,2,1.0
West End,2026-06-30,13,1,1,1,0.0,0,2,0.5
West End,2026-06-30,14,5,4,4,3.75,0,2,2.0
West End,2026-06-30,15,1,1,1,0.0,0,2,0.5
West End,2026-06-30,16,3,3,3,0.0,0,2,1.5
