staff_id,role,shift_start,shift_end,clinic_location
CE-PR-01,Provider,2026-01-01 08:00:00,2026-01-01 17:00:00,Central City
CE-PR-02,Provider,2026-01-01 08:00:00,2026-01-01 17:00:00,Central City
CE-SU-01,Support,2026-01-01 08:00:00,2026-01-01 17:00:00,Central City
CE-SU-02,Support,2026-01-01 08:00:00,2026-01-01 17:00:00,Central City
CE-SU-03,Support,2026-01-01 08:00:00,2026-01-01 17:00:00,Central City
CE-SU-04,Support,2026-01-01 08:00:00,2026-01-01 17:00:00,Central City
CE-SU-05,Support,2026-01-01 08:00:00,2026-01-01 17:00:00,Central City
CE-PR-03,Provider,2026-01-01 09:00:00,2026-01-01 17:00:00,Central City
CE-PR-01,Provider,2026-01-02 08:00:00,2026-01-02 17:00:00,Central City
CE-PR-02,Provider,2026-01-02 08:00:00,2026-01-02 17:00:00,Central City
CE-SU-01,Support,2026-01-02 08:00:00,2026-01-02 17:00:00,Central City
CE-SU-02,Support,2026-01-02 08:00:00,2026-01-02 17:00:00,Central City
CE-SU-03,Support,2026-01-02 08:00:00,2026-01-02 17:00:00,Central City
CE-SU-04,Support,2026-01-02 08:00:00,2026-01-02 17:00:00,Central City
CE-SU-05,Support,2026-01-02 08:00:00,2026-01-02 17:00:00,Central City
CE-PR-03,Provider,2026-01-02 09:00:00,2026-01-02 17:00:00,Central City
CE-PR-01,Provider,2026-01-03 08:00:00,2026-01-03 13:00:00,Central City
CE-PR-02,Provider,2026-01-03 08:00:00,2026-01-03 13:00:00,Central City
CE-SU-01,Support,2026-01-03 08:00:00,2026-01-03 13:00:00,Central City
CE-SU-02,Support,2026-01-03 08:00:00,2026-01-03 13:00:00,Central City
CE-SU-03,Support,2026-01-03 08:00:00,2026-01-03 13:00:00,Central City
CE-SU-04,Support,2026-01-03 08:00:00,2026-01-03 13:00:00,Central City
CE-SU-05,Support,2026-01-03 08:00:00,2026-01-03 13:00:00,Central City
CE-PR-03,Provider,2026-01-03 09:00:00,2026-01-03 13:00:00,Central City
CE-PR-01,Provider,2026-01-05 08:00:00,2026-01-05 17:00:00,Central City
CE-PR-02,Provider,2026-01-05 08:00:00,2026-01-05 17:00:00,Central City
CE-SU-01,Support,2026-01-05 08:00:00,2026-01-05 17:00:00,Central City
CE-SU-02,Support,2026-01-05 08:00:00,2026-01-05 17:00:00,Central City
CE-SU-03,Support,2026-01-05 08:00:00,2026-01-05 17:00:00,Central City
CE-SU-04,Support,2026-01-05 08:00:00,2026-01-05 17:00:00,Central City
CE-SU-05,Support,2026-01-05 08:00:00,2026-01-05 17:00:00,Central City
CE-PR-03,Provider,2026-01-05 09:00:00,2026-01-05 17:00:00,Central City
CE-PR-01,Provider,2026-01-06 08:00:00,2026-01-06 17:00:00,Central City
CE-PR-02,Provider,2026-01-06 08:00:00,2026-01-06 17:00:00,Central City
CE-SU-01,Support,2026-01-06 08:00:00,2026-01-06 17:00:00,Central City
CE-SU-02,Support,2026-01-06 08:00:00,2026-01-06 17:00:00,Central City
CE-SU-03,Support,2026-01-06 08:00:00,2026-01-06 17:00:00,Central City
CE-SU-04,Support,2026-01-06 08:00:00,2026-01-06 17:00:00,Central City
CE-SU-05,Support,2026-01-06 08:00:00,2026-01-06 17:00:00,Central City
CE-PR-03,Provider,2026-01-06 09:00:00,2026-01-06 17:00:00,Central City
CE-PR-01,Provider,2026-01-07 08:00:00,2026-01-07 17:00:00,Central City
CE-PR-02,Provider,2026-01-07 08:00:00,2026-01-07 17:00:00,Central City
CE-SU-01,Support,2026-01-07 08:00:00,2026-01-07 17:00:00,Central City
CE-SU-02,Support,2026-01-07 08:00:00,2026-01-07 17:00:00,Central City
CE-SU-03,Support,2026-01-07 08:00:00,2026-01-07 17:00:00,Central City
CE-SU-04,Support,2026-01-07 08:00:00,2026-01-07 17:00:00,Central City
CE-SU-05,Support,2026-01-07 08:00:00,2026-01-07 17:00:00,Central City
CE-PR-03,Provider,2026-01-07 09:00:00,2026-01-07 17:00:00,Central City
CE-PR-01,Provider,2026-01-08 08:00:00,2026-01-08 17:00:00,Central City
CE-PR-02,Provider,2026-01-08 08:00:00,2026-01-08 17:00:00,Central City
CE-SU-01,Support,2026-01-08 08:00:00,2026-01-08 17:00:00,Central City
CE-SU-02,Support,2026-01-08 08:00:00,2026-01-08 17:00:00,Central City
CE-SU-03,Support,2026-01-08 08:00:00,2026-01-08 17:00:00,Central City
CE-SU-04,Support,2026-01-08 08:00:00,2026-01-08 17:00:00,Central City
CE-SU-05,Support,2026-01-08 08:00:00,2026-01-08 17:00:00,Central City
CE-PR-03,Provider,2026-01-08 09:00:00,2026-01-08 17:00:00,Central City
CE-PR-01,Provider,2026-01-09 08:00:00,2026-01-09 17:00:00,Central City
CE-PR-02,Provider,2026-01-09 08:00:00,2026-01-09 17:00:00,Central City
CE-SU-01,Support,2026-01-09 08:00:00,2026-01-09 17:00:00,Central City
CE-SU-02,Support,2026-01-09 08:00:00,2026-01-09 17:00:00,Central City
CE-SU-03,Support,2026-01-09 08:00:00,2026-01-09 17:00:00,Central City
CE-SU-04,Support,2026-01-09 08:00:00,2026-01-09 17:00:00,Central City
CE-SU-05,Support,2026-01-09 08:00:00,2026-01-09 17:00:00,Central City
CE-PR-03,Provider,2026-01-09 09:00:00,2026-01-09 17:00:00,Central City
CE-PR-01,Provider,2026-01-10 08:00:00,2026-01-10 13:00:00,Central City
CE-PR-02,Provider,2026-01-10 08:00:00,2026-01-10 13:00:00,Central City
CE-SU-01,Support,2026-01-10 08:00:00,2026-01-10 13:00:00,Central City
CE-SU-02,Support,2026-01-10 08:00:00,2026-01-10 13:00:00,Central City
CE-SU-03,Support,2026-01-10 08:00:00,2026-01-10 13:00:00,Central City
CE-SU-04,Support,2026-01-10 08:00:00,2026-01-10 13:00:00,Central City
CE-SU-05,Support,2026-01-10 08:00:00,2026-01-10 13:00:00,Central City
CE-PR-03,Provider,2026-01-10 09:00:00,2026-01-10 13:00:00,Central City
CE-PR-01,Provider,2026-01-12 08:00:00,2026-01-12 17:00:00,Central City
CE-PR-02,Provider,2026-01-12 08:00:00,2026-01-12 17:00:00,Central City
CE-SU-01,Support,2026-01-12 08:00:00,2026-01-12 17:00:00,Central City
CE-SU-02,Support,2026-01-12 08:00:00,2026-01-12 17:00:00,Central City
CE-SU-03,Support,2026-01-12 08:00:00,2026-01-12 17:00:00,Central City
CE-SU-04,Support,2026-01-12 08:00:00,2026-01-12 17:00:00,Central City
CE-SU-05,Support,2026-01-12 08:00:00,2026-01-12 17:00:00,Central City
CE-PR-03,Provider,2026-01-12 09:00:00,2026-01-12 17:00:00,Central City
CE-PR-01,Provider,2026-01-13 08:00:00,2026-01-13 17:00:00,Central City
CE-PR-02,Provider,2026-01-13 08:00:00,2026-01-13 17:00:00,Central City
CE-SU-01,Support,2026-01-13 08:00:00,2026-01-13 17:00:00,Central City
CE-SU-02,Support,2026-01-13 08:00:00,2026-01-13 17:00:00,Central City
CE-SU-03,Support,2026-01-13 08:00:00,2026-01-13 17:00:00,Central City
CE-SU-04,Support,2026-01-13 08:00:00,2026-01-13 17:00:00,Central City
CE-SU-05,Support,2026-01-13 08:00:00,2026-01-13 17:00:00,Central City
CE-PR-03,Provider,2026-01-13 09:00:00,2026-01-13 17:00:00,Central City
CE-PR-01,Provider,2026-01-14 08:00:00,2026-01-14 17:00:00,Central City
CE-PR-02,Provider,2026-01-14 08:00:00,2026-01-14 17:00:00,Central City
CE-SU-01,Support,2026-01-14 08:00:00,2026-01-14 17:00:00,Central City
CE-SU-02,Support,2026-01-14 08:00:00,2026-01-14 17:00:00,Central City
CE-SU-03,Support,2026-01-14 08:00:00,2026-01-14 17:00:00,Central City
CE-SU-04,Support,2026-01-14 08:00:00,2026-01-14 17:00:00,Central City
CE-SU-05,Support,2026-01-14 08:00:00,2026-01-14 17:00:00,Central City
CE-PR-03,Provider,2026-01-14 09:00:00,2026-01-14 17:00:00,Central City
CE-PR-01,Provider,2026-01-15 08:00:00,2026-01-15 17:00:00,Central City
CE-PR-02,Provider,2026-01-15 08:00:00,2026-01-15 17:00:00,Central City
CE-SU-01,Support,2026-01-15 08:00:00,2026-01-15 17:00:00,Central City
CE-SU-02,Support,2026-01-15 08:00:00,2026-01-15 17:00:00,Central City
CE-SU-03,Support,2026-01-15 08:00:00,2026-01-15 17:00:00,Central City
CE-SU-04,Support,2026-01-15 08:00:00,2026-01-15 17:00:00,Central City
CE-SU-05,Support,2026-01-15 08:00:00,2026-01-15 17:00:00,Central City
CE-PR-03,Provider,2026-01-15 09:00:00,2026-01-15 17:00:00,Central City
CE-PR-01,Provider,2026-01-16 08:00:00,2026-01-16 17:00:00,Central City
CE-PR-02,Provider,2026-01-16 08:00:00,2026-01-16 17:00:00,Central City
CE-SU-01,Support,2026-01-16 08:00:00,2026-01-16 17:00:00,Central City
CE-SU-02,Support,2026-01-16 08:00:00,2026-01-16 17:00:00,Central City
CE-SU-03,Support,2026-01-16 08:00:00,2026-01-16 17:00:00,Central City
CE-SU-04,Support,2026-01-16 08:00:00,2026-01-16 17:00:00,Central City
CE-SU-05,Support,2026-01-16 08:00:00,2026-01-16 17:00:00,Central City
CE-PR-03,Provider,2026-01-16 09:00:00,2026-01-16 17:00:00,Central City
CE-PR-01,Provider,2026-01-17 08:00:00,2026-01-17 13:00:00,Central City
CE-PR-02,Provider,2026-01-17 08:00:00,2026-01-17 13:00:00,Central City
CE-SU-01,Support,2026-01-17 08:00:00,2026-01-17 13:00:00,Central City
CE-SU-02,Support,2026-01-17 08:00:00,2026-01-17 13:00:00,Central City
CE-SU-03,Support,2026-01-17 08:00:00,2026-01-17 13:00:00,Central City
CE-SU-04,Support,2026-01-17 08:00:00,2026-01-17 13:00:00,Central City
CE-SU-05,Support,2026-01-17 08:00:00,2026-01-17 13:00:00,Central City
CE-PR-03,Provider,2026-01-17 09:00:00,2026-01-17 13:00:00,Central City
CE-PR-01,Provider,2026-01-19 08:00:00,2026-01-19 17:00:00,Central City
CE-PR-02,Provider,2026-01-19 08:00:00,2026-01-19 17:00:00,Central City
CE-SU-01,Support,2026-01-19 08:00:00,2026-01-19 17:00:00,Central City
CE-SU-02,Support,2026-01-19 08:00:00,2026-01-19 17:00:00,Central City
CE-SU-03,Support,2026-01-19 08:00:00,2026-01-19 17:00:00,Central City
CE-SU-04,Support,2026-01-19 08:00:00,2026-01-19 17:00:00,Central City
CE-SU-05,Support,2026-01-19 08:00:00,2026-01-19 17:00:00,Central City
CE-PR-03,Provider,2026-01-19 09:00:00,2026-01-19 17:00:00,Central City
CE-PR-01,Provider,2026-01-20 08:00:00,2026-01-20 17:00:00,Central City
CE-PR-02,Provider,2026-01-20 08:00:00,2026-01-20 17:00:00,Central City
CE-SU-01,Support,2026-01-20 08:00:00,2026-01-20 17:00:00,Central City
CE-SU-02,Support,2026-01-20 08:00:00,2026-01-20 17:00:00,Central City
CE-SU-03,Support,2026-01-20 08:00:00,2026-01-20 17:00:00,Central City
CE-SU-04,Support,2026-01-20 08:00:00,2026-01-20 17:00:00,Central City
CE-SU-05,Support,2026-01-20 08:00:00,2026-01-20 17:00:00,Central City
CE-PR-03,Provider,2026-01-20 09:00:00,2026-01-20 17:00:00,Central City
CE-PR-01,Provider,2026-01-21 08:00:00,2026-01-21 17:00:00,Central City
CE-PR-02,Provider,2026-01-21 08:00:00,2026-01-21 17:00:00,Central City
CE-SU-01,Support,2026-01-21 08:00:00,2026-01-21 17:00:00,Central City
CE-SU-02,Support,2026-01-21 08:00:00,2026-01-21 17:00:00,Central City
CE-SU-03,Support,2026-01-21 08:00:00,2026-01-21 17:00:00,Central City
CE-SU-04,Support,2026-01-21 08:00:00,2026-01-21 17:00:00,Central City
CE-SU-05,Support,2026-01-21 08:00:00,2026-01-21 17:00:00,Central City
CE-PR-03,Provider,2026-01-21 09:00:00,2026-01-21 17:00:00,Central City
CE-PR-01,Provider,2026-01-22 08:00:00,2026-01-22 17:00:00,Central City
CE-PR-02,Provider,2026-01-22 08:00:00,2026-01-22 17:00:00,Central City
CE-SU-01,Support,2026-01-22 08:00:00,2026-01-22 17:00:00,Central City
CE-SU-02,Support,2026-01-22 08:00:00,2026-01-22 17:00:00,Central City
CE-SU-03,Support,2026-01-22 08:00:00,2026-01-22 17:00:00,Central City
CE-SU-04,Support,2026-01-22 08:00:00,2026-01-22 17:00:00,Central City
CE-SU-05,Support,2026-01-22 08:00:00,2026-01-22 17:00:00,Central City
CE-PR-03,Provider,2026-01-22 09:00:00,2026-01-22 17:00:00,Central City
CE-PR-01,Provider,2026-01-23 08:00:00,2026-01-23 17:00:00,Central City
CE-PR-02,Provider,2026-01-23 08:00:00,2026-01-23 17:00:00,Central City
CE-SU-01,Support,2026-01-23 08:00:00,2026-01-23 17:00:00,Central City
CE-SU-02,Support,2026-01-23 08:00:00,2026-01-23 17:00:00,Central City
CE-SU-03,Support,2026-01-23 08:00:00,2026-01-23 17:00:00,Central City
CE-SU-04,Support,2026-01-23 08:00:00,2026-01-23 17:00:00,Central City
CE-SU-05,Support,2026-01-23 08:00:00,2026-01-23 17:00:00,Central City
CE-PR-03,Provider,2026-01-23 09:00:00,2026-01-23 17:00:00,Central City
CE-PR-01,Provider,2026-01-24 08:00:00,2026-01-24 13:00:00,Central City
CE-PR-02,Provider,2026-01-24 08:00:00,2026-01-24 13:00:00,Central City
CE-SU-01,Support,2026-01-24 08:00:00,2026-01-24 13:00:00,Central City
CE-SU-02,Support,2026-01-24 08:00:00,2026-01-24 13:00:00,Central City
CE-SU-03,Support,2026-01-24 08:00:00,2026-01-24 13:00:00,Central City
CE-SU-04,Support,2026-01-24 08:00:00,2026-01-24 13:00:00,Central City
CE-SU-05,Support,2026-01-24 08:00:00,2026-01-24 13:00:00,Central City
CE-PR-03,Provider,2026-01-24 09:00:00,2026-01-24 13:00:00,Central City
CE-PR-01,Provider,2026-01-26 08:00:00,2026-01-26 17:00:00,Central City
CE-PR-02,Provider,2026-01-26 08:00:00,2026-01-26 17:00:00,Central City
CE-SU-01,Support,2026-01-26 08:00:00,2026-01-26 17:00:00,Central City
CE-SU-02,Support,2026-01-26 08:00:00,2026-01-26 17:00:00,Central City
CE-SU-03,Support,2026-01-26 08:00:00,2026-01-26 17:00:00,Central City
CE-SU-04,Support,2026-01-26 08:00:00,2026-01-26 17:00:00,Central City
CE-SU-05,Support,2026-01-26 08:00:00,2026-01-26 17:00:00,Central City
CE-PR-03,Provider,2026-01-26 09:00:00,2026-01-26 17:00:00,Central City
CE-PR-01,Provider,2026-01-27 08:00:00,2026-01-27 17:00:00,Central City
CE-PR-02,Provider,2026-01-27 08:00:00,2026-01-27 17:00:00,Central City
CE-SU-01,Support,2026-01-27 08:00:00,2026-01-27 17:00:00,Central City
CE-SU-02,Support,2026-01-27 08:00:00,2026-01-27 17:00:00,Central City
CE-SU-03,Support,2026-01-27 08:00:00,2026-01-27 17:00:00,Central City
CE-SU-04,Support,2026-01-27 08:00:00,2026-01-27 17:00:00,Central City
CE-SU-05,Support,2026-01-27 08:00:00,2026-01-27 17:00:00,Central City
CE-PR-03,Provider,2026-01-27 09:00:00,2026-01-27 17:00:00,Central City
CE-PR-01,Provider,2026-01-28 08:00:00,2026-01-28 17:00:00,Central City
CE-PR-02,Provider,2026-01-28 08:00:00,2026-01-28 17:00:00,Central City
CE-SU-01,Support,2026-01-28 08:00:00,2026-01-28 17:00:00,Central City
CE-SU-02,Support,2026-01-28 08:00:00,2026-01-28 17:00:00,Central City
CE-SU-03,Support,2026-01-28 08:00:00,2026-01-28 17:00:00,Central City
CE-SU-04,Support,2026-01-28 08:00:00,2026-01-28 17:00:00,Central City
CE-SU-05,Support,2026-01-28 08:00:00,2026-01-28 17:00:00,Central City
CE-PR-03,Provider,2026-01-28 09:00:00,2026-01-28 17:00:00,Central City
CE-PR-01,Provider,2026-01-29 08:00:00,2026-01-29 17:00:00,Central City
CE-PR-02,Provider,2026-01-29 08:00:00,2026-01-29 17:00:00,Central City
CE-SU-01,Support,2026-01-29 08:00:00,2026-01-29 17:00:00,Central City
CE-SU-02,Support,2026-01-29 08:00:00,2026-01-29 17:00:00,Central City
CE-SU-03,Support,2026-01-29 08:00:00,2026-01-29 17:00:00,Central City
CE-SU-04,Support,2026-01-29 08:00:00,2026-01-29 17:00:00,Central City
CE-SU-05,Support,2026-01-29 08:00:00,2026-01-29 17:00:00,Central City
CE-PR-03,Provider,2026-01-29 09:00:00,2026-01-29 17:00:00,Central City
CE-PR-01,Provider,2026-01-30 08:00:00,2026-01-30 17:00:00,Central City
CE-PR-02,Provider,2026-01-30 08:00:00,2026-01-30 17:00:00,Central City
CE-SU-01,Support,2026-01-30 08:00:00,2026-01-30 17:00:00,Central City
CE-SU-02,Support,2026-01-30 08:00:00,2026-01-30 17:00:00,Central City
CE-SU-03,Support,2026-01-30 08:00:00,2026-01-30 17:00:00,Central City
CE-SU-04,Support,2026-01-30 08:00:00,2026-01-30 17:00:00,Central City
CE-SU-05,Support,2026-01-30 08:00:00,2026-01-30 17:00:00,Central City
CE-PR-03,Provider,2026-01-30 09:00:00,2026-01-30 17:00:00,Central City
CE-PR-01,Provider,2026-01-31 08:00:00,2026-01-31 13:00:00,Central City
CE-PR-02,Provider,2026-01-31 08:00:00,2026-01-31 13:00:00,Central City
CE-SU-01,Support,2026-01-31 08:00:00,2026-01-31 13:00:00,Central City
CE-SU-02,Support,2026-01-31 08:00:00,2026-01-31 13:00:00,Central City
CE-SU-03,Support,2026-01-31 08:00:00,2026-01-31 13:00:00,Central City
CE-SU-04,Support,2026-01-31 08:00:00,2026-01-31 13:00:00,Central City
CE-SU-05,Support,2026-01-31 08:00:00,2026-01-31 13:00:00,Central City
CE-PR-03,Provider,2026-01-31 09:00:00,2026-01-31 13:00:00,Central City
CE-PR-01,Provider,2026-02-02 08:00:00,2026-02-02 17:00:00,Central City
CE-PR-02,Provider,2026-02-02 08:00:00,2026-02-02 17:00:00,Central City
CE-SU-01,Support,2026-02-02 08:00:00,2026-02-02 17:00:00,Central City
CE-SU-02,Support,2026-02-02 08:00:00,2026-02-02 17:00:00,Central City
CE-SU-03,Support,2026-02-02 08:00:00,2026-02-02 17:00:00,Central City
CE-SU-04,Support,2026-02-02 08:00:00,2026-02-02 17:00:00,Central City
CE-SU-05,Support,2026-02-02 08:00:00,2026-02-02 17:00:00,Central City
CE-PR-03,Provider,2026-02-02 09:00:00,2026-02-02 17:00:00,Central City
CE-PR-01,Provider,2026-02-03 08:00:00,2026-02-03 17:00:00,Central City
CE-PR-02,Provider,2026-02-03 08:00:00,2026-02-03 17:00:00,Central City
CE-SU-01,Support,2026-02-03 08:00:00,2026-02-03 17:00:00,Central City
CE-SU-02,Support,2026-02-03 08:00:00,2026-02-03 17:00:00,Central City
CE-SU-03,Support,2026-02-03 08:00:00,2026-02-03 17:00:00,Central City
CE-SU-04,Support,2026-02-03 08:00:00,2026-02-03 17:00:00,Central City
CE-SU-05,Support,2026-02-03 08:00:00,2026-02-03 17:00:00,Central City
CE-PR-03,Provider,2026-02-03 09:00:00,2026-02-03 17:00:00,Central City
CE-PR-01,Provider,2026-02-04 08:00:00,2026-02-04 17:00:00,Central City
CE-PR-02,Provider,2026-02-04 08:00:00,2026-02-04 17:00:00,Central City
CE-SU-01,Support,2026-02-04 08:00:00,2026-02-04 17:00:00,Central City
CE-SU-02,Support,2026-02-04 08:00:00,2026-02-04 17:00:00,Central City
CE-SU-03,Support,2026-02-04 08:00:00,2026-02-04 17:00:00,Central City
CE-SU-04,Support,2026-02-04 08:00:00,2026-02-04 17:00:00,Central City
CE-SU-05,Support,2026-02-04 08:00:00,2026-02-04 17:00:00,Central City
CE-PR-03,Provider,2026-02-04 09:00:00,2026-02-04 17:00:00,Central City
CE-PR-01,Provider,2026-02-05 08:00:00,2026-02-05 17:00:00,Central City
CE-PR-02,Provider,2026-02-05 08:00:00,2026-02-05 17:00:00,Central City
CE-SU-01,Support,2026-02-05 08:00:00,2026-02-05 17:00:00,Central City
CE-SU-02,Support,2026-02-05 08:00:00,2026-02-05 17:00:00,Central City
CE-SU-03,Support,2026-02-05 08:00:00,2026-02-05 17:00:00,Central City
CE-SU-04,Support,2026-02-05 08:00:00,2026-02-05 17:00:00,Central City
CE-SU-05,Support,2026-02-05 08:00:00,2026-02-05 17:00:00,Central City
CE-PR-03,Provider,2026-02-05 09:00:00,2026-02-05 17:00:00,Central City
CE-PR-01,Provider,2026-02-06 08:00:00,2026-02-06 17:00:00,Central City
CE-PR-02,Provider,2026-02-06 08:00:00,2026-02-06 17:00:00,Central City
CE-SU-01,Support,2026-02-06 08:00:00,2026-02-06 17:00:00,Central City
CE-SU-02,Support,2026-02-06 08:00:00,2026-02-06 17:00:00,Central City
CE-SU-03,Support,2026-02-06 08:00:00,2026-02-06 17:00:00,Central City
CE-SU-04,Support,2026-02-06 08:00:00,2026-02-06 17:00:00,Central City
CE-SU-05,Support,2026-02-06 08:00:00,2026-02-06 17:00:00,Central City
CE-PR-03,Provider,2026-02-06 09:00:00,2026-02-06 17:00:00,Central City
CE-PR-01,Provider,2026-02-07 08:00:00,2026-02-07 13:00:00,Central City
CE-PR-02,Provider,2026-02-07 08:00:00,2026-02-07 13:00:00,Central City
CE-SU-01,Support,2026-02-07 08:00:00,2026-02-07 13:00:00,Central City
CE-SU-02,Support,2026-02-07 08:00:00,2026-02-07 13:00:00,Central City
CE-SU-03,Support,2026-02-07 08:00:00,2026-02-07 13:00:00,Central City
CE-SU-04,Support,2026-02-07 08:00:00,2026-02-07 13:00:00,Central City
CE-SU-05,Support,2026-02-07 08:00:00,2026-02-07 13:00:00,Central City
CE-PR-03,Provider,2026-02-07 09:00:00,2026-02-07 13:00:00,Central City
CE-PR-01,Provider,2026-02-09 08:00:00,2026-02-09 17:00:00,Central City
CE-PR-02,Provider,2026-02-09 08:00:00,2026-02-09 17:00:00,Central City
CE-SU-01,Support,2026-02-09 08:00:00,2026-02-09 17:00:00,Central City
CE-SU-02,Support,2026-02-09 08:00:00,2026-02-09 17:00:00,Central City
CE-SU-03,Support,2026-02-09 08:00:00,2026-02-09 17:00:00,Central City
CE-SU-04,Support,2026-02-09 08:00:00,2026-02-09 17:00:00,Central City
CE-SU-05,Support,2026-02-09 08:00:00,2026-02-09 17:00:00,Central City
CE-PR-03,Provider,2026-02-09 09:00:00,2026-02-09 17:00:00,Central City
CE-PR-01,Provider,2026-02-10 08:00:00,2026-02-10 17:00:00,Central City
CE-PR-02,Provider,2026-02-10 08:00:00,2026-02-10 17:00:00,Central City
CE-SU-01,Support,2026-02-10 08:00:00,2026-02-10 17:00:00,Central City
CE-SU-02,Support,2026-02-10 08:00:00,2026-02-10 17:00:00,Central City
CE-SU-03,Support,2026-02-10 08:00:00,2026-02-10 17:00:00,Central City
CE-SU-04,Support,2026-02-10 08:00:00,2026-02-10 17:00:00,Central City
CE-SU-05,Support,2026-02-10 08:00:00,2026-02-10 17:00:00,Central City
CE-PR-03,Provider,2026-02-10 09:00:00,2026-02-10 17:00:00,Central City
CE-PR-01,Provider,2026-02-11 08:00:00,2026-02-11 17:00:00,Central City
CE-PR-02,Provider,2026-02-11 08:00:00,2026-02-11 17:00:00,Central City
CE-SU-01,Support,2026-02-11 08:00:00,2026-02-11 17:00:00,Central City
CE-SU-02,Support,2026-02-11 08:00:00,2026-02-11 17:00:00,Central City
CE-SU-03,Support,2026-02-11 08:00:00,2026-02-11 17:00:00,Central City
CE-SU-04,Support,2026-02-11 08:00:00,2026-02-11 17:00:00,Central City
CE-SU-05,Support,2026-02-11 08:00:00,2026-02-11 17:00:00,Central City
CE-PR-03,Provider,2026-02-11 09:00:00,2026-02-11 17:00:00,Central City
CE-PR-01,Provider,2026-02-12 08:00:00,2026-02-12 17:00:00,Central City
CE-PR-02,Provider,2026-02-12 08:00:00,2026-02-12 17:00:00,Central City
CE-SU-01,Support,2026-02-12 08:00:00,2026-02-12 17:00:00,Central City
CE-SU-02,Support,2026-02-12 08:00:00,2026-02-12 17:00:00,Central City
CE-SU-03,Support,2026-02-12 08:00:00,2026-02-12 17:00:00,Central City
CE-SU-04,Support,2026-02-12 08:00:00,2026-02-12 17:00:00,Central City
CE-SU-05,Support,2026-02-12 08:00:00,2026-02-12 17:00:00,Central City
CE-PR-03,Provider,2026-02-12 09:00:00,2026-02-12 17:00:00,Central City
CE-PR-01,Provider,2026-02-13 08:00:00,2026-02-13 17:00:00,Central City
CE-PR-02,Provider,2026-02-13 08:00:00,2026-02-13 17:00:00,Central City
CE-SU-01,Support,2026-02-13 08:00:00,2026-02-13 17:00:00,Central City
CE-SU-02,Support,2026-02-13 08:00:00,2026-02-13 17:00:00,Central City
CE-SU-03,Support,2026-02-13 08:00:00,2026-02-13 17:00:00,Central City
CE-SU-04,Support,2026-02-13 08:00:00,2026-02-13 17:00:00,Central City
CE-SU-05,Support,2026-02-13 08:00:00,2026-02-13 17:00:00,Central City
CE-PR-03,Provider,2026-02-13 09:00:00,2026-02-13 17:00:00,Central City
CE-PR-01,Provider,2026-02-14 08:00:00,2026-02-14 13:00:00,Central City
CE-PR-02,Provider,2026-02-14 08:00:00,2026-02-14 13:00:00,Central City
CE-SU-01,Support,2026-02-14 08:00:00,2026-02-14 13:00:00,Central City
CE-SU-02,Support,2026-02-14 08:00:00,2026-02-14 13:00:00,Central City
CE-SU-03,Support,2026-02-14 08:00:00,2026-02-14 13:00:00,Central City
CE-SU-04,Support,2026-02-14 08:00:00,2026-02-14 13:00:00,Central City
CE-SU-05,Support,2026-02-14 08:00:00,2026-02-14 13:00:00,Central City
CE-PR-03,Provider,2026-02-14 09:00:00,2026-02-14 13:00:00,Central City
CE-PR-01,Provider,2026-02-16 08:00:00,2026-02-16 17:00:00,Central City
CE-PR-02,Provider,2026-02-16 08:00:00,2026-02-16 17:00:00,Central City
CE-SU-01,Support,2026-02-16 08:00:00,2026-02-16 17:00:00,Central City
CE-SU-02,Support,2026-02-16 08:00:00,2026-02-16 17:00:00,Central City
CE-SU-03,Support,2026-02-16 08:00:00,2026-02-16 17:00:00,Central City
CE-SU-04,Support,2026-02-16 08:00:00,2026-02-16 17:00:00,Central City
CE-SU-05,Support,2026-02-16 08:00:00,2026-02-16 17:00:00,Central City
CE-PR-03,Provider,2026-02-16 09:00:00,2026-02-16 17:00:00,Central City
CE-PR-01,Provider,2026-02-17 08:00:00,2026-02-17 17:00:00,Central City
CE-PR-02,Provider,2026-02-17 08:00:00,2026-02-17 17:00:00,Central City
CE-SU-01,Support,2026-02-17 08:00:00,2026-02-17 17:00:00,Central City
CE-SU-02,Support,2026-02-17 08:00:00,2026-02-17 17:00:00,Central City
CE-SU-03,Support,2026-02-17 08:00:00,2026-02-17 17:00:00,Central City
CE-SU-04,Support,2026-02-17 08:00:00,2026-02-17 17:00:00,Central City
CE-SU-05,Support,2026-02-17 08:00:00,2026-02-17 17:00:00,Central City
CE-PR-03,Provider,2026-02-17 09:00:00,2026-02-17 17:00:00,Central City
CE-PR-01,Provider,2026-02-18 08:00:00,2026-02-18 17:00:00,Central City
CE-PR-02,Provider,2026-02-18 08:00:00,2026-02-18 17:00:00,Central City
CE-SU-01,Support,2026-02-18 08:00:00,2026-02-18 17:00:00,Central City
CE-SU-02,Support,2026-02-18 08:00:00,2026-02-18 17:00:00,Central City
CE-SU-03,Support,2026-02-18 08:00:00,2026-02-18 17:00:00,Central City
CE-SU-04,Support,2026-02-18 08:00:00,2026-02-18 17:00:00,Central City
CE-SU-05,Support,2026-02-18 08:00:00,2026-02-18 17:00:00,Central City
CE-PR-03,Provider,2026-02-18 09:00:00,2026-02-18 17:00:00,Central City
CE-PR-01,Provider,2026-02-19 08:00:00,2026-02-19 17:00:00,Central City
CE-PR-02,Provider,2026-02-19 08:00:00,2026-02-19 17:00:00,Central City
CE-SU-01,Support,2026-02-19 08:00:00,2026-02-19 17:00:00,Central City
CE-SU-02,Support,2026-02-19 08:00:00,2026-02-19 17:00:00,Central City
CE-SU-03,Support,2026-02-19 08:00:00,2026-02-19 17:00:00,Central City
CE-SU-04,Support,2026-02-19 08:00:00,2026-02-19 17:00:00,Central City
CE-SU-05,Support,2026-02-19 08:00:00,2026-02-19 17:00:00,Central City
CE-PR-03,Provider,2026-02-19 09:00:00,2026-02-19 17:00:00,Central City
CE-PR-01,Provider,2026-02-20 08:00:00,2026-02-20 17:00:00,Central City
CE-PR-02,Provider,2026-02-20 08:00:00,2026-02-20 17:00:00,Central City
CE-SU-01,Support,2026-02-20 08:00:00,2026-02-20 17:00:00,Central City
CE-SU-02,Support,2026-02-20 08:00:00,2026-02-20 17:00:00,Central City
CE-SU-03,Support,2026-02-20 08:00:00,2026-02-20 17:00:00,Central City
CE-SU-04,Support,2026-02-20 08:00:00,2026-02-20 17:00:00,Central City
CE-SU-05,Support,2026-02-20 08:00:00,2026-02-20 17:00:00,Central City
CE-PR-03,Provider,2026-02-20 09:00:00,2026-02-20 17:00:00,Central City
CE-PR-01,Provider,2026-02-21 08:00:00,2026-02-21 13:00:00,Central City
CE-PR-02,Provider,2026-02-21 08:00:00,2026-02-21 13:00:00,Central City
CE-SU-01,Support,2026-02-21 08:00:00,2026-02-21 13:00:00,Central City
CE-SU-02,Support,2026-02-21 08:00:00,2026-02-21 13:00:00,Central City
CE-SU-03,Support,2026-02-21 08:00:00,2026-02-21 13:00:00,Central City
CE-SU-04,Support,2026-02-21 08:00:00,2026-02-21 13:00:00,Central City
CE-SU-05,Support,2026-02-21 08:00:00,2026-02-21 13:00:00,Central City
CE-PR-03,Provider,2026-02-21 09:00:00,2026-02-21 13:00:00,Central City
CE-PR-01,Provider,2026-02-23 08:00:00,2026-02-23 17:00:00,Central City
CE-PR-02,Provider,2026-02-23 08:00:00,2026-02-23 17:00:00,Central City
CE-SU-01,Support,2026-02-23 08:00:00,2026-02-23 17:00:00,Central City
CE-SU-02,Support,2026-02-23 08:00:00,2026-02-23 17:00:00,Central City
CE-SU-03,Support,2026-02-23 08:00:00,2026-02-23 17:00:00,Central City
CE-SU-04,Support,2026-02-23 08:00:00,2026-02-23 17:00:00,Central City
CE-SU-05,Support,2026-02-23 08:00:00,2026-02-23 17:00:00,Central City
CE-PR-03,Provider,2026-02-23 09:00:00,2026-02-23 17:00:00,Central City
CE-PR-01,Provider,2026-02-24 08:00:00,2026-02-24 17:00:00,Central City
CE-PR-02,Provider,2026-02-24 08:00:00,2026-02-24 17:00:00,Central City
CE-SU-01,Support,2026-02-24 08:00:00,2026-02-24 17:00:00,Central City
CE-SU-02,Support,2026-02-24 08:00:00,2026-02-24 17:00:00,Central City
CE-SU-03,Support,2026-02-24 08:00:00,2026-02-24 17:00:00,Central City
CE-SU-04,Support,2026-02-24 08:00:00,2026-02-24 17:00:00,Central City
CE-SU-05,Support,2026-02-24 08:00:00,2026-02-24 17:00:00,Central City
CE-PR-03,Provider,2026-02-24 09:00:00,2026-02-24 17:00:00,Central City
CE-PR-01,Provider,2026-02-25 08:00:00,2026-02-25 17:00:00,Central City
CE-PR-02,Provider,2026-02-25 08:00:00,2026-02-25 17:00:00,Central City
CE-SU-01,Support,2026-02-25 08:00:00,2026-02-25 17:00:00,Central City
CE-SU-02,Support,2026-02-25 08:00:00,2026-02-25 17:00:00,Central City
CE-SU-03,Support,2026-02-25 08:00:00,2026-02-25 17:00:00,Central City
CE-SU-04,Support,2026-02-25 08:00:00,2026-02-25 17:00:00,Central City
CE-SU-05,Support,2026-02-25 08:00:00,2026-02-25 17:00:00,Central City
CE-PR-03,Provider,2026-02-25 09:00:00,2026-02-25 17:00:00,Central City
CE-PR-01,Provider,2026-02-26 08:00:00,2026-02-26 17:00:00,Central City
CE-PR-02,Provider,2026-02-26 08:00:00,2026-02-26 17:00:00,Central City
CE-SU-01,Support,2026-02-26 08:00:00,2026-02-26 17:00:00,Central City
CE-SU-02,Support,2026-02-26 08:00:00,2026-02-26 17:00:00,Central City
CE-SU-03,Support,2026-02-26 08:00:00,2026-02-26 17:00:00,Central City
CE-SU-04,Support,2026-02-26 08:00:00,2026-02-26 17:00:00,Central City
CE-SU-05,Support,2026-02-26 08:00:00,2026-02-26 17:00:00,Central City
CE-PR-03,Provider,2026-02-26 09:00:00,2026-02-26 17:00:00,Central City
CE-PR-01,Provider,2026-02-27 08:00:00,2026-02-27 17:00:00,Central City
CE-PR-02,Provider,2026-02-27 08:00:00,2026-02-27 17:00:00,Central City
CE-SU-01,Support,2026-02-27 08:00:00,2026-02-27 17:00:00,Central City
CE-SU-02,Support,2026-02-27 08:00:00,2026-02-27 17:00:00,Central City
CE-SU-03,Support,2026-02-27 08:00:00,2026-02-27 17:00:00,Central City
CE-SU-04,Support,2026-02-27 08:00:00,2026-02-27 17:00:00,Central City
CE-SU-05,Support,2026-02-27 08:00:00,2026-02-27 17:00:00,Central City
CE-PR-03,Provider,2026-02-27 09:00:00,2026-02-27 17:00:00,Central City
CE-PR-01,Provider,2026-02-28 08:00:00,2026-02-28 13:00:00,Central City
CE-PR-02,Provider,2026-02-28 08:00:00,2026-02-28 13:00:00,Central City
CE-SU-01,Support,2026-02-28 08:00:00,2026-02-28 13:00:00,Central City
CE-SU-02,Support,2026-02-28 08:00:00,2026-02-28 13:00:00,Central City
CE-SU-03,Support,2026-02-28 08:00:00,2026-02-28 13:00:00,Central City
CE-SU-04,Support,2026-02-28 08:00:00,2026-02-28 13:00:00,Central City
CE-SU-05,Support,2026-02-28 08:00:00,2026-02-28 13:00:00,Central City
CE-PR-03,Provider,2026-02-28 09:00:00,2026-02-28 13:00:00,Central City
CE-PR-01,Provider,2026-03-02 08:00:00,2026-03-02 17:00:00,Central City
CE-PR-02,Provider,2026-03-02 08:00:00,2026-03-02 17:00:00,Central City
CE-SU-01,Support,2026-03-02 08:00:00,2026-03-02 17:00:00,Central City
CE-SU-02,Support,2026-03-02 08:00:00,2026-03-02 17:00:00,Central City
CE-SU-03,Support,2026-03-02 08:00:00,2026-03-02 17:00:00,Central City
CE-SU-04,Support,2026-03-02 08:00:00,2026-03-02 17:00:00,Central City
CE-SU-05,Support,2026-03-02 08:00:00,2026-03-02 17:00:00,Central City
CE-PR-03,Provider,2026-03-02 09:00:00,2026-03-02 17:00:00,Central City
CE-PR-01,Provider,2026-03-03 08:00:00,2026-03-03 17:00:00,Central City
CE-PR-02,Provider,2026-03-03 08:00:00,2026-03-03 17:00:00,Central City
CE-SU-01,Support,2026-03-03 08:00:00,2026-03-03 17:00:00,Central City
CE-SU-02,Support,2026-03-03 08:00:00,2026-03-03 17:00:00,Central City
CE-SU-03,Support,2026-03-03 08:00:00,2026-03-03 17:00:00,Central City
CE-SU-04,Support,2026-03-03 08:00:00,2026-03-03 17:00:00,Central City
CE-SU-05,Support,2026-03-03 08:00:00,2026-03-03 17:00:00,Central City
CE-PR-03,Provider,2026-03-03 09:00:00,2026-03-03 17:00:00,Central City
CE-PR-01,Provider,2026-03-04 08:00:00,2026-03-04 17:00:00,Central City
CE-PR-02,Provider,2026-03-04 08:00:00,2026-03-04 17:00:00,Central City
CE-SU-01,Support,2026-03-04 08:00:00,2026-03-04 17:00:00,Central City
CE-SU-02,Support,2026-03-04 08:00:00,2026-03-04 17:00:00,Central City
CE-SU-03,Support,2026-03-04 08:00:00,2026-03-04 17:00:00,Central City
CE-SU-04,Support,2026-03-04 08:00:00,2026-03-04 17:00:00,Central City
CE-SU-05,Support,2026-03-04 08:00:00,2026-03-04 17:00:00,Central City
CE-PR-03,Provider,2026-03-04 09:00:00,2026-03-04 17:00:00,Central City
CE-PR-01,Provider,2026-03-05 08:00:00,2026-03-05 17:00:00,Central City
CE-PR-02,Provider,2026-03-05 08:00:00,2026-03-05 17:00:00,Central City
CE-SU-01,Support,2026-03-05 08:00:00,2026-03-05 17:00:00,Central City
CE-SU-02,Support,2026-03-05 08:00:00,2026-03-05 17:00:00,Central City
CE-SU-03,Support,2026-03-05 08:00:00,2026-03-05 17:00:00,Central City
CE-SU-04,Support,2026-03-05 08:00:00,2026-03-05 17:00:00,Central City
CE-SU-05,Support,2026-03-05 08:00:00,2026-03-05 17:00:00,Central City
CE-PR-03,Provider,2026-03-05 09:00:00,2026-03-05 17:00:00,Central City
CE-PR-01,Provider,2026-03-06 08:00:00,2026-03-06 17:00:00,Central City
CE-PR-02,Provider,2026-03-06 08:00:00,2026-03-06 17:00:00,Central City
CE-SU-01,Support,2026-03-06 08:00:00,2026-03-06 17:00:00,Central City
CE-SU-02,Support,2026-03-06 08:00:00,2026-03-06 17:00:00,Central City
CE-SU-03,Support,2026-03-06 08:00:00,2026-03-06 17:00:00,Central City
CE-SU-04,Support,2026-03-06 08:00:00,2026-03-06 17:00:00,Central City
CE-SU-05,Support,2026-03-06 08:00:00,2026-03-06 17:00:00,Central City
CE-PR-03,Provider,2026-03-06 09:00:00,2026-03-06 17:00:00,Central City
CE-PR-01,Provider,2026-03-07 08:00:00,2026-03-07 13:00:00,Central City
CE-PR-02,Provider,2026-03-07 08:00:00,2026-03-07 13:00:00,Central City
CE-SU-01,Support,2026-03-07 08:00:00,2026-03-07 13:00:00,Central City
CE-SU-02,Support,2026-03-07 08:00:00,2026-03-07 13:00:00,Central City
CE-SU-03,Support,2026-03-07 08:00:00,2026-03-07 13:00:00,Central City
CE-SU-04,Support,2026-03-07 08:00:00,2026-03-07 13:00:00,Central City
CE-SU-05,Support,2026-03-07 08:00:00,2026-03-07 13:00:00,Central City
CE-PR-03,Provider,2026-03-07 09:00:00,2026-03-07 13:00:00,Central City
CE-PR-01,Provider,2026-03-09 08:00:00,2026-03-09 17:00:00,Central City
CE-PR-02,Provider,2026-03-09 08:00:00,2026-03-09 17:00:00,Central City
CE-SU-01,Support,2026-03-09 08:00:00,2026-03-09 17:00:00,Central City
CE-SU-02,Support,2026-03-09 08:00:00,2026-03-09 17:00:00,Central City
CE-SU-03,Support,2026-03-09 08:00:00,2026-03-09 17:00:00,Central City
CE-SU-04,Support,2026-03-09 08:00:00,2026-03-09 17:00:00,Central City
CE-SU-05,Support,2026-03-09 08:00:00,2026-03-09 17:00:00,Central City
CE-PR-03,Provider,2026-03-09 09:00:00,2026-03-09 17:00:00,Central City
CE-PR-01,Provider,2026-03-10 08:00:00,2026-03-10 17:00:00,Central City
CE-PR-02,Provider,2026-03-10 08:00:00,2026-03-10 17:00:00,Central City
CE-SU-01,Support,2026-03-10 08:00:00,2026-03-10 17:00:00,Central City
CE-SU-02,Support,2026-03-10 08:00:00,2026-03-10 17:00:00,Central City
CE-SU-03,Support,2026-03-10 08:00:00,2026-03-10 17:00:00,Central City
CE-SU-04,Support,2026-03-10 08:00:00,2026-03-10 17:00:00,Central City
CE-SU-05,Support,2026-03-10 08:00:00,2026-03-10 17:00:00,Central City
CE-PR-03,Provider,2026-03-10 09:00:00,2026-03-10 17:00:00,Central City
CE-PR-01,Provider,2026-03-11 08:00:00,2026-03-11 17:00:00,Central City
CE-PR-02,Provider,2026-03-11 08:00:00,2026-03-11 17:00:00,Central City
CE-SU-01,Support,2026-03-11 08:00:00,2026-03-11 17:00:00,Central City
CE-SU-02,Support,2026-03-11 08:00:00,2026-03-11 17:00:00,Central City
CE-SU-03,Support,2026-03-11 08:00:00,2026-03-11 17:00:00,Central City
CE-SU-04,Support,2026-03-11 08:00:00,2026-03-11 17:00:00,Central City
CE-SU-05,Support,2026-03-11 08:00:00,2026-03-11 17:00:00,Central City
CE-PR-03,Provider,2026-03-11 09:00:00,2026-03-11 17:00:00,Central City
CE-PR-01,Provider,2026-03-12 08:00:00,2026-03-12 17:00:00,Central City
CE-PR-02,Provider,2026-03-12 08:00:00,2026-03-12 17:00:00,Central City
CE-SU-01,Support,2026-03-12 08:00:00,2026-03-12 17:00:00,Central City
CE-SU-02,Support,2026-03-12 08:00:00,2026-03-12 17:00:00,Central City
CE-SU-03,Support,2026-03-12 08:00:00,2026-03-12 17:00:00,Central City
CE-SU-04,Support,2026-03-12 08:00:00,2026-03-12 17:00:00,Central City
CE-SU-05,Support,2026-03-12 08:00:00,2026-03-12 17:00:00,Central City
CE-PR-03,Provider,2026-03-12 09:00:00,2026-03-12 17:00:00,Central City
CE-PR-01,Provider,2026-03-13 08:00:00,2026-03-13 17:00:00,Central City
CE-PR-02,Provider,2026-03-13 08:00:00,2026-03-13 17:00:00,Central City
CE-SU-01,Support,2026-03-13 08:00:00,2026-03-13 17:00:00,Central City
CE-SU-02,Support,2026-03-13 08:00:00,2026-03-13 17:00:00,Central City
CE-SU-03,Support,2026-03-13 08:00:00,2026-03-13 17:00:00,Central City
CE-SU-04,Support,2026-03-13 08:00:00,2026-03-13 17:00:00,Central City
CE-SU-05,Support,2026-03-13 08:00:00,2026-03-13 17:00:00,Central City
CE-PR-03,Provider,2026-03-13 09:00:00,2026-03-13 17:00:00,Central City
CE-PR-01,Provider,2026-03-14 08:00:00,2026-03-14 13:00:00,Central City
CE-PR-02,Provider,2026-03-14 08:00:00,2026-03-14 13:00:00,Central City
CE-SU-01,Support,2026-03-14 08:00:00,2026-03-14 13:00:00,Central City
CE-SU-02,Support,2026-03-14 08:00:00,2026-03-14 13:00:00,Central City
CE-SU-03,Support,2026-03-14 08:00:00,2026-03-14 13:00:00,Central City
CE-SU-04,Support,2026-03-14 08:00:00,2026-03-14 13:00:00,Central City
CE-SU-05,Support,2026-03-14 08:00:00,2026-03-14 13:00:00,Central City
CE-PR-03,Provider,2026-03-14 09:00:00,2026-03-14 13:00:00,Central City
CE-PR-01,Provider,2026-03-16 08:00:00,2026-03-16 17:00:00,Central City
CE-PR-02,Provider,2026-03-16 08:00:00,2026-03-16 17:00:00,Central City
CE-SU-01,Support,2026-03-16 08:00:00,2026-03-16 17:00:00,Central City
CE-SU-02,Support,2026-03-16 08:00:00,2026-03-16 17:00:00,Central City
CE-SU-03,Support,2026-03-16 08:00:00,2026-03-16 17:00:00,Central City
CE-SU-04,Support,2026-03-16 08:00:00,2026-03-16 17:00:00,Central City
CE-SU-05,Support,2026-03-16 08:00:00,2026-03-16 17:00:00,Central City
CE-PR-03,Provider,2026-03-16 09:00:00,2026-03-16 17:00:00,Central City
CE-PR-01,Provider,2026-03-17 08:00:00,2026-03-17 17:00:00,Central City
CE-PR-02,Provider,2026-03-17 08:00:00,2026-03-17 17:00:00,Central City
CE-SU-01,Support,2026-03-17 08:00:00,2026-03-17 17:00:00,Central City
CE-SU-02,Support,2026-03-17 08:00:00,2026-03-17 17:00:00,Central City
CE-SU-03,Support,2026-03-17 08:00:00,2026-03-17 17:00:00,Central City
CE-SU-04,Support,2026-03-17 08:00:00,2026-03-17 17:00:00,Central City
CE-SU-05,Support,2026-03-17 08:00:00,2026-03-17 17:00:00,Central City
CE-PR-03,Provider,2026-03-17 09:00:00,2026-03-17 17:00:00,Central City
CE-PR-01,Provider,2026-03-18 08:00:00,2026-03-18 17:00:00,Central City
CE-PR-02,Provider,2026-03-18 08:00:00,2026-03-18 17:00:00,Central City
CE-SU-01,Support,2026-03-18 08:00:00,2026-03-18 17:00:00,Central City
CE-SU-02,Support,2026-03-18 08:00:00,2026-03-18 17:00:00,Central City
CE-SU-03,Support,2026-03-18 08:00:00,2026-03-18 17:00:00,Central City
CE-SU-04,Support,2026-03-18 08:00:00,2026-03-18 17:00:00,Central City
CE-SU-05,Support,2026-03-18 08:00:00,2026-03-18 17:00:00,Central City
CE-PR-03,Provider,2026-03-18 09:00:00,2026-03-18 17:00:00,Central City
CE-PR-01,Provider,2026-03-19 08:00:00,2026-03-19 17:00:00,Central City
CE-PR-02,Provider,2026-03-19 08:00:00,2026-03-19 17:00:00,Central City
CE-SU-01,Support,2026-03-19 08:00:00,2026-03-19 17:00:00,Central City
CE-SU-02,Support,2026-03-19 08:00:00,2026-03-19 17:00:00,Central City
CE-SU-03,Support,2026-03-19 08:00:00,2026-03-19 17:00:00,Central City
CE-SU-04,Support,2026-03-19 08:00:00,2026-03-19 17:00:00,Central City
CE-SU-05,Support,2026-03-19 08:00:00,2026-03-19 17:00:00,Central City
CE-PR-03,Provider,2026-03-19 09:00:00,2026-03-19 17:00:00,Central City
CE-PR-01,Provider,2026-03-20 08:00:00,2026-03-20 17:00:00,Central City
CE-PR-02,Provider,2026-03-20 08:00:00,2026-03-20 17:00:00,Central City
CE-SU-01,Support,2026-03-20 08:00:00,2026-03-20 17:00:00,Central City
CE-SU-02,Support,2026-03-20 08:00:00,2026-03-20 17:00:00,Central City
CE-SU-03,Support,2026-03-20 08:00:00,2026-03-20 17:00:00,Central City
CE-SU-04,Support,2026-03-20 08:00:00,2026-03-20 17:00:00,Central City
CE-SU-05,Support,2026-03-20 08:00:00,2026-03-20 17:00:00,Central City
CE-PR-03,Provider,2026-03-20 09:00:00,2026-03-20 17:00:00,Central City
CE-PR-01,Provider,2026-03-21 08:00:00,2026-03-21 13:00:00,Central City
CE-PR-02,Provider,2026-03-21 08:00:00,2026-03-21 13:00:00,Central City
CE-SU-01,Support,2026-03-21 08:00:00,2026-03-21 13:00:00,Central City
CE-SU-02,Support,2026-03-21 08:00:00,2026-03-21 13:00:00,Central City
CE-SU-03,Support,2026-03-21 08:00:00,2026-03-21 13:00:00,Central City
CE-SU-04,Support,2026-03-21 08:00:00,2026-03-21 13:00:00,Central City
CE-SU-05,Support,2026-03-21 08:00:00,2026-03-21 13:00:00,Central City
CE-PR-03,Provider,2026-03-21 09:00:00,2026-03-21 13:00:00,Central City
CE-PR-01,Provider,2026-03-23 08:00:00,2026-03-23 17:00:00,Central City
CE-PR-02,Provider,2026-03-23 08:00:00,2026-03-23 17:00:00,Central City
CE-SU-01,Support,2026-03-23 08:00:00,2026-03-23 17:00:00,Central City
CE-SU-02,Support,2026-03-23 08:00:00,2026-03-23 17:00:00,Central City
CE-SU-03,Support,2026-03-23 08:00:00,2026-03-23 17:00:00,Central City
CE-SU-04,Support,2026-03-23 08:00:00,2026-03-23 17:00:00,Central City
CE-SU-05,Support,2026-03-23 08:00:00,2026-03-23 17:00:00,Central City
CE-PR-03,Provider,2026-03-23 09:00:00,2026-03-23 17:00:00,Central City
CE-PR-01,Provider,2026-03-24 08:00:00,2026-03-24 17:00:00,Central City
CE-PR-02,Provider,2026-03-24 08:00:00,2026-03-24 17:00:00,Central City
CE-SU-01,Support,2026-03-24 08:00:00,2026-03-24 17:00:00,Central City
CE-SU-02,Support,2026-03-24 08:00:00,2026-03-24 17:00:00,Central City
CE-SU-03,Support,2026-03-24 08:00:00,2026-03-24 17:00:00,Central City
CE-SU-04,Support,2026-03-24 08:00:00,2026-03-24 17:00:00,Central City
CE-SU-05,Support,2026-03-24 08:00:00,2026-03-24 17:00:00,Central City
CE-PR-03,Provider,2026-03-24 09:00:00,2026-03-24 17:00:00,Central City
CE-PR-01,Provider,2026-03-25 08:00:00,2026-03-25 17:00:00,Central City
CE-PR-02,Provider,2026-03-25 08:00:00,2026-03-25 17:00:00,Central City
CE-SU-01,Support,2026-03-25 08:00:00,2026-03-25 17:00:00,Central City
CE-SU-02,Support,2026-03-25 08:00:00,2026-03-25 17:00:00,Central City
CE-SU-03,Support,2026-03-25 08:00:00,2026-03-25 17:00:00,Central City
CE-SU-04,Support,2026-03-25 08:00:00,2026-03-25 17:00:00,Central City
CE-SU-05,Support,2026-03-25 08:00:00,2026-03-25 17:00:00,Central City
CE-PR-03,Provider,2026-03-25 09:00:00,2026-03-25 17:00:00,Central City
CE-PR-01,Provider,2026-03-26 08:00:00,2026-03-26 17:00:00,Central City
CE-PR-02,Provider,2026-03-26 08:00:00,2026-03-26 17:00:00,Central City
CE-SU-01,Support,2026-03-26 08:00:00,2026-03-26 17:00:00,Central City
CE-SU-02,Support,2026-03-26 08:00:00,2026-03-26 17:00:00,Central City
CE-SU-03,Support,2026-03-26 08:00:00,2026-03-26 17:00:00,Central City
CE-SU-04,Support,2026-03-26 08:00:00,2026-03-26 17:00:00,Central City
CE-SU-05,Support,2026-03-26 08:00:00,2026-03-26 17:00:00,Central City
CE-PR-03,Provider,2026-03-26 09:00:00,2026-03-26 17:00:00,Central City
CE-PR-01,Provider,2026-03-27 08:00:00,2026-03-27 17:00:00,Central City
CE-PR-02,Provider,2026-03-27 08:00:00,2026-03-27 17:00:00,Central City
CE-SU-01,Support,2026-03-27 08:00:00,2026-03-27 17:00:00,Central City
CE-SU-02,Support,2026-03-27 08:00:00,2026-03-27 17:00:00,Central City
CE-SU-03,Support,2026-03-27 08:00:00,2026-03-27 17:00:00,Central City
CE-SU-04,Support,2026-03-27 08:00:00,2026-03-27 17:00:00,Central City
CE-SU-05,Support,2026-03-27 08:00:00,2026-03-27 17:00:00,Central City
CE-PR-03,Provider,2026-03-27 09:00:00,2026-03-27 17:00:00,Central City
CE-PR-01,Provider,2026-03-28 08:00:00,2026-03-28 13:00:00,Central City
CE-PR-02,Provider,2026-03-28 08:00:00,2026-03-28 13:00:00,Central City
CE-SU-01,Support,2026-03-28 08:00:00,2026-03-28 13:00:00,Central City
CE-SU-02,Support,2026-03-28 08:00:00,2026-03-28 13:00:00,Central City
CE-SU-03,Support,2026-03-28 08:00:00,2026-03-28 13:00:00,Central City
CE-SU-04,Support,2026-03-28 08:00:00,2026-03-28 13:00:00,Central City
CE-SU-05,Support,2026-03-28 08:00:00,2026-03-28 13:00:00,Central City
CE-PR-03,Provider,2026-03-28 09:00:00,2026-03-28 13:00:00,Central City
CE-PR-01,Provider,2026-03-30 08:00:00,2026-03-30 17:00:00,Central City
CE-PR-02,Provider,2026-03-30 08:00:00,2026-03-30 17:00:00,Central City
CE-SU-01,Support,2026-03-30 08:00:00,2026-03-30 17:00:00,Central City
CE-SU-02,Support,2026-03-30 08:00:00,2026-03-30 17:00:00,Central City
CE-SU-03,Support,2026-03-30 08:00:00,2026-03-30 17:00:00,Central City
CE-SU-04,Support,2026-03-30 08:00:00,2026-03-30 17:00:00,Central City
CE-SU-05,Support,2026-03-30 08:00:00,2026-03-30 17:00:00,Central City
CE-PR-03,Provider,2026-03-30 09:00:00,2026-03-30 17:00:00,Central City
CE-PR-01,Provider,2026-03-31 08:00:00,2026-03-31 17:00:00,Central City
CE-PR-02,Provider,2026-03-31 08:00:00,2026-03-31 17:00:00,Central City
CE-SU-01,Support,2026-03-31 08:00:00,2026-03-31 17:00:00,Central City
CE-SU-02,Support,2026-03-31 08:00:00,2026-03-31 17:00:00,Central City
CE-SU-03,Support,2026-03-31 08:00:00,2026-03-31 17:00:00,Central City
CE-SU-04,Support,2026-03-31 08:00:00,2026-03-31 17:00:00,Central City
CE-SU-05,Support,2026-03-31 08:00:00,2026-03-31 17:00:00,Central City
CE-PR-03,Provider,2026-03-31 09:00:00,2026-03-31 17:00:00,Central City
CE-PR-01,Provider,2026-04-01 08:00:00,2026-04-01 17:00:00,Central City
CE-PR-02,Provider,2026-04-01 08:00:00,2026-04-01 17:00:00,Central City
CE-SU-01,Support,2026-04-01 08:00:00,2026-04-01 17:00:00,Central City
CE-SU-02,Support,2026-04-01 08:00:00,2026-04-01 17:00:00,Central City
CE-SU-03,Support,2026-04-01 08:00:00,2026-04-01 17:00:00,Central City
CE-SU-04,Support,2026-04-01 08:00:00,2026-04-01 17:00:00,Central City
CE-SU-05,Support,2026-04-01 08:00:00,2026-04-01 17:00:00,Central City
CE-PR-03,Provider,2026-04-01 09:00:00,2026-04-01 17:00:00,Central City
CE-PR-01,Provider,2026-04-02 08:00:00,2026-04-02 17:00:00,Central City
CE-PR-02,Provider,2026-04-02 08:00:00,2026-04-02 17:00:00,Central City
CE-SU-01,Support,2026-04-02 08:00:00,2026-04-02 17:00:00,Central City
CE-SU-02,Support,2026-04-02 08:00:00,2026-04-02 17:00:00,Central City
CE-SU-03,Support,2026-04-02 08:00:00,2026-04-02 17:00:00,Central City
CE-SU-04,Support,2026-04-02 08:00:00,2026-04-02 17:00:00,Central City
CE-SU-05,Support,2026-04-02 08:00:00,2026-04-02 17:00:00,Central City
CE-PR-03,Provider,2026-04-02 09:00:00,2026-04-02 17:00:00,Central City
CE-PR-01,Provider,2026-04-03 08:00:00,2026-04-03 17:00:00,Central City
CE-PR-02,Provider,2026-04-03 08:00:00,2026-04-03 17:00:00,Central City
CE-SU-01,Support,2026-04-03 08:00:00,2026-04-03 17:00:00,Central City
CE-SU-02,Support,2026-04-03 08:00:00,2026-04-03 17:00:00,Central City
CE-SU-03,Support,2026-04-03 08:00:00,2026-04-03 17:00:00,Central City
CE-SU-04,Support,2026-04-03 08:00:00,2026-04-03 17:00:00,Central City
CE-SU-05,Support,2026-04-03 08:00:00,2026-04-03 17:00:00,Central City
CE-PR-03,Provider,2026-04-03 09:00:00,2026-04-03 17:00:00,Central City
CE-PR-01,Provider,2026-04-04 08:00:00,2026-04-04 13:00:00,Central City
CE-PR-02,Provider,2026-04-04 08:00:00,2026-04-04 13:00:00,Central City
CE-SU-01,Support,2026-04-04 08:00:00,2026-04-04 13:00:00,Central City
CE-SU-02,Support,2026-04-04 08:00:00,2026-04-04 13:00:00,Central City
CE-SU-03,Support,2026-04-04 08:00:00,2026-04-04 13:00:00,Central City
CE-SU-04,Support,2026-04-04 08:00:00,2026-04-04 13:00:00,Central City
CE-SU-05,Support,2026-04-04 08:00:00,2026-04-04 13:00:00,Central City
CE-PR-03,Provider,2026-04-04 09:00:00,2026-04-04 13:00:00,Central City
CE-PR-01,Provider,2026-04-06 08:00:00,2026-04-06 17:00:00,Central City
CE-PR-02,Provider,2026-04-06 08:00:00,2026-04-06 17:00:00,Central City
CE-SU-01,Support,2026-04-06 08:00:00,2026-04-06 17:00:00,Central City
CE-SU-02,Support,2026-04-06 08:00:00,2026-04-06 17:00:00,Central City
CE-SU-03,Support,2026-04-06 08:00:00,2026-04-06 17:00:00,Central City
CE-SU-04,Support,2026-04-06 08:00:00,2026-04-06 17:00:00,Central City
CE-SU-05,Support,2026-04-06 08:00:00,2026-04-06 17:00:00,Central City
CE-PR-03,Provider,2026-04-06 09:00:00,2026-04-06 17:00:00,Central City
CE-PR-01,Provider,2026-04-07 08:00:00,2026-04-07 17:00:00,Central City
CE-PR-02,Provider,2026-04-07 08:00:00,2026-04-07 17:00:00,Central City
CE-SU-01,Support,2026-04-07 08:00:00,2026-04-07 17:00:00,Central City
CE-SU-02,Support,2026-04-07 08:00:00,2026-04-07 17:00:00,Central City
CE-SU-03,Support,2026-04-07 08:00:00,2026-04-07 17:00:00,Central City
CE-SU-04,Support,2026-04-07 08:00:00,2026-04-07 17:00:00,Central City
CE-SU-05,Support,2026-04-07 08:00:00,2026-04-07 17:00:00,Central City
CE-PR-03,Provider,2026-04-07 09:00:00,2026-04-07 17:00:00,Central City
CE-PR-01,Provider,2026-04-08 08:00:00,2026-04-08 17:00:00,Central City
CE-PR-02,Provider,2026-04-08 08:00:00,2026-04-08 17:00:00,Central City
CE-SU-01,Support,2026-04-08 08:00:00,2026-04-08 17:00:00,Central City
CE-SU-02,Support,2026-04-08 08:00:00,2026-04-08 17:00:00,Central City
CE-SU-03,Support,2026-04-08 08:00:00,2026-04-08 17:00:00,Central City
CE-SU-04,Support,2026-04-08 08:00:00,2026-04-08 17:00:00,Central City
CE-SU-05,Support,2026-04-08 08:00:00,2026-04-08 17:00:00,Central City
CE-PR-03,Provider,2026-04-08 09:00:00,2026-04-08 17:00:00,Central City
CE-PR-01,Provider,2026-04-09 08:00:00,2026-04-09 17:00:00,Central City
CE-PR-02,Provider,2026-04-09 08:00:00,2026-04-09 17:00:00,Central City
CE-SU-01,Support,2026-04-09 08:00:00,2026-04-09 17:00:00,Central City
CE-SU-02,Support,2026-04-09 08:00:00,2026-04-09 17:00:00,Central City
CE-SU-03,Support,2026-04-09 08:00:00,2026-04-09 17:00:00,Central City
CE-SU-04,Support,2026-04-09 08:00:00,2026-04-09 17:00:00,Central City
CE-SU-05,Support,2026-04-09 08:00:00,2026-04-09 17:00:00,Central City
CE-PR-03,Provider,2026-04-09 09:00:00,2026-04-09 17:00:00,Central City
CE-PR-01,Provider,2026-04-10 08:00:00,2026-04-10 17:00:00,Central City
CE-PR-02,Provider,2026-04-10 08:00:00,2026-04-10 17:00:00,Central City
CE-SU-01,Support,2026-04-10 08:00:00,2026-04-10 17:00:00,Central City
CE-SU-02,Support,2026-04-10 08:00:00,2026-04-10 17:00:00,Central City
CE-SU-03,Support,2026-04-10 08:00:00,2026-04-10 17:00:00,Central City
CE-SU-04,Support,2026-04-10 08:00:00,2026-04-10 17:00:00,Central City
CE-SU-05,Support,2026-04-10 08:00:00,2026-04-10 17:00:00,Central City
CE-PR-03,Provider,2026-04-10 09:00:00,2026-04-10 17:00:00,Central City
CE-PR-01,Provider,2026-04-11 08:00:00,2026-04-11 13:00:00,Central City
CE-PR-02,Provider,2026-04-11 08:00:00,2026-04-11 13:00:00,Central City
CE-SU-01,Support,2026-04-11 08:00:00,2026-04-11 13:00:00,Central City
CE-SU-02,Support,2026-04-11 08:00:00,2026-04-11 13:00:00,Central City
CE-SU-03,Support,2026-04-11 08:00:00,2026-04-11 13:00:00,Central City
CE-SU-04,Support,2026-04-11 08:00:00,2026-04-11 13:00:00,Central City
CE-SU-05,Support,2026-04-11 08:00:00,2026-04-11 13:00:00,Central City
CE-PR-03,Provider,2026-04-11 09:00:00,2026-04-11 13:00:00,Central City
CE-PR-01,Provider,2026-04-13 08:00:00,2026-04-13 17:00:00,Central City
CE-PR-02,Provider,2026-04-13 08:00:00,2026-04-13 17:00:00,Central City
CE-SU-01,Support,2026-04-13 08:00:00,2026-04-13 17:00:00,Central City
CE-SU-02,Support,2026-04-13 08:00:00,2026-04-13 17:00:00,Central City
CE-SU-03,Support,2026-04-13 08:00:00,2026-04-13 17:00:00,Central City
CE-SU-04,Support,2026-04-13 08:00:00,2026-04-13 17:00:00,Central City
CE-SU-05,Support,2026-04-13 08:00:00,2026-04-13 17:00:00,Central City
CE-PR-03,Provider,2026-04-13 09:00:00,2026-04-13 17:00:00,Central City
CE-PR-01,Provider,2026-04-14 08:00:00,2026-04-14 17:00:00,Central City
CE-PR-02,Provider,2026-04-14 08:00:00,2026-04-14 17:00:00,Central City
CE-SU-01,Support,2026-04-14 08:00:00,2026-04-14 17:00:00,Central City
CE-SU-02,Support,2026-04-14 08:00:00,2026-04-14 17:00:00,Central City
CE-SU-03,Support,2026-04-14 08:00:00,2026-04-14 17:00:00,Central City
CE-SU-04,Support,2026-04-14 08:00:00,2026-04-14 17:00:00,Central City
CE-SU-05,Support,2026-04-14 08:00:00,2026-04-14 17:00:00,Central City
CE-PR-03,Provider,2026-04-14 09:00:00,2026-04-14 17:00:00,Central City
CE-PR-01,Provider,2026-04-15 08:00:00,2026-04-15 17:00:00,Central City
CE-PR-02,Provider,2026-04-15 08:00:00,2026-04-15 17:00:00,Central City
CE-SU-01,Support,2026-04-15 08:00:00,2026-04-15 17:00:00,Central City
CE-SU-02,Support,2026-04-15 08:00:00,2026-04-15 17:00:00,Central City
CE-SU-03,Support,2026-04-15 08:00:00,2026-04-15 17:00:00,Central City
CE-SU-04,Support,2026-04-15 08:00:00,2026-04-15 17:00:00,Central City
CE-SU-05,Support,2026-04-15 08:00:00,2026-04-15 17:00:00,Central City
CE-PR-03,Provider,2026-04-15 09:00:00,2026-04-15 17:00:00,Central City
CE-PR-01,Provider,2026-04-16 08:00:00,2026-04-16 17:00:00,Central City
CE-PR-02,Provider,2026-04-16 08:00:00,2026-04-16 17:00:00,Central City
CE-SU-01,Support,2026-04-16 08:00:00,2026-04-16 17:00:00,Central City
CE-SU-02,Support,2026-04-16 08:00:00,2026-04-16 17:00:00,Central City
CE-SU-03,Support,2026-04-16 08:00:00,2026-04-16 17:00:00,Central City
CE-SU-04,Support,2026-04-16 08:00:00,2026-04-16 17:00:00,Central City
CE-SU-05,Support,2026-04-16 08:00:00,2026-04-16 17:00:00,Central City
CE-PR-03,Provider,2026-04-16 09:00:00,2026-04-16 17:00:00,Central City
CE-PR-01,Provider,2026-04-17 08:00:00,2026-04-17 17:00:00,Central City
CE-PR-02,Provider,2026-04-17 08:00:00,2026-04-17 17:00:00,Central City
CE-SU-01,Support,2026-04-17 08:00:00,2026-04-17 17:00:00,Central City
CE-SU-02,Support,2026-04-17 08:00:00,2026-04-17 17:00:00,Central City
CE-SU-03,Support,2026-04-17 08:00:00,2026-04-17 17:00:00,Central City
CE-SU-04,Support,2026-04-17 08:00:00,2026-04-17 17:00:00,Central City
CE-SU-05,Support,2026-04-17 08:00:00,2026-04-17 17:00:00,Central City
CE-PR-03,Provider,2026-04-17 09:00:00,2026-04-17 17:00:00,Central City
CE-PR-01,Provider,2026-04-18 08:00:00,2026-04-18 13:00:00,Central City
CE-PR-02,Provider,2026-04-18 08:00:00,2026-04-18 13:00:00,Central City
CE-SU-01,Support,2026-04-18 08:00:00,2026-04-18 13:00:00,Central City
CE-SU-02,Support,2026-04-18 08:00:00,2026-04-18 13:00:00,Central City
CE-SU-03,Support,2026-04-18 08:00:00,2026-04-18 13:00:00,Central City
CE-SU-04,Support,2026-04-18 08:00:00,2026-04-18 13:00:00,Central City
CE-SU-05,Support,2026-04-18 08:00:00,2026-04-18 13:00:00,Central City
CE-PR-03,Provider,2026-04-18 09:00:00,2026-04-18 13:00:00,Central City
CE-PR-01,Provider,2026-04-20 08:00:00,2026-04-20 17:00:00,Central City
CE-PR-02,Provider,2026-04-20 08:00:00,2026-04-20 17:00:00,Central City
CE-SU-01,Support,2026-04-20 08:00:00,2026-04-20 17:00:00,Central City
CE-SU-02,Support,2026-04-20 08:00:00,2026-04-20 17:00:00,Central City
CE-SU-03,Support,2026-04-20 08:00:00,2026-04-20 17:00:00,Central City
CE-SU-04,Support,2026-04-20 08:00:00,2026-04-20 17:00:00,Central City
CE-SU-05,Support,2026-04-20 08:00:00,2026-04-20 17:00:00,Central City
CE-PR-03,Provider,2026-04-20 09:00:00,2026-04-20 17:00:00,Central City
CE-PR-01,Provider,2026-04-21 08:00:00,2026-04-21 17:00:00,Central City
CE-PR-02,Provider,2026-04-21 08:00:00,2026-04-21 17:00:00,Central City
CE-SU-01,Support,2026-04-21 08:00:00,2026-04-21 17:00:00,Central City
CE-SU-02,Support,2026-04-21 08:00:00,2026-04-21 17:00:00,Central City
CE-SU-03,Support,2026-04-21 08:00:00,2026-04-21 17:00:00,Central City
CE-SU-04,Support,2026-04-21 08:00:00,2026-04-21 17:00:00,Central City
CE-SU-05,Support,2026-04-21 08:00:00,2026-04-21 17:00:00,Central City
CE-PR-03,Provider,2026-04-21 09:00:00,2026-04-21 17:00:00,Central City
CE-PR-01,Provider,2026-04-22 08:00:00,2026-04-22 17:00:00,Central City
CE-PR-02,Provider,2026-04-22 08:00:00,2026-04-22 17:00:00,Central City
CE-SU-01,Support,2026-04-22 08:00:00,2026-04-22 17:00:00,Central City
CE-SU-02,Support,2026-04-22 08:00:00,2026-04-22 17:00:00,Central City
CE-SU-03,Support,2026-04-22 08:00:00,2026-04-22 17:00:00,Central City
CE-SU-04,Support,2026-04-22 08:00:00,2026-04-22 17:00:00,Central City
CE-SU-05,Support,2026-04-22 08:00:00,2026-04-22 17:00:00,Central City
CE-PR-03,Provider,2026-04-22 09:00:00,2026-04-22 17:00:00,Central City
CE-PR-01,Provider,2026-04-23 08:00:00,2026-04-23 17:00:00,Central City
CE-PR-02,Provider,2026-04-23 08:00:00,2026-04-23 17:00:00,Central City
CE-SU-01,Support,2026-04-23 08:00:00,2026-04-23 17:00:00,Central City
CE-SU-02,Support,2026-04-23 08:00:00,2026-04-23 17:00:00,Central City
CE-SU-03,Support,2026-04-23 08:00:00,2026-04-23 17:00:00,Central City
CE-SU-04,Support,2026-04-23 08:00:00,2026-04-23 17:00:00,Central City
CE-SU-05,Support,2026-04-23 08:00:00,2026-04-23 17:00:00,Central City
CE-PR-03,Provider,2026-04-23 09:00:00,2026-04-23 17:00:00,Central City
CE-PR-01,Provider,2026-04-24 08:00:00,2026-04-24 17:00:00,Central City
CE-PR-02,Provider,2026-04-24 08:00:00,2026-04-24 17:00:00,Central City
CE-SU-01,Support,2026-04-24 08:00:00,2026-04-24 17:00:00,Central City
CE-SU-02,Support,2026-04-24 08:00:00,2026-04-24 17:00:00,Central City
CE-SU-03,Support,2026-04-24 08:00:00,2026-04-24 17:00:00,Central City
CE-SU-04,Support,2026-04-24 08:00:00,2026-04-24 17:00:00,Central City
CE-SU-05,Support,2026-04-24 08:00:00,2026-04-24 17:00:00,Central City
CE-PR-03,Provider,2026-04-24 09:00:00,2026-04-24 17:00:00,Central City
CE-PR-01,Provider,2026-04-25 08:00:00,2026-04-25 13:00:00,Central City
CE-PR-02,Provider,2026-04-25 08:00:00,2026-04-25 13:00:00,Central City
CE-SU-01,Support,2026-04-25 08:00:00,2026-04-25 13:00:00,Central City
CE-SU-02,Support,2026-04-25 08:00:00,2026-04-25 13:00:00,Central City
CE-SU-03,Support,2026-04-25 08:00:00,2026-04-25 13:00:00,Central City
CE-SU-04,Support,2026-04-25 08:00:00,2026-04-25 13:00:00,Central City
CE-SU-05,Support,2026-04-25 08:00:00,2026-04-25 13:00:00,Central City
CE-PR-03,Provider,2026-04-25 09:00:00,2026-04-25 13:00:00,Central City
CE-PR-01,Provider,2026-04-27 08:00:00,2026-04-27 17:00:00,Central City
CE-PR-02,Provider,2026-04-27 08:00:00,2026-04-27 17:00:00,Central City
CE-SU-01,Support,2026-04-27 08:00:00,2026-04-27 17:00:00,Central City
CE-SU-02,Support,2026-04-27 08:00:00,2026-04-27 17:00:00,Central City
CE-SU-03,Support,2026-04-27 08:00:00,2026-04-27 17:00:00,Central City
CE-SU-04,Support,2026-04-27 08:00:00,2026-04-27 17:00:00,Central City
CE-SU-05,Support,2026-04-27 08:00:00,2026-04-27 17:00:00,Central City
CE-PR-03,Provider,2026-04-27 09:00:00,2026-04-27 17:00:00,Central City
CE-PR-01,Provider,2026-04-28 08:00:00,2026-04-28 17:00:00,Central City
CE-PR-02,Provider,2026-04-28 08:00:00,2026-04-28 17:00:00,Central City
CE-SU-01,Support,2026-04-28 08:00:00,2026-04-28 17:00:00,Central City
CE-SU-02,Support,2026-04-28 08:00:00,2026-04-28 17:00:00,Central City
CE-SU-03,Support,2026-04-28 08:00:00,2026-04-28 17:00:00,Central City
CE-SU-04,Support,2026-04-28 08:00:00,2026-04-28 17:00:00,Central City
CE-SU-05,Support,2026-04-28 08:00:00,2026-04-28 17:00:00,Central City
CE-PR-03,Provider,2026-04-28 09:00:00,2026-04-28 17:00:00,Central City
CE-PR-01,Provider,2026-04-29 08:00:00,2026-04-29 17:00:00,Central City
CE-PR-02,Provider,2026-04-29 08:00:00,2026-04-29 17:00:00,Central City
CE-SU-01,Support,2026-04-29 08:00:00,2026-04-29 17:00:00,Central City
CE-SU-02,Support,2026-04-29 08:00:00,2026-04-29 17:00:00,Central City
CE-SU-03,Support,2026-04-29 08:00:00,2026-04-29 17:00:00,Central City
CE-SU-04,Support,2026-04-29 08:00:00,2026-04-29 17:00:00,Central City
CE-SU-05,Support,2026-04-29 08:00:00,2026-04-29 17:00:00,Central City
CE-PR-03,Provider,2026-04-29 09:00:00,2026-04-29 17:00:00,Central City
CE-PR-01,Provider,2026-04-30 08:00:00,2026-04-30 17:00:00,Central City
CE-PR-02,Provider,2026-04-30 08:00:00,2026-04-30 17:00:00,Central City
CE-SU-01,Support,2026-04-30 08:00:00,2026-04-30 17:00:00,Central City
CE-SU-02,Support,2026-04-30 08:00:00,2026-04-30 17:00:00,Central City
CE-SU-03,Support,2026-04-30 08:00:00,2026-04-30 17:00:00,Central City
CE-SU-04,Support,2026-04-30 08:00:00,2026-04-30 17:00:00,Central City
CE-SU-05,Support,2026-04-30 08:00:00,2026-04-30 17:00:00,Central City
CE-PR-03,Provider,2026-04-30 09:00:00,2026-04-30 17:00:00,Central City
CE-PR-01,Provider,2026-05-01 08:00:00,2026-05-01 17:00:00,Central City
CE-PR-02,Provider,2026-05-01 08:00:00,2026-05-01 17:00:00,Central City
CE-SU-01,Support,2026-05-01 08:00:00,2026-05-01 17:00:00,Central City
CE-SU-02,Support,2026-05-01 08:00:00,2026-05-01 17:00:00,Central City
CE-SU-03,Support,2026-05-01 08:00:00,2026-05-01 17:00:00,Central City
CE-SU-04,Support,2026-05-01 08:00:00,2026-05-01 17:00:00,Central City
CE-SU-05,Support,2026-05-01 08:00:00,2026-05-01 17:00:00,Central City
CE-PR-03,Provider,2026-05-01 09:00:00,2026-05-01 17:00:00,Central City
CE-PR-01,Provider,2026-05-02 08:00:00,2026-05-02 13:00:00,Central City
CE-PR-02,Provider,2026-05-02 08:00:00,2026-05-02 13:00:00,Central City
CE-SU-01,Support,2026-05-02 08:00:00,2026-05-02 13:00:00,Central City
CE-SU-02,Support,2026-05-02 08:00:00,2026-05-02 13:00:00,Central City
CE-SU-03,Support,2026-05-02 08:00:00,2026-05-02 13:00:00,Central City
CE-SU-04,Support,2026-05-02 08:00:00,2026-05-02 13:00:00,Central City
CE-SU-05,Support,2026-05-02 08:00:00,2026-05-02 13:00:00,Central City
CE-PR-03,Provider,2026-05-02 09:00:00,2026-05-02 13:00:00,Central City
CE-PR-01,Provider,2026-05-04 08:00:00,2026-05-04 17:00:00,Central City
CE-PR-02,Provider,2026-05-04 08:00:00,2026-05-04 17:00:00,Central City
CE-SU-01,Support,2026-05-04 08:00:00,2026-05-04 17:00:00,Central City
CE-SU-02,Support,2026-05-04 08:00:00,2026-05-04 17:00:00,Central City
CE-SU-03,Support,2026-05-04 08:00:00,2026-05-04 17:00:00,Central City
CE-SU-04,Support,2026-05-04 08:00:00,2026-05-04 17:00:00,Central City
CE-SU-05,Support,2026-05-04 08:00:00,2026-05-04 17:00:00,Central City
CE-PR-03,Provider,2026-05-04 09:00:00,2026-05-04 17:00:00,Central City
CE-PR-01,Provider,2026-05-05 08:00:00,2026-05-05 17:00:00,Central City
CE-PR-02,Provider,2026-05-05 08:00:00,2026-05-05 17:00:00,Central City
CE-SU-01,Support,2026-05-05 08:00:00,2026-05-05 17:00:00,Central City
CE-SU-02,Support,2026-05-05 08:00:00,2026-05-05 17:00:00,Central City
CE-SU-03,Support,2026-05-05 08:00:00,2026-05-05 17:00:00,Central City
CE-SU-04,Support,2026-05-05 08:00:00,2026-05-05 17:00:00,Central City
CE-SU-05,Support,2026-05-05 08:00:00,2026-05-05 17:00:00,Central City
CE-PR-03,Provider,2026-05-05 09:00:00,2026-05-05 17:00:00,Central City
CE-PR-01,Provider,2026-05-06 08:00:00,2026-05-06 17:00:00,Central City
CE-PR-02,Provider,2026-05-06 08:00:00,2026-05-06 17:00:00,Central City
CE-SU-01,Support,2026-05-06 08:00:00,2026-05-06 17:00:00,Central City
CE-SU-02,Support,2026-05-06 08:00:00,2026-05-06 17:00:00,Central City
CE-SU-03,Support,2026-05-06 08:00:00,2026-05-06 17:00:00,Central City
CE-SU-04,Support,2026-05-06 08:00:00,2026-05-06 17:00:00,Central City
CE-SU-05,Support,2026-05-06 08:00:00,2026-05-06 17:00:00,Central City
CE-PR-03,Provider,2026-05-06 09:00:00,2026-05-06 17:00:00,Central City
CE-PR-01,Provider,2026-05-07 08:00:00,2026-05-07 17:00:00,Central City
CE-PR-02,Provider,2026-05-07 08:00:00,2026-05-07 17:00:00,Central City
CE-SU-01,Support,2026-05-07 08:00:00,2026-05-07 17:00:00,Central City
CE-SU-02,Support,2026-05-07 08:00:00,2026-05-07 17:00:00,Central City
CE-SU-03,Support,2026-05-07 08:00:00,2026-05-07 17:00:00,Central City
CE-SU-04,Support,2026-05-07 08:00:00,2026-05-07 17:00:00,Central City
CE-SU-05,Support,2026-05-07 08:00:00,2026-05-07 17:00:00,Central City
CE-PR-03,Provider,2026-05-07 09:00:00,2026-05-07 17:00:00,Central City
CE-PR-01,Provider,2026-05-08 08:00:00,2026-05-08 17:00:00,Central City
CE-PR-02,Provider,2026-05-08 08:00:00,2026-05-08 17:00:00,Central City
CE-SU-01,Support,2026-05-08 08:00:00,2026-05-08 17:00:00,Central City
CE-SU-02,Support,2026-05-08 08:00:00,2026-05-08 17:00:00,Central City
CE-SU-03,Support,2026-05-08 08:00:00,2026-05-08 17:00:00,Central City
CE-SU-04,Support,2026-05-08 08:00:00,2026-05-08 17:00:00,Central City
CE-SU-05,Support,2026-05-08 08:00:00,2026-05-08 17:00:00,Central City
CE-PR-03,Provider,2026-05-08 09:00:00,2026-05-08 17:00:00,Central City
CE-PR-01,Provider,2026-05-09 08:00:00,2026-05-09 13:00:00,Central City
CE-PR-02,Provider,2026-05-09 08:00:00,2026-05-09 13:00:00,Central City
CE-SU-01,Support,2026-05-09 08:00:00,2026-05-09 13:00:00,Central City
CE-SU-02,Support,2026-05-09 08:00:00,2026-05-09 13:00:00,Central City
CE-SU-03,Support,2026-05-09 08:00:00,2026-05-09 13:00:00,Central City
CE-SU-04,Support,2026-05-09 08:00:00,2026-05-09 13:00:00,Central City
CE-SU-05,Support,2026-05-09 08:00:00,2026-05-09 13:00:00,Central City
CE-PR-03,Provider,2026-05-09 09:00:00,2026-05-09 13:00:00,Central City
CE-PR-01,Provider,2026-05-11 08:00:00,2026-05-11 17:00:00,Central City
CE-PR-02,Provider,2026-05-11 08:00:00,2026-05-11 17:00:00,Central City
CE-SU-01,Support,2026-05-11 08:00:00,2026-05-11 17:00:00,Central City
CE-SU-02,Support,2026-05-11 08:00:00,2026-05-11 17:00:00,Central City
CE-SU-03,Support,2026-05-11 08:00:00,2026-05-11 17:00:00,Central City
CE-SU-04,Support,2026-05-11 08:00:00,2026-05-11 17:00:00,Central City
CE-SU-05,Support,2026-05-11 08:00:00,2026-05-11 17:00:00,Central City
CE-PR-03,Provider,2026-05-11 09:00:00,2026-05-11 17:00:00,Central City
CE-PR-01,Provider,2026-05-12 08:00:00,2026-05-12 17:00:00,Central City
CE-PR-02,Provider,2026-05-12 08:00:00,2026-05-12 17:00:00,Central City
CE-SU-01,Support,2026-05-12 08:00:00,2026-05-12 17:00:00,Central City
CE-SU-02,Support,2026-05-12 08:00:00,2026-05-12 17:00:00,Central City
CE-SU-03,Support,2026-05-12 08:00:00,2026-05-12 17:00:00,Central City
CE-SU-04,Support,2026-05-12 08:00:00,2026-05-12 17:00:00,Central City
CE-SU-05,Support,2026-05-12 08:00:00,2026-05-12 17:00:00,Central City
CE-PR-03,Provider,2026-05-12 09:00:00,2026-05-12 17:00:00,Central City
CE-PR-01,Provider,2026-05-13 08:00:00,2026-05-13 17:00:00,Central City
CE-PR-02,Provider,2026-05-13 08:00:00,2026-05-13 17:00:00,Central City
CE-SU-01,Support,2026-05-13 08:00:00,2026-05-13 17:00:00,Central City
CE-SU-02,Support,2026-05-13 08:00:00,2026-05-13 17:00:00,Central City
CE-SU-03,Support,2026-05-13 08:00:00,2026-05-13 17:00:00,Central City
CE-SU-04,Support,2026-05-13 08:00:00,2026-05-13 17:00:00,Central City
CE-SU-05,Support,2026-05-13 08:00:00,2026-05-13 17:00:00,Central City
CE-PR-03,Provider,2026-05-13 09:00:00,2026-05-13 17:00:00,Central City
CE-PR-01,Provider,2026-05-14 08:00:00,2026-05-14 17:00:00,Central City
CE-PR-02,Provider,2026-05-14 08:00:00,2026-05-14 17:00:00,Central City
CE-SU-01,Support,2026-05-14 08:00:00,2026-05-14 17:00:00,Central City
CE-SU-02,Support,2026-05-14 08:00:00,2026-05-14 17:00:00,Central City
CE-SU-03,Support,2026-05-14 08:00:00,2026-05-14 17:00:00,Central City
CE-SU-04,Support,2026-05-14 08:00:00,2026-05-14 17:00:00,Central City
CE-SU-05,Support,2026-05-14 08:00:00,2026-05-14 17:00:00,Central City
CE-PR-03,Provider,2026-05-14 09:00:00,2026-05-14 17:00:00,Central City
CE-PR-01,Provider,2026-05-15 08:00:00,2026-05-15 17:00:00,Central City
CE-PR-02,Provider,2026-05-15 08:00:00,2026-05-15 17:00:00,Central City
CE-SU-01,Support,2026-05-15 08:00:00,2026-05-15 17:00:00,Central City
CE-SU-02,Support,2026-05-15 08:00:00,2026-05-15 17:00:00,Central City
CE-SU-03,Support,2026-05-15 08:00:00,2026-05-15 17:00:00,Central City
CE-SU-04,Support,2026-05-15 08:00:00,2026-05-15 17:00:00,Central City
CE-SU-05,Support,2026-05-15 08:00:00,2026-05-15 17:00:00,Central City
CE-PR-03,Provider,2026-05-15 09:00:00,2026-05-15 17:00:00,Central City
CE-PR-01,Provider,2026-05-16 08:00:00,2026-05-16 13:00:00,Central City
CE-PR-02,Provider,2026-05-16 08:00:00,2026-05-16 13:00:00,Central City
CE-SU-01,Support,2026-05-16 08:00:00,2026-05-16 13:00:00,Central City
CE-SU-02,Support,2026-05-16 08:00:00,2026-05-16 13:00:00,Central City
CE-SU-03,Support,2026-05-16 08:00:00,2026-05-16 13:00:00,Central City
CE-SU-04,Support,2026-05-16 08:00:00,2026-05-16 13:00:00,Central City
CE-SU-05,Support,2026-05-16 08:00:00,2026-05-16 13:00:00,Central City
CE-PR-03,Provider,2026-05-16 09:00:00,2026-05-16 13:00:00,Central City
CE-PR-01,Provider,2026-05-18 08:00:00,2026-05-18 17:00:00,Central City
CE-PR-02,Provider,2026-05-18 08:00:00,2026-05-18 17:00:00,Central City
CE-SU-01,Support,2026-05-18 08:00:00,2026-05-18 17:00:00,Central City
CE-SU-02,Support,2026-05-18 08:00:00,2026-05-18 17:00:00,Central City
CE-SU-03,Support,2026-05-18 08:00:00,2026-05-18 17:00:00,Central City
CE-SU-04,Support,2026-05-18 08:00:00,2026-05-18 17:00:00,Central City
CE-SU-05,Support,2026-05-18 08:00:00,2026-05-18 17:00:00,Central City
CE-PR-03,Provider,2026-05-18 09:00:00,2026-05-18 17:00:00,Central City
CE-PR-01,Provider,2026-05-19 08:00:00,2026-05-19 17:00:00,Central City
CE-PR-02,Provider,2026-05-19 08:00:00,2026-05-19 17:00:00,Central City
CE-SU-01,Support,2026-05-19 08:00:00,2026-05-19 17:00:00,Central City
CE-SU-02,Support,2026-05-19 08:00:00,2026-05-19 17:00:00,Central City
CE-SU-03,Support,2026-05-19 08:00:00,2026-05-19 17:00:00,Central City
CE-SU-04,Support,2026-05-19 08:00:00,2026-05-19 17:00:00,Central City
CE-SU-05,Support,2026-05-19 08:00:00,2026-05-19 17:00:00,Central City
CE-PR-03,Provider,2026-05-19 09:00:00,2026-05-19 17:00:00,Central City
CE-PR-01,Provider,2026-05-20 08:00:00,2026-05-20 17:00:00,Central City
CE-PR-02,Provider,2026-05-20 08:00:00,2026-05-20 17:00:00,Central City
CE-SU-01,Support,2026-05-20 08:00:00,2026-05-20 17:00:00,Central City
CE-SU-02,Support,2026-05-20 08:00:00,2026-05-20 17:00:00,Central City
CE-SU-03,Support,2026-05-20 08:00:00,2026-05-20 17:00:00,Central City
CE-SU-04,Support,2026-05-20 08:00:00,2026-05-20 17:00:00,Central City
CE-SU-05,Support,2026-05-20 08:00:00,2026-05-20 17:00:00,Central City
CE-PR-03,Provider,2026-05-20 09:00:00,2026-05-20 17:00:00,Central City
CE-PR-01,Provider,2026-05-21 08:00:00,2026-05-21 17:00:00,Central City
CE-PR-02,Provider,2026-05-21 08:00:00,2026-05-21 17:00:00,Central City
CE-SU-01,Support,2026-05-21 08:00:00,2026-05-21 17:00:00,Central City
CE-SU-02,Support,2026-05-21 08:00:00,2026-05-21 17:00:00,Central City
CE-SU-03,Support,2026-05-21 08:00:00,2026-05-21 17:00:00,Central City
CE-SU-04,Support,2026-05-21 08:00:00,2026-05-21 17:00:00,Central City
CE-SU-05,Support,2026-05-21 08:00:00,2026-05-21 17:00:00,Central City
CE-PR-03,Provider,2026-05-21 09:00:00,2026-05-21 17:00:00,Central City
CE-PR-01,Provider,2026-05-22 08:00:00,2026-05-22 17:00:00,Central City
CE-PR-02,Provider,2026-05-22 08:00:00,2026-05-22 17:00:00,Central City
CE-SU-01,Support,2026-05-22 08:00:00,2026-05-22 17:00:00,Central City
CE-SU-02,Support,2026-05-22 08:00:00,2026-05-22 17:00:00,Central City
CE-SU-03,Support,2026-05-22 08:00:00,2026-05-22 17:00:00,Central City
CE-SU-04,Support,2026-05-22 08:00:00,2026-05-22 17:00:00,Central City
CE-SU-05,Support,2026-05-22 08:00:00,2026-05-22 17:00:00,Central City
CE-PR-03,Provider,2026-05-22 09:00:00,2026-05-22 17:00:00,Central City
CE-PR-01,Provider,2026-05-23 08:00:00,2026-05-23 13:00:00,Central City
CE-PR-02,Provider,2026-05-23 08:00:00,2026-05-23 13:00:00,Central City
CE-SU-01,Support,2026-05-23 08:00:00,2026-05-23 13:00:00,Central City
CE-SU-02,Support,2026-05-23 08:00:00,2026-05-23 13:00:00,Central City
CE-SU-03,Support,2026-05-23 08:00:00,2026-05-23 13:00:00,Central City
CE-SU-04,Support,2026-05-23 08:00:00,2026-05-23 13:00:00,Central City
CE-SU-05,Support,2026-05-23 08:00:00,2026-05-23 13:00:00,Central City
CE-PR-03,Provider,2026-05-23 09:00:00,2026-05-23 13:00:00,Central City
CE-PR-01,Provider,2026-05-25 08:00:00,2026-05-25 17:00:00,Central City
CE-PR-02,Provider,2026-05-25 08:00:00,2026-05-25 17:00:00,Central City
CE-SU-01,Support,2026-05-25 08:00:00,2026-05-25 17:00:00,Central City
CE-SU-02,Support,2026-05-25 08:00:00,2026-05-25 17:00:00,Central City
CE-SU-03,Support,2026-05-25 08:00:00,2026-05-25 17:00:00,Central City
CE-SU-04,Support,2026-05-25 08:00:00,2026-05-25 17:00:00,Central City
CE-SU-05,Support,2026-05-25 08:00:00,2026-05-25 17:00:00,Central City
CE-PR-03,Provider,2026-05-25 09:00:00,2026-05-25 17:00:00,Central City
CE-PR-01,Provider,2026-05-26 08:00:00,2026-05-26 17:00:00,Central City
CE-PR-02,Provider,2026-05-26 08:00:00,2026-05-26 17:00:00,Central City
CE-SU-01,Support,2026-05-26 08:00:00,2026-05-26 17:00:00,Central City
CE-SU-02,Support,2026-05-26 08:00:00,2026-05-26 17:00:00,Central City
CE-SU-03,Support,2026-05-26 08:00:00,2026-05-26 17:00:00,Central City
CE-SU-04,Support,2026-05-26 08:00:00,2026-05-26 17:00:00,Central City
CE-SU-05,Support,2026-05-26 08:00:00,2026-05-26 17:00:00,Central City
CE-PR-03,Provider,2026-05-26 09:00:00,2026-05-26 17:00:00,Central City
CE-PR-01,Provider,2026-05-27 08:00:00,2026-05-27 17:00:00,Central City
CE-PR-02,Provider,2026-05-27 08:00:00,2026-05-27 17:00:00,Central City
CE-SU-01,Support,2026-05-27 08:00:00,2026-05-27 17:00:00,Central City
CE-SU-02,Support,2026-05-27 08:00:00,2026-05-27 17:00:00,Central City
CE-SU-03,Support,2026-05-27 08:00:00,2026-05-27 17:00:00,Central City
CE-SU-04,Support,2026-05-27 08:00:00,2026-05-27 17:00:00,Central City
CE-SU-05,Support,2026-05-27 08:00:00,2026-05-27 17:00:00,Central City
CE-PR-03,Provider,2026-05-27 09:00:00,2026-05-27 17:00:00,Central City
CE-PR-01,Provider,2026-05-28 08:00:00,2026-05-28 17:00:00,Central City
CE-PR-02,Provider,2026-05-28 08:00:00,2026-05-28 17:00:00,Central City
CE-SU-01,Support,2026-05-28 08:00:00,2026-05-28 17:00:00,Central City
CE-SU-02,Support,2026-05-28 08:00:00,2026-05-28 17:00:00,Central City
CE-SU-03,Support,2026-05-28 08:00:00,2026-05-28 17:00:00,Central City
CE-SU-04,Support,2026-05-28 08:00:00,2026-05-28 17:00:00,Central City
CE-SU-05,Support,2026-05-28 08:00:00,2026-05-28 17:00:00,Central City
CE-PR-03,Provider,2026-05-28 09:00:00,2026-05-28 17:00:00,Central City
CE-PR-01,Provider,2026-05-29 08:00:00,2026-05-29 17:00:00,Central City
CE-PR-02,Provider,2026-05-29 08:00:00,2026-05-29 17:00:00,Central City
CE-SU-01,Support,2026-05-29 08:00:00,2026-05-29 17:00:00,Central City
CE-SU-02,Support,2026-05-29 08:00:00,2026-05-29 17:00:00,Central City
CE-SU-03,Support,2026-05-29 08:00:00,2026-05-29 17:00:00,Central City
CE-SU-04,Support,2026-05-29 08:00:00,2026-05-29 17:00:00,Central City
CE-SU-05,Support,2026-05-29 08:00:00,2026-05-29 17:00:00,Central City
CE-PR-03,Provider,2026-05-29 09:00:00,2026-05-29 17:00:00,Central City
CE-PR-01,Provider,2026-05-30 08:00:00,2026-05-30 13:00:00,Central City
CE-PR-02,Provider,2026-05-30 08:00:00,2026-05-30 13:00:00,Central City
CE-SU-01,Support,2026-05-30 08:00:00,2026-05-30 13:00:00,Central City
CE-SU-02,Support,2026-05-30 08:00:00,2026-05-30 13:00:00,Central City
CE-SU-03,Support,2026-05-30 08:00:00,2026-05-30 13:00:00,Central City
CE-SU-04,Support,2026-05-30 08:00:00,2026-05-30 13:00:00,Central City
CE-SU-05,Support,2026-05-30 08:00:00,2026-05-30 13:00:00,Central City
CE-PR-03,Provider,2026-05-30 09:00:00,2026-05-30 13:00:00,Central City
CE-PR-01,Provider,2026-06-01 08:00:00,2026-06-01 17:00:00,Central City
CE-PR-02,Provider,2026-06-01 08:00:00,2026-06-01 17:00:00,Central City
CE-SU-01,Support,2026-06-01 08:00:00,2026-06-01 17:00:00,Central City
CE-SU-02,Support,2026-06-01 08:00:00,2026-06-01 17:00:00,Central City
CE-SU-03,Support,2026-06-01 08:00:00,2026-06-01 17:00:00,Central City
CE-SU-04,Support,2026-06-01 08:00:00,2026-06-01 17:00:00,Central City
CE-SU-05,Support,2026-06-01 08:00:00,2026-06-01 17:00:00,Central City
CE-PR-03,Provider,2026-06-01 09:00:00,2026-06-01 17:00:00,Central City
CE-PR-01,Provider,2026-06-02 08:00:00,2026-06-02 17:00:00,Central City
CE-PR-02,Provider,2026-06-02 08:00:00,2026-06-02 17:00:00,Central City
CE-SU-01,Support,2026-06-02 08:00:00,2026-06-02 17:00:00,Central City
CE-SU-02,Support,2026-06-02 08:00:00,2026-06-02 17:00:00,Central City
CE-SU-03,Support,2026-06-02 08:00:00,2026-06-02 17:00:00,Central City
CE-SU-04,Support,2026-06-02 08:00:00,2026-06-02 17:00:00,Central City
CE-SU-05,Support,2026-06-02 08:00:00,2026-06-02 17:00:00,Central City
CE-PR-03,Provider,2026-06-02 09:00:00,2026-06-02 17:00:00,Central City
CE-PR-01,Provider,2026-06-03 08:00:00,2026-06-03 17:00:00,Central City
CE-PR-02,Provider,2026-06-03 08:00:00,2026-06-03 17:00:00,Central City
CE-SU-01,Support,2026-06-03 08:00:00,2026-06-03 17:00:00,Central City
CE-SU-02,Support,2026-06-03 08:00:00,2026-06-03 17:00:00,Central City
CE-SU-03,Support,2026-06-03 08:00:00,2026-06-03 17:00:00,Central City
CE-SU-04,Support,2026-06-03 08:00:00,2026-06-03 17:00:00,Central City
CE-SU-05,Support,2026-06-03 08:00:00,2026-06-03 17:00:00,Central City
CE-PR-03,Provider,2026-06-03 09:00:00,2026-06-03 17:00:00,Central City
CE-PR-01,Provider,2026-06-04 08:00:00,2026-06-04 17:00:00,Central City
CE-PR-02,Provider,2026-06-04 08:00:00,2026-06-04 17:00:00,Central City
CE-SU-01,Support,2026-06-04 08:00:00,2026-06-04 17:00:00,Central City
CE-SU-02,Support,2026-06-04 08:00:00,2026-06-04 17:00:00,Central City
CE-SU-03,Support,2026-06-04 08:00:00,2026-06-04 17:00:00,Central City
CE-SU-04,Support,2026-06-04 08:00:00,2026-06-04 17:00:00,Central City
CE-SU-05,Support,2026-06-04 08:00:00,2026-06-04 17:00:00,Central City
CE-PR-03,Provider,2026-06-04 09:00:00,2026-06-04 17:00:00,Central City
CE-PR-01,Provider,2026-06-05 08:00:00,2026-06-05 17:00:00,Central City
CE-PR-02,Provider,2026-06-05 08:00:00,2026-06-05 17:00:00,Central City
CE-SU-01,Support,2026-06-05 08:00:00,2026-06-05 17:00:00,Central City
CE-SU-02,Support,2026-06-05 08:00:00,2026-06-05 17:00:00,Central City
CE-SU-03,Support,2026-06-05 08:00:00,2026-06-05 17:00:00,Central City
CE-SU-04,Support,2026-06-05 08:00:00,2026-06-05 17:00:00,Central City
CE-SU-05,Support,2026-06-05 08:00:00,2026-06-05 17:00:00,Central City
CE-PR-03,Provider,2026-06-05 09:00:00,2026-06-05 17:00:00,Central City
CE-PR-01,Provider,2026-06-06 08:00:00,2026-06-06 13:00:00,Central City
CE-PR-02,Provider,2026-06-06 08:00:00,2026-06-06 13:00:00,Central City
CE-SU-01,Support,2026-06-06 08:00:00,2026-06-06 13:00:00,Central City
CE-SU-02,Support,2026-06-06 08:00:00,2026-06-06 13:00:00,Central City
CE-SU-03,Support,2026-06-06 08:00:00,2026-06-06 13:00:00,Central City
CE-SU-04,Support,2026-06-06 08:00:00,2026-06-06 13:00:00,Central City
CE-SU-05,Support,2026-06-06 08:00:00,2026-06-06 13:00:00,Central City
CE-PR-03,Provider,2026-06-06 09:00:00,2026-06-06 13:00:00,Central City
CE-PR-01,Provider,2026-06-08 08:00:00,2026-06-08 17:00:00,Central City
CE-PR-02,Provider,2026-06-08 08:00:00,2026-06-08 17:00:00,Central City
CE-SU-01,Support,2026-06-08 08:00:00,2026-06-08 17:00:00,Central City
CE-SU-02,Support,2026-06-08 08:00:00,2026-06-08 17:00:00,Central City
CE-SU-03,Support,2026-06-08 08:00:00,2026-06-08 17:00:00,Central City
CE-SU-04,Support,2026-06-08 08:00:00,2026-06-08 17:00:00,Central City
CE-SU-05,Support,2026-06-08 08:00:00,2026-06-08 17:00:00,Central City
CE-PR-03,Provider,2026-06-08 09:00:00,2026-06-08 17:00:00,Central City
CE-PR-01,Provider,2026-06-09 08:00:00,2026-06-09 17:00:00,Central City
CE-PR-02,Provider,2026-06-09 08:00:00,2026-06-09 17:00:00,Central City
CE-SU-01,Support,2026-06-09 08:00:00,2026-06-09 17:00:00,Central City
CE-SU-02,Support,2026-06-09 08:00:00,2026-06-09 17:00:00,Central City
CE-SU-03,Support,2026-06-09 08:00:00,2026-06-09 17:00:00,Central City
CE-SU-04,Support,2026-06-09 08:00:00,2026-06-09 17:00:00,Central City
CE-SU-05,Support,2026-06-09 08:00:00,2026-06-09 17:00:00,Central City
CE-PR-03,Provider,2026-06-09 09:00:00,2026-06-09 17:00:00,Central City
CE-PR-01,Provider,2026-06-10 08:00:00,2026-06-10 17:00:00,Central City
CE-PR-02,Provider,2026-06-10 08:00:00,2026-06-10 17:00:00,Central City
CE-SU-01,Support,2026-06-10 08:00:00,2026-06-10 17:00:00,Central City
CE-SU-02,Support,2026-06-10 08:00:00,2026-06-10 17:00:00,Central City
CE-SU-03,Support,2026-06-10 08:00:00,2026-06-10 17:00:00,Central City
CE-SU-04,Support,2026-06-10 08:00:00,2026-06-10 17:00:00,Central City
CE-SU-05,Support,2026-06-10 08:00:00,2026-06-10 17:00:00,Central City
CE-PR-03,Provider,2026-06-10 09:00:00,2026-06-10 17:00:00,Central City
CE-PR-01,Provider,2026-06-11 08:00:00,2026-06-11 17:00:00,Central City
CE-PR-02,Provider,2026-06-11 08:00:00,2026-06-11 17:00:00,Central City
CE-SU-01,Support,2026-06-11 08:00:00,2026-06-11 17:00:00,Central City
CE-SU-02,Support,2026-06-11 08:00:00,2026-06-11 17:00:00,Central City
CE-SU-03,Support,2026-06-11 08:00:00,2026-06-11 17:00:00,Central City
CE-SU-04,Support,2026-06-11 08:00:00,2026-06-11 17:00:00,Central City
CE-SU-05,Support,2026-06-11 08:00:00,2026-06-11 17:00:00,Central City
CE-PR-03,Provider,2026-06-11 09:00:00,2026-06-11 17:00:00,Central City
CE-PR-01,Provider,2026-06-12 08:00:00,2026-06-12 17:00:00,Central City
CE-PR-02,Provider,2026-06-12 08:00:00,2026-06-12 17:00:00,Central City
CE-SU-01,Support,2026-06-12 08:00:00,2026-06-12 17:00:00,Central City
CE-SU-02,Support,2026-06-12 08:00:00,2026-06-12 17:00:00,Central City
CE-SU-03,Support,2026-06-12 08:00:00,2026-06-12 17:00:00,Central City
CE-SU-04,Support,2026-06-12 08:00:00,2026-06-12 17:00:00,Central City
CE-SU-05,Support,2026-06-12 08:00:00,2026-06-12 17:00:00,Central City
CE-PR-03,Provider,2026-06-12 09:00:00,2026-06-12 17:00:00,Central City
CE-PR-01,Provider,2026-06-13 08:00:00,2026-06-13 13:00:00,Central City
CE-PR-02,Provider,2026-06-13 08:00:00,2026-06-13 13:00:00,Central City
CE-SU-01,Support,2026-06-13 08:00:00,2026-06-13 13:00:00,Central City
CE-SU-02,Support,2026-06-13 08:00:00,2026-06-13 13:00:00,Central City
CE-SU-03,Support,2026-06-13 08:00:00,2026-06-13 13:00:00,Central City
CE-SU-04,Support,2026-06-13 08:00:00,2026-06-13 13:00:00,Central City
CE-SU-05,Support,2026-06-13 08:00:00,2026-06-13 13:00:00,Central City
CE-PR-03,Provider,2026-06-13 09:00:00,2026-06-13 13:00:00,Central City
CE-PR-01,Provider,2026-06-15 08:00:00,2026-06-15 17:00:00,Central City
CE-PR-02,Provider,2026-06-15 08:00:00,2026-06-15 17:00:00,Central City
CE-SU-01,Support,2026-06-15 08:00:00,2026-06-15 17:00:00,Central City
CE-SU-02,Support,2026-06-15 08:00:00,2026-06-15 17:00:00,Central City
CE-SU-03,Support,2026-06-15 08:00:00,2026-06-15 17:00:00,Central City
CE-SU-04,Support,2026-06-15 08:00:00,2026-06-15 17:00:00,Central City
CE-SU-05,Support,2026-06-15 08:00:00,2026-06-15 17:00:00,Central City
CE-PR-03,Provider,2026-06-15 09:00:00,2026-06-15 17:00:00,Central City
CE-PR-01,Provider,2026-06-16 08:00:00,2026-06-16 17:00:00,Central City
CE-PR-02,Provider,2026-06-16 08:00:00,2026-06-16 17:00:00,Central City
CE-SU-01,Support,2026-06-16 08:00:00,2026-06-16 17:00:00,Central City
CE-SU-02,Support,2026-06-16 08:00:00,2026-06-16 17:00:00,Central City
CE-SU-03,Support,2026-06-16 08:00:00,2026-06-16 17:00:00,Central City
CE-SU-04,Support,2026-06-16 08:00:00,2026-06-16 17:00:00,Central City
CE-SU-05,Support,2026-06-16 08:00:00,2026-06-16 17:00:00,Central City
CE-PR-03,Provider,2026-06-16 09:00:00,2026-06-16 17:00:00,Central City
CE-PR-01,Provider,2026-06-17 08:00:00,2026-06-17 17:00:00,Central City
CE-PR-02,Provider,2026-06-17 08:00:00,2026-06-17 17:00:00,Central City
CE-SU-01,Support,2026-06-17 08:00:00,2026-06-17 17:00:00,Central City
CE-SU-02,Support,2026-06-17 08:00:00,2026-06-17 17:00:00,Central City
CE-SU-03,Support,2026-06-17 08:00:00,2026-06-17 17:00:00,Central City
CE-SU-04,Support,2026-06-17 08:00:00,2026-06-17 17:00:00,Central City
CE-SU-05,Support,2026-06-17 08:00:00,2026-06-17 17:00:00,Central City
CE-PR-03,Provider,2026-06-17 09:00:00,2026-06-17 17:00:00,Central City
CE-PR-01,Provider,2026-06-18 08:00:00,2026-06-18 17:00:00,Central City
CE-PR-02,Provider,2026-06-18 08:00:00,2026-06-18 17:00:00,Central City
CE-SU-01,Support,2026-06-18 08:00:00,2026-06-18 17:00:00,Central City
CE-SU-02,Support,2026-06-18 08:00:00,2026-06-18 17:00:00,Central City
CE-SU-03,Support,2026-06-18 08:00:00,2026-06-18 17:00:00,Central City
CE-SU-04,Support,2026-06-18 08:00:00,2026-06-18 17:00:00,Central City
CE-SU-05,Support,2026-06-18 08:00:00,2026-06-18 17:00:00,Central City
CE-PR-03,Provider,2026-06-18 09:00:00,2026-06-18 17:00:00,Central City
CE-PR-01,Provider,2026-06-19 08:00:00,2026-06-19 17:00:00,Central City
CE-PR-02,Provider,2026-06-19 08:00:00,2026-06-19 17:00:00,Central City
CE-SU-01,Support,2026-06-19 08:00:00,2026-06-19 17:00:00,Central City
CE-SU-02,Support,2026-06-19 08:00:00,2026-06-19 17:00:00,Central City
CE-SU-03,Support,2026-06-19 08:00:00,2026-06-19 17:00:00,Central City
CE-SU-04,Support,2026-06-19 08:00:00,2026-06-19 17:00:00,Central City
CE-SU-05,Support,2026-06-19 08:00:00,2026-06-19 17:00:00,Central City
CE-PR-03,Provider,2026-06-19 09:00:00,2026-06-19 17:00:00,Central City
CE-PR-01,Provider,2026-06-20 08:00:00,2026-06-20 13:00:00,Central City
CE-PR-02,Provider,2026-06-20 08:00:00,2026-06-20 13:00:00,Central City
CE-SU-01,Support,2026-06-20 08:00:00,2026-06-20 13:00:00,Central City
CE-SU-02,Support,2026-06-20 08:00:00,2026-06-20 13:00:00,Central City
CE-SU-03,Support,2026-06-20 08:00:00,2026-06-20 13:00:00,Central City
CE-SU-04,Support,2026-06-20 08:00:00,2026-06-20 13:00:00,Central City
CE-SU-05,Support,2026-06-20 08:00:00,2026-06-20 13:00:00,Central City
CE-PR-03,Provider,2026-06-20 09:00:00,2026-06-20 13:00:00,Central City
CE-PR-01,Provider,2026-06-22 08:00:00,2026-06-22 17:00:00,Central City
CE-PR-02,Provider,2026-06-22 08:00:00,2026-06-22 17:00:00,Central City
CE-SU-01,Support,2026-06-22 08:00:00,2026-06-22 17:00:00,Central City
CE-SU-02,Support,2026-06-22 08:00:00,2026-06-22 17:00:00,Central City
CE-SU-03,Support,2026-06-22 08:00:00,2026-06-22 17:00:00,Central City
CE-SU-04,Support,2026-06-22 08:00:00,2026-06-22 17:00:00,Central City
CE-SU-05,Support,2026-06-22 08:00:00,2026-06-22 17:00:00,Central City
CE-PR-03,Provider,2026-06-22 09:00:00,2026-06-22 17:00:00,Central City
CE-PR-01,Provider,2026-06-23 08:00:00,2026-06-23 17:00:00,Central City
CE-PR-02,Provider,2026-06-23 08:00:00,2026-06-23 17:00:00,Central City
CE-SU-01,Support,2026-06-23 08:00:00,2026-06-23 17:00:00,Central City
CE-SU-02,Support,2026-06-23 08:00:00,2026-06-23 17:00:00,Central City
CE-SU-03,Support,2026-06-23 08:00:00,2026-06-23 17:00:00,Central City
CE-SU-04,Support,2026-06-23 08:00:00,2026-06-23 17:00:00,Central City
CE-SU-05,Support,2026-06-23 08:00:00,2026-06-23 17:00:00,Central City
CE-PR-03,Provider,2026-06-23 09:00:00,2026-06-23 17:00:00,Central City
CE-PR-01,Provider,2026-06-24 08:00:00,2026-06-24 17:00:00,Central City
CE-PR-02,Provider,2026-06-24 08:00:00,2026-06-24 17:00:00,Central City
CE-SU-01,Support,2026-06-24 08:00:00,2026-06-24 17:00:00,Central City
CE-SU-02,Support,2026-06-24 08:00:00,2026-06-24 17:00:00,Central City
CE-SU-03,Support,2026-06-24 08:00:00,2026-06-24 17:00:00,Central City
CE-SU-04,Support,2026-06-24 08:00:00,2026-06-24 17:00:00,Central City
CE-SU-05,Support,2026-06-24 08:00:00,2026-06-24 17:00:00,Central City
CE-PR-03,Provider,2026-06-24 09:00:00,2026-06-24 17:00:00,Central City
CE-PR-01,Provider,2026-06-25 08:00:00,2026-06-25 17:00:00,Central City
CE-PR-02,Provider,2026-06-25 08:00:00,2026-06-25 17:00:00,Central City
CE-SU-01,Support,2026-06-25 08:00:00,2026-06-25 17:00:00,Central City
CE-SU-02,Support,2026-06-25 08:00:00,2026-06-25 17:00:00,Central City
CE-SU-03,Support,2026-06-25 08:00:00,2026-06-25 17:00:00,Central City
CE-SU-04,Support,2026-06-25 08:00:00,2026-06-25 17:00:00,Central City
CE-SU-05,Support,2026-06-25 08:00:00,2026-06-25 17:00:00,Central City
CE-PR-03,Provider,2026-06-25 09:00:00,2026-06-25 17:00:00,Central City
CE-PR-01,Provider,2026-06-26 08:00:00,2026-06-26 17:00:00,Central City
CE-PR-02,Provider,2026-06-26 08:00:00,2026-06-26 17:00:00,Central City
CE-SU-01,Support,2026-06-26 08:00:00,2026-06-26 17:00:00,Central City
CE-SU-02,Support,2026-06-26 08:00:00,2026-06-26 17:00:00,Central City
CE-SU-03,Support,2026-06-26 08:00:00,2026-06-26 17:00:00,Central City
CE-SU-04,Support,2026-06-26 08:00:00,2026-06-26 17:00:00,Central City
CE-SU-05,Support,2026-06-26 08:00:00,2026-06-26 17:00:00,Central City
CE-PR-03,Provider,2026-06-26 09:00:00,2026-06-26 17:00:00,Central City
CE-PR-01,Provider,2026-06-27 08:00:00,2026-06-27 13:00:00,Central City
CE-PR-02,Provider,2026-06-27 08:00:00,2026-06-27 13:00:00,Central City
CE-SU-01,Support,2026-06-27 08:00:00,2026-06-27 13:00:00,Central City
CE-SU-02,Support,2026-06-27 08:00:00,2026-06-27 13:00:00,Central City
CE-SU-03,Support,2026-06-27 08:00:00,2026-06-27 13:00:00,Central City
CE-SU-04,Support,2026-06-27 08:00:00,2026-06-27 13:00:00,Central City
CE-SU-05,Support,2026-06-27 08:00:00,2026-06-27 13:00:00,Central City
CE-PR-03,Provider,2026-06-27 09:00:00,2026-06-27 13:00:00,Central City
CE-PR-01,Provider,2026-06-29 08:00:00,2026-06-29 17:00:00,Central City
CE-PR-02,Provider,2026-06-29 08:00:00,2026-06-29 17:00:00,Central City
CE-SU-01,Support,2026-06-29 08:00:00,2026-06-29 17:00:00,Central City
CE-SU-02,Support,2026-06-29 08:00:00,2026-06-29 17:00:00,Central City
CE-SU-03,Support,2026-06-29 08:00:00,2026-06-29 17:00:00,Central City
CE-SU-04,Support,2026-06-29 08:00:00,2026-06-29 17:00:00,Central City
CE-SU-05,Support,2026-06-29 08:00:00,2026-06-29 17:00:00,Central City
CE-PR-03,Provider,2026-06-29 09:00:00,2026-06-29 17:00:00,Central City
CE-PR-01,Provider,2026-06-30 08:00:00,2026-06-30 17:00:00,Central City
CE-PR-02,Provider,2026-06-30 08:00:00,2026-06-30 17:00:00,Central City
CE-SU-01,Support,2026-06-30 08:00:00,2026-06-30 17:00:00,Central City
CE-SU-02,Support,2026-06-30 08:00:00,2026-06-30 17:00:00,Central City
CE-SU-03,Support,2026-06-30 08:00:00,2026-06-30 17:00:00,Central City
CE-SU-04,Support,2026-06-30 08:00:00,2026-06-30 17:00:00,Central City
CE-SU-05,Support,2026-06-30 08:00:00,2026-06-30 17:00:00,Central City
CE-PR-03,Provider,2026-06-30 09:00:00,2026-06-30 17:00:00,Central City
LA-PR-01,Provider,2026-01-01 08:00:00,2026-01-01 17:00:00,Lakeside
LA-PR-02,Provider,2026-01-01 08:00:00,2026-01-01 17:00:00,Lakeside
LA-SU-01,Support,2026-01-01 08:00:00,2026-01-01 17:00:00,Lakeside
LA-SU-02,Support,2026-01-01 08:00:00,2026-01-01 17:00:00,Lakeside
LA-SU-03,Support,2026-01-01 08:00:00,2026-01-01 17:00:00,Lakeside
LA-PR-03,Provider,2026-01-01 09:00:00,2026-01-01 17:00:00,Lakeside
LA-PR-01,Provider,2026-01-02 08:00:00,2026-01-02 17:00:00,Lakeside
LA-PR-02,Provider,2026-01-02 08:00:00,2026-01-02 17:00:00,Lakeside
LA-SU-01,Support,2026-01-02 08:00:00,2026-01-02 17:00:00,Lakeside
LA-SU-02,Support,2026-01-02 08:00:00,2026-01-02 17:00:00,Lakeside
LA-SU-03,Support,2026-01-02 08:00:00,2026-01-02 17:00:00,Lakeside
LA-PR-03,Provider,2026-01-02 09:00:00,2026-01-02 17:00:00,Lakeside
LA-PR-01,Provider,2026-01-03 08:00:00,2026-01-03 13:00:00,Lakeside
LA-PR-02,Provider,2026-01-03 08:00:00,2026-01-03 13:00:00,Lakeside
LA-SU-01,Support,2026-01-03 08:00:00,2026-01-03 13:00:00,Lakeside
LA-SU-02,Support,2026-01-03 08:00:00,2026-01-03 13:00:00,Lakeside
LA-SU-03,Support,2026-01-03 08:00:00,2026-01-03 13:00:00,Lakeside
LA-PR-03,Provider,2026-01-03 09:00:00,2026-01-03 13:00:00,Lakeside
LA-PR-01,Provider,2026-01-05 08:00:00,2026-01-05 17:00:00,Lakeside
LA-PR-02,Provider,2026-01-05 08:00:00,2026-01-05 17:00:00,Lakeside
LA-SU-01,Support,2026-01-05 08:00:00,2026-01-05 17:00:00,Lakeside
LA-SU-02,Support,2026-01-05 08:00:00,2026-01-05 17:00:00,Lakeside
LA-SU-03,Support,2026-01-05 08:00:00,2026-01-05 17:00:00,Lakeside
LA-PR-03,Provider,2026-01-05 09:00:00,2026-01-05 17:00:00,Lakeside
LA-PR-01,Provider,2026-01-06 08:00:00,2026-01-06 17:00:00,Lakeside
LA-PR-02,Provider,2026-01-06 08:00:00,2026-01-06 17:00:00,Lakeside
LA-SU-01,Support,2026-01-06 08:00:00,2026-01-06 17:00:00,Lakeside
LA-SU-02,Support,2026-01-06 08:00:00,2026-01-06 17:00:00,Lakeside
LA-SU-03,Support,2026-01-06 08:00:00,2026-01-06 17:00:00,Lakeside
LA-PR-03,Provider,2026-01-06 09:00:00,2026-01-06 17:00:00,Lakeside
LA-PR-01,Provider,2026-01-07 08:00:00,2026-01-07 17:00:00,Lakeside
LA-PR-02,Provider,2026-01-07 08:00:00,2026-01-07 17:00:00,Lakeside
LA-SU-01,Support,2026-01-07 08:00:00,2026-01-07 17:00:00,Lakeside
LA-SU-02,Support,2026-01-07 08:00:00,2026-01-07 17:00:00,Lakeside
LA-SU-03,Support,2026-01-07 08:00:00,2026-01-07 17:00:00,Lakeside
LA-PR-03,Provider,2026-01-07 09:00:00,2026-01-07 17:00:00,Lakeside
LA-PR-01,Provider,2026-01-08 08:00:00,2026-01-08 17:00:00,Lakeside
LA-PR-02,Provider,2026-01-08 08:00:00,2026-01-08 17:00:00,Lakeside
LA-SU-01,Support,2026-01-08 08:00:00,2026-01-08 17:00:00,Lakeside
LA-SU-02,Support,2026-01-08 08:00:00,2026-01-08 17:00:00,Lakeside
LA-SU-03,Support,2026-01-08 08:00:00,2026-01-08 17:00:00,Lakeside
LA-PR-03,Provider,2026-01-08 09:00:00,2026-01-08 17:00:00,Lakeside
LA-PR-01,Provider,2026-01-09 08:00:00,2026-01-09 17:00:00,Lakeside
LA-PR-02,Provider,2026-01-09 08:00:00,2026-01-09 17:00:00,Lakeside
LA-SU-01,Support,2026-01-09 08:00:00,2026-01-09 17:00:00,Lakeside
LA-SU-02,Support,2026-01-09 08:00:00,2026-01-09 17:00:00,Lakeside
LA-SU-03,Support,2026-01-09 08:00:00,2026-01-09 17:00:00,Lakeside
LA-PR-03,Provider,2026-01-09 09:00:00,2026-01-09 17:00:00,Lakeside
LA-PR-01,Provider,2026-01-10 08:00:00,2026-01-10 13:00:00,Lakeside
LA-PR-02,Provider,2026-01-10 08:00:00,2026-01-10 13:00:00,Lakeside
LA-SU-01,Support,2026-01-10 08:00:00,2026-01-10 13:00:00,Lakeside
LA-SU-02,Support,2026-01-10 08:00:00,2026-01-10 13:00:00,Lakeside
LA-SU-03,Support,2026-01-10 08:00:00,2026-01-10 13:00:00,Lakeside
LA-PR-03,Provider,2026-01-10 09:00:00,2026-01-10 13:00:00,Lakeside
LA-PR-01,Provider,2026-01-12 08:00:00,2026-01-12 17:00:00,Lakeside
LA-PR-02,Provider,2026-01-12 08:00:00,2026-01-12 17:00:00,Lakeside
LA-SU-01,Support,2026-01-12 08:00:00,2026-01-12 17:00:00,Lakeside
LA-SU-02,Support,2026-01-12 08:00:00,2026-01-12 17:00:00,Lakeside
LA-SU-03,Support,2026-01-12 08:00:00,2026-01-12 17:00:00,Lakeside
LA-PR-03,Provider,2026-01-12 09:00:00,2026-01-12 17:00:00,Lakeside
LA-PR-01,Provider,2026-01-13 08:00:00,2026-01-13 17:00:00,Lakeside
LA-PR-02,Provider,2026-01-13 08:00:00,2026-01-13 17:00:00,Lakeside
LA-SU-01,Support,2026-01-13 08:00:00,2026-01-13 17:00:00,Lakeside
LA-SU-02,Support,2026-01-13 08:00:00,2026-01-13 17:00:00,Lakeside
LA-SU-03,Support,2026-01-13 08:00:00,2026-01-13 17:00:00,Lakeside
LA-PR-03,Provider,2026-01-13 09:00:00,2026-01-13 17:00:00,Lakeside
LA-PR-01,Provider,2026-01-14 08:00:00,2026-01-14 17:00:00,Lakeside
LA-PR-02,Provider,2026-01-14 08:00:00,2026-01-14 17:00:00,Lakeside
LA-SU-01,Support,2026-01-14 08:00:00,2026-01-14 17:00:00,Lakeside
LA-SU-02,Support,2026-01-14 08:00:00,2026-01-14 17:00:00,Lakeside
LA-SU-03,Support,2026-01-14 08:00:00,2026-01-14 17:00:00,Lakeside
LA-PR-03,Provider,2026-01-14 09:00:00,2026-01-14 17:00:00,Lakeside
LA-PR-01,Provider,2026-01-15 08:00:00,2026-01-15 17:00:00,Lakeside
LA-PR-02,Provider,2026-01-15 08:00:00,2026-01-15 17:00:00,Lakeside
LA-SU-01,Support,2026-01-15 08:00:00,2026-01-15 17:00:00,Lakeside
LA-SU-02,Support,2026-01-15 08:00:00,2026-01-15 17:00:00,Lakeside
LA-SU-03,Support,2026-01-15 08:00:00,2026-01-15 17:00:00,Lakeside
LA-PR-03,Provider,2026-01-15 09:00:00,2026-01-15 17:00:00,Lakeside
LA-PR-01,Provider,2026-01-16 08:00:00,2026-01-16 17:00:00,Lakeside
LA-PR-02,Provider,2026-01-16 08:00:00,2026-01-16 17:00:00,Lakeside
LA-SU-01,Support,2026-01-16 08:00:00,2026-01-16 17:00:00,Lakeside
LA-SU-02,Support,2026-01-16 08:00:00,2026-01-16 17:00:00,Lakeside
LA-SU-03,Support,2026-01-16 08:00:00,2026-01-16 17:00:00,Lakeside
LA-PR-03,Provider,2026-01-16 09:00:00,2026-01-16 17:00:00,Lakeside
LA-PR-01,Provider,2026-01-17 08:00:00,2026-01-17 13:00:00,Lakeside
LA-PR-02,Provider,2026-01-17 08:00:00,2026-01-17 13:00:00,Lakeside
LA-SU-01,Support,2026-01-17 08:00:00,2026-01-17 13:00:00,Lakeside
LA-SU-02,Support,2026-01-17 08:00:00,2026-01-17 13:00:00,Lakeside
LA-SU-03,Support,2026-01-17 08:00:00,2026-01-17 13:00:00,Lakeside
LA-PR-03,Provider,2026-01-17 09:00:00,2026-01-17 13:00:00,Lakeside
LA-PR-01,Provider,2026-01-19 08:00:00,2026-01-19 17:00:00,Lakeside
LA-PR-02,Provider,2026-01-19 08:00:00,2026-01-19 17:00:00,Lakeside
LA-SU-01,Support,2026-01-19 08:00:00,2026-01-19 17:00:00,Lakeside
LA-SU-02,Support,2026-01-19 08:00:00,2026-01-19 17:00:00,Lakeside
LA-SU-03,Support,2026-01-19 08:00:00,2026-01-19 17:00:00,Lakeside
LA-PR-03,Provider,2026-01-19 09:00:00,2026-01-19 17:00:00,Lakeside
LA-PR-01,Provider,2026-01-20 08:00:00,2026-01-20 17:00:00,Lakeside
LA-PR-02,Provider,2026-01-20 08:00:00,2026-01-20 17:00:00,Lakeside
LA-SU-01,Support,2026-01-20 08:00:00,2026-01-20 17:00:00,Lakeside
LA-SU-02,Support,2026-01-20 08:00:00,2026-01-20 17:00:00,Lakeside
LA-SU-03,Support,2026-01-20 08:00:00,2026-01-20 17:00:00,Lakeside
LA-PR-03,Provider,2026-01-20 09:00:00,2026-01-20 17:00:00,Lakeside
LA-PR-01,Provider,2026-01-21 08:00:00,2026-01-21 17:00:00,Lakeside
LA-PR-02,Provider,2026-01-21 08:00:00,2026-01-21 17:00:00,Lakeside
LA-SU-01,Support,2026-01-21 08:00:00,2026-01-21 17:00:00,Lakeside
LA-SU-02,Support,2026-01-21 08:00:00,2026-01-21 17:00:00,Lakeside
LA-SU-03,Support,2026-01-21 08:00:00,2026-01-21 17:00:00,Lakeside
LA-PR-03,Provider,2026-01-21 09:00:00,2026-01-21 17:00:00,Lakeside
LA-PR-01,Provider,2026-01-22 08:00:00,2026-01-22 17:00:00,Lakeside
LA-PR-02,Provider,2026-01-22 08:00:00,2026-01-22 17:00:00,Lakeside
LA-SU-01,Support,2026-01-22 08:00:00,2026-01-22 17:00:00,Lakeside
LA-SU-02,Support,2026-01-22 08:00:00,2026-01-22 17:00:00,Lakeside
LA-SU-03,Support,2026-01-22 08:00:00,2026-01-22 17:00:00,Lakeside
LA-PR-03,Provider,2026-01-22 09:00:00,2026-01-22 17:00:00,Lakeside
LA-PR-01,Provider,2026-01-23 08:00:00,2026-01-23 17:00:00,Lakeside
LA-PR-02,Provider,2026-01-23 08:00:00,2026-01-23 17:00:00,Lakeside
LA-SU-01,Support,2026-01-23 08:00:00,2026-01-23 17:00:00,Lakeside
LA-SU-02,Support,2026-01-23 08:00:00,2026-01-23 17:00:00,Lakeside
LA-SU-03,Support,2026-01-23 08:00:00,2026-01-23 17:00:00,Lakeside
LA-PR-03,Provider,2026-01-23 09:00:00,2026-01-23 17:00:00,Lakeside
LA-PR-01,Provider,2026-01-24 08:00:00,2026-01-24 13:00:00,Lakeside
LA-PR-02,Provider,2026-01-24 08:00:00,2026-01-24 13:00:00,Lakeside
LA-SU-01,Support,2026-01-24 08:00:00,2026-01-24 13:00:00,Lakeside
LA-SU-02,Support,2026-01-24 08:00:00,2026-01-24 13:00:00,Lakeside
LA-SU-03,Support,2026-01-24 08:00:00,2026-01-24 13:00:00,Lakeside
LA-PR-03,Provider,2026-01-24 09:00:00,2026-01-24 13:00:00,Lakeside
LA-PR-01,Provider,2026-01-26 08:00:00,2026-01-26 17:00:00,Lakeside
LA-PR-02,Provider,2026-01-26 08:00:00,2026-01-26 17:00:00,Lakeside
LA-SU-01,Support,2026-01-26 08:00:00,2026-01-26 17:00:00,Lakeside
LA-SU-02,Support,2026-01-26 08:00:00,2026-01-26 17:00:00,Lakeside
LA-SU-03,Support,2026-01-26 08:00:00,2026-01-26 17:00:00,Lakeside
LA-PR-03,Provider,2026-01-26 09:00:00,2026-01-26 17:00:00,Lakeside
LA-PR-01,Provider,2026-01-27 08:00:00,2026-01-27 17:00:00,Lakeside
LA-PR-02,Provider,2026-01-27 08:00:00,2026-01-27 17:00:00,Lakeside
LA-SU-01,Support,2026-01-27 08:00:00,2026-01-27 17:00:00,Lakeside
LA-SU-02,Support,2026-01-27 08:00:00,2026-01-27 17:00:00,Lakeside
LA-SU-03,Support,2026-01-27 08:00:00,2026-01-27 17:00:00,Lakeside
LA-PR-03,Provider,2026-01-27 09:00:00,2026-01-27 17:00:00,Lakeside
LA-PR-01,Provider,2026-01-28 08:00:00,2026-01-28 17:00:00,Lakeside
LA-PR-02,Provider,2026-01-28 08:00:00,2026-01-28 17:00:00,Lakeside
LA-SU-01,Support,2026-01-28 08:00:00,2026-01-28 17:00:00,Lakeside
LA-SU-02,Support,2026-01-28 08:00:00,2026-01-28 17:00:00,Lakeside
LA-SU-03,Support,2026-01-28 08:00:00,2026-01-28 17:00:00,Lakeside
LA-PR-03,Provider,2026-01-28 09:00:00,2026-01-28 17:00:00,Lakeside
LA-PR-01,Provider,2026-01-29 08:00:00,2026-01-29 17:00:00,Lakeside
LA-PR-02,Provider,2026-01-29 08:00:00,2026-01-29 17:00:00,Lakeside
LA-SU-01,Support,2026-01-29 08:00:00,2026-01-29 17:00:00,Lakeside
LA-SU-02,Support,2026-01-29 08:00:00,2026-01-29 17:00:00,Lakeside
LA-SU-03,Support,2026-01-29 08:00:00,2026-01-29 17:00:00,Lakeside
LA-PR-03,Provider,2026-01-29 09:00:00,2026-01-29 17:00:00,Lakeside
LA-PR-01,Provider,2026-01-30 08:00:00,2026-01-30 17:00:00,Lakeside
LA-PR-02,Provider,2026-01-30 08:00:00,2026-01-30 17:00:00,Lakeside
LA-SU-01,Support,2026-01-30 08:00:00,2026-01-30 17:00:00,Lakeside
LA-SU-02,Support,2026-01-30 08:00:00,2026-01-30 17:00:00,Lakeside
LA-SU-03,Support,2026-01-30 08:00:00,2026-01-30 17:00:00,Lakeside
LA-PR-03,Provider,2026-01-30 09:00:00,2026-01-30 17:00:00,Lakeside
LA-PR-01,Provider,2026-01-31 08:00:00,2026-01-31 13:00:00,Lakeside
LA-PR-02,Provider,2026-01-31 08:00:00,2026-01-31 13:00:00,Lakeside
LA-SU-01,Support,2026-01-31 08:00:00,2026-01-31 13:00:00,Lakeside
LA-SU-02,Support,2026-01-31 08:00:00,2026-01-31 13:00:00,Lakeside
LA-SU-03,Support,2026-01-31 08:00:00,2026-01-31 13:00:00,Lakeside
LA-PR-03,Provider,2026-01-31 09:00:00,2026-01-31 13:00:00,Lakeside
LA-PR-01,Provider,2026-02-02 08:00:00,2026-02-02 17:00:00,Lakeside
LA-PR-02,Provider,2026-02-02 08:00:00,2026-02-02 17:00:00,Lakeside
LA-SU-01,Support,2026-02-02 08:00:00,2026-02-02 17:00:00,Lakeside
LA-SU-02,Support,2026-02-02 08:00:00,2026-02-02 17:00:00,Lakeside
LA-SU-03,Support,2026-02-02 08:00:00,2026-02-02 17:00:00,Lakeside
LA-PR-03,Provider,2026-02-02 09:00:00,2026-02-02 17:00:00,Lakeside
LA-PR-01,Provider,2026-02-03 08:00:00,2026-02-03 17:00:00,Lakeside
LA-PR-02,Provider,2026-02-03 08:00:00,2026-02-03 17:00:00,Lakeside
LA-SU-01,Support,2026-02-03 08:00:00,2026-02-03 17:00:00,Lakeside
LA-SU-02,Support,2026-02-03 08:00:00,2026-02-03 17:00:00,Lakeside
LA-SU-03,Support,2026-02-03 08:00:00,2026-02-03 17:00:00,Lakeside
LA-PR-03,Provider,2026-02-03 09:00:00,2026-02-03 17:00:00,Lakeside
LA-PR-01,Provider,2026-02-04 08:00:00,2026-02-04 17:00:00,Lakeside
LA-PR-02,Provider,2026-02-04 08:00:00,2026-02-04 17:00:00,Lakeside
LA-SU-01,Support,2026-02-04 08:00:00,2026-02-04 17:00:00,Lakeside
LA-SU-02,Support,2026-02-04 08:00:00,2026-02-04 17:00:00,Lakeside
LA-SU-03,Support,2026-02-04 08:00:00,2026-02-04 17:00:00,Lakeside
LA-PR-03,Provider,2026-02-04 09:00:00,2026-02-04 17:00:00,Lakeside
LA-PR-01,Provider,2026-02-05 08:00:00,2026-02-05 17:00:00,Lakeside
LA-PR-02,Provider,2026-02-05 08:00:00,2026-02-05 17:00:00,Lakeside
LA-SU-01,Support,2026-02-05 08:00:00,2026-02-05 17:00:00,Lakeside
LA-SU-02,Support,2026-02-05 08:00:00,2026-02-05 17:00:00,Lakeside
LA-SU-03,Support,2026-02-05 08:00:00,2026-02-05 17:00:00,Lakeside
LA-PR-03,Provider,2026-02-05 09:00:00,2026-02-05 17:00:00,Lakeside
LA-PR-01,Provider,2026-02-06 08:00:00,2026-02-06 17:00:00,Lakeside
LA-PR-02,Provider,2026-02-06 08:00:00,2026-02-06 17:00:00,Lakeside
LA-SU-01,Support,2026-02-06 08:00:00,2026-02-06 17:00:00,Lakeside
LA-SU-02,Support,2026-02-06 08:00:00,2026-02-06 17:00:00,Lakeside
LA-SU-03,Support,2026-02-06 08:00:00,2026-02-06 17:00:00,Lakeside
LA-PR-03,Provider,2026-02-06 09:00:00,2026-02-06 17:00:00,Lakeside
LA-PR-01,Provider,2026-02-07 08:00:00,2026-02-07 13:00:00,Lakeside
LA-PR-02,Provider,2026-02-07 08:00:00,2026-02-07 13:00:00,Lakeside
LA-SU-01,Support,2026-02-07 08:00:00,2026-02-07 13:00:00,Lakeside
LA-SU-02,Support,2026-02-07 08:00:00,2026-02-07 13:00:00,Lakeside
LA-SU-03,Support,2026-02-07 08:00:00,2026-02-07 13:00:00,Lakeside
LA-PR-03,Provider,2026-02-07 09:00:00,2026-02-07 13:00:00,Lakeside
LA-PR-01,Provider,2026-02-09 08:00:00,2026-02-09 17:00:00,Lakeside
LA-PR-02,Provider,2026-02-09 08:00:00,2026-02-09 17:00:00,Lakeside
LA-SU-01,Support,2026-02-09 08:00:00,2026-02-09 17:00:00,Lakeside
LA-SU-02,Support,2026-02-09 08:00:00,2026-02-09 17:00:00,Lakeside
LA-SU-03,Support,2026-02-09 08:00:00,2026-02-09 17:00:00,Lakeside
LA-PR-03,Provider,2026-02-09 09:00:00,2026-02-09 17:00:00,Lakeside
LA-PR-01,Provider,2026-02-10 08:00:00,2026-02-10 17:00:00,Lakeside
LA-PR-02,Provider,2026-02-10 08:00:00,2026-02-10 17:00:00,Lakeside
LA-SU-01,Support,2026-02-10 08:00:00,2026-02-10 17:00:00,Lakeside
LA-SU-02,Support,2026-02-10 08:00:00,2026-02-10 17:00:00,Lakeside
LA-SU-03,Support,2026-02-10 08:00:00,2026-02-10 17:00:00,Lakeside
LA-PR-03,Provider,2026-02-10 09:00:00,2026-02-10 17:00:00,Lakeside
LA-PR-01,Provider,2026-02-11 08:00:00,2026-02-11 17:00:00,Lakeside
LA-PR-02,Provider,2026-02-11 08:00:00,2026-02-11 17:00:00,Lakeside
LA-SU-01,Support,2026-02-11 08:00:00,2026-02-11 17:00:00,Lakeside
LA-SU-02,Support,2026-02-11 08:00:00,2026-02-11 17:00:00,Lakeside
LA-SU-03,Support,2026-02-11 08:00:00,2026-02-11 17:00:00,Lakeside
LA-PR-03,Provider,2026-02-11 09:00:00,2026-02-11 17:00:00,Lakeside
LA-PR-01,Provider,2026-02-12 08:00:00,2026-02-12 17:00:00,Lakeside
LA-PR-02,Provider,2026-02-12 08:00:00,2026-02-12 17:00:00,Lakeside
LA-SU-01,Support,2026-02-12 08:00:00,2026-02-12 17:00:00,Lakeside
LA-SU-02,Support,2026-02-12 08:00:00,2026-02-12 17:00:00,Lakeside
LA-SU-03,Support,2026-02-12 08:00:00,2026-02-12 17:00:00,Lakeside
LA-PR-03,Provider,2026-02-12 09:00:00,2026-02-12 17:00:00,Lakeside
LA-PR-01,Provider,2026-02-13 08:00:00,2026-02-13 17:00:00,Lakeside
LA-PR-02,Provider,2026-02-13 08:00:00,2026-02-13 17:00:00,Lakeside
LA-SU-01,Support,2026-02-13 08:00:00,2026-02-13 17:00:00,Lakeside
LA-SU-02,Support,2026-02-13 08:00:00,2026-02-13 17:00:00,Lakeside
LA-SU-03,Support,2026-02-13 08:00:00,2026-02-13 17:00:00,Lakeside
LA-PR-03,Provider,2026-02-13 09:00:00,2026-02-13 17:00:00,Lakeside
LA-PR-01,Provider,2026-02-14 08:00:00,2026-02-14 13:00:00,Lakeside
LA-PR-02,Provider,2026-02-14 08:00:00,2026-02-14 13:00:00,Lakeside
LA-SU-01,Support,2026-02-14 08:00:00,2026-02-14 13:00:00,Lakeside
LA-SU-02,Support,2026-02-14 08:00:00,2026-02-14 13:00:00,Lakeside
LA-SU-03,Support,2026-02-14 08:00:00,2026-02-14 13:00:00,Lakeside
LA-PR-03,Provider,2026-02-14 09:00:00,2026-02-14 13:00:00,Lakeside
LA-PR-01,Provider,2026-02-16 08:00:00,2026-02-16 17:00:00,Lakeside
LA-PR-02,Provider,2026-02-16 08:00:00,2026-02-16 17:00:00,Lakeside
LA-SU-01,Support,2026-02-16 08:00:00,2026-02-16 17:00:00,Lakeside
LA-SU-02,Support,2026-02-16 08:00:00,2026-02-16 17:00:00,Lakeside
LA-SU-03,Support,2026-02-16 08:00:00,2026-02-16 17:00:00,Lakeside
LA-PR-03,Provider,2026-02-16 09:00:00,2026-02-16 17:00:00,Lakeside
LA-PR-01,Provider,2026-02-17 08:00:00,2026-02-17 17:00:00,Lakeside
LA-PR-02,Provider,2026-02-17 08:00:00,2026-02-17 17:00:00,Lakeside
LA-SU-01,Support,2026-02-17 08:00:00,2026-02-17 17:00:00,Lakeside
LA-SU-02,Support,2026-02-17 08:00:00,2026-02-17 17:00:00,Lakeside
LA-SU-03,Support,2026-02-17 08:00:00,2026-02-17 17:00:00,Lakeside
LA-PR-03,Provider,2026-02-17 09:00:00,2026-02-17 17:00:00,Lakeside
LA-PR-01,Provider,2026-02-18 08:00:00,2026-02-18 17:00:00,Lakeside
LA-PR-02,Provider,2026-02-18 08:00:00,2026-02-18 17:00:00,Lakeside
LA-SU-01,Support,2026-02-18 08:00:00,2026-02-18 17:00:00,Lakeside
LA-SU-02,Support,2026-02-18 08:00:00,2026-02-18 17:00:00,Lakeside
LA-SU-03,Support,2026-02-18 08:00:00,2026-02-18 17:00:00,Lakeside
LA-PR-03,Provider,2026-02-18 09:00:00,2026-02-18 17:00:00,Lakeside
LA-PR-01,Provider,2026-02-19 08:00:00,2026-02-19 17:00:00,Lakeside
LA-PR-02,Provider,2026-02-19 08:00:00,2026-02-19 17:00:00,Lakeside
LA-SU-01,Support,2026-02-19 08:00:00,2026-02-19 17:00:00,Lakeside
LA-SU-02,Support,2026-02-19 08:00:00,2026-02-19 17:00:00,Lakeside
LA-SU-03,Support,2026-02-19 08:00:00,2026-02-19 17:00:00,Lakeside
LA-PR-03,Provider,2026-02-19 09:00:00,2026-02-19 17:00:00,Lakeside
LA-PR-01,Provider,2026-02-20 08:00:00,2026-02-20 17:00:00,Lakeside
LA-PR-02,Provider,2026-02-20 08:00:00,2026-02-20 17:00:00,Lakeside
LA-SU-01,Support,2026-02-20 08:00:00,2026-02-20 17:00:00,Lakeside
LA-SU-02,Support,2026-02-20 08:00:00,2026-02-20 17:00:00,Lakeside
LA-SU-03,Support,2026-02-20 08:00:00,2026-02-20 17:00:00,Lakeside
LA-PR-03,Provider,2026-02-20 09:00:00,2026-02-20 17:00:00,Lakeside
LA-PR-01,Provider,2026-02-21 08:00:00,2026-02-21 13:00:00,Lakeside
LA-PR-02,Provider,2026-02-21 08:00:00,2026-02-21 13:00:00,Lakeside
LA-SU-01,Support,2026-02-21 08:00:00,2026-02-21 13:00:00,Lakeside
LA-SU-02,Support,2026-02-21 08:00:00,2026-02-21 13:00:00,Lakeside
LA-SU-03,Support,2026-02-21 08:00:00,2026-02-21 13:00:00,Lakeside
LA-PR-03,Provider,2026-02-21 09:00:00,2026-02-21 13:00:00,Lakeside
LA-PR-01,Provider,2026-02-23 08:00:00,2026-02-23 17:00:00,Lakeside
LA-PR-02,Provider,2026-02-23 08:00:00,2026-02-23 17:00:00,Lakeside
LA-SU-01,Support,2026-02-23 08:00:00,2026-02-23 17:00:00,Lakeside
LA-SU-02,Support,2026-02-23 08:00:00,2026-02-23 17:00:00,Lakeside
LA-SU-03,Support,2026-02-23 08:00:00,2026-02-23 17:00:00,Lakeside
LA-PR-03,Provider,2026-02-23 09:00:00,2026-02-23 17:00:00,Lakeside
LA-PR-01,Provider,2026-02-24 08:00:00,2026-02-24 17:00:00,Lakeside
LA-PR-02,Provider,2026-02-24 08:00:00,2026-02-24 17:00:00,Lakeside
LA-SU-01,Support,2026-02-24 08:00:00,2026-02-24 17:00:00,Lakeside
LA-SU-02,Support,2026-02-24 08:00:00,2026-02-24 17:00:00,Lakeside
LA-SU-03,Support,2026-02-24 08:00:00,2026-02-24 17:00:00,Lakeside
LA-PR-03,Provider,2026-02-24 09:00:00,2026-02-24 17:00:00,Lakeside
LA-PR-01,Provider,2026-02-25 08:00:00,2026-02-25 17:00:00,Lakeside
LA-PR-02,Provider,2026-02-25 08:00:00,2026-02-25 17:00:00,Lakeside
LA-SU-01,Support,2026-02-25 08:00:00,2026-02-25 17:00:00,Lakeside
LA-SU-02,Support,2026-02-25 08:00:00,2026-02-25 17:00:00,Lakeside
LA-SU-03,Support,2026-02-25 08:00:00,2026-02-25 17:00:00,Lakeside
LA-PR-03,Provider,2026-02-25 09:00:00,2026-02-25 17:00:00,Lakeside
LA-PR-01,Provider,2026-02-26 08:00:00,2026-02-26 17:00:00,Lakeside
LA-PR-02,Provider,2026-02-26 08:00:00,2026-02-26 17:00:00,Lakeside
LA-SU-01,Support,2026-02-26 08:00:00,2026-02-26 17:00:00,Lakeside
LA-SU-02,Support,2026-02-26 08:00:00,2026-02-26 17:00:00,Lakeside
LA-SU-03,Support,2026-02-26 08:00:00,2026-02-26 17:00:00,Lakeside
LA-PR-03,Provider,2026-02-26 09:00:00,2026-02-26 17:00:00,Lakeside
LA-PR-01,Provider,2026-02-27 08:00:00,2026-02-27 17:00:00,Lakeside
LA-PR-02,Provider,2026-02-27 08:00:00,2026-02-27 17:00:00,Lakeside
LA-SU-01,Support,2026-02-27 08:00:00,2026-02-27 17:00:00,Lakeside
LA-SU-02,Support,2026-02-27 08:00:00,2026-02-27 17:00:00,Lakeside
LA-SU-03,Support,2026-02-27 08:00:00,2026-02-27 17:00:00,Lakeside
LA-PR-03,Provider,2026-02-27 09:00:00,2026-02-27 17:00:00,Lakeside
LA-PR-01,Provider,2026-02-28 08:00:00,2026-02-28 13:00:00,Lakeside
LA-PR-02,Provider,2026-02-28 08:00:00,2026-02-28 13:00:00,Lakeside
LA-SU-01,Support,2026-02-28 08:00:00,2026-02-28 13:00:00,Lakeside
LA-SU-02,Support,2026-02-28 08:00:00,2026-02-28 13:00:00,Lakeside
LA-SU-03,Support,2026-02-28 08:00:00,2026-02-28 13:00:00,Lakeside
LA-PR-03,Provider,2026-02-28 09:00:00,2026-02-28 13:00:00,Lakeside
LA-PR-01,Provider,2026-03-02 08:00:00,2026-03-02 17:00:00,Lakeside
LA-PR-02,Provider,2026-03-02 08:00:00,2026-03-02 17:00:00,Lakeside
LA-SU-01,Support,2026-03-02 08:00:00,2026-03-02 17:00:00,Lakeside
LA-SU-02,Support,2026-03-02 08:00:00,2026-03-02 17:00:00,Lakeside
LA-SU-03,Support,2026-03-02 08:00:00,2026-03-02 17:00:00,Lakeside
LA-PR-03,Provider,2026-03-02 09:00:00,2026-03-02 17:00:00,Lakeside
LA-PR-01,Provider,2026-03-03 08:00:00,2026-03-03 17:00:00,Lakeside
LA-PR-02,Provider,2026-03-03 08:00:00,2026-03-03 17:00:00,Lakeside
LA-SU-01,Support,2026-03-03 08:00:00,2026-03-03 17:00:00,Lakeside
LA-SU-02,Support,2026-03-03 08:00:00,2026-03-03 17:00:00,Lakeside
LA-SU-03,Support,2026-03-03 08:00:00,2026-03-03 17:00:00,Lakeside
LA-PR-03,Provider,2026-03-03 09:00:00,2026-03-03 17:00:00,Lakeside
LA-PR-01,Provider,2026-03-04 08:00:00,2026-03-04 17:00:00,Lakeside
LA-PR-02,Provider,2026-03-04 08:00:00,2026-03-04 17:00:00,Lakeside
LA-SU-01,Support,2026-03-04 08:00:00,2026-03-04 17:00:00,Lakeside
LA-SU-02,Support,2026-03-04 08:00:00,2026-03-04 17:00:00,Lakeside
LA-SU-03,Support,2026-03-04 08:00:00,2026-03-04 17:00:00,Lakeside
LA-PR-03,Provider,2026-03-04 09:00:00,2026-03-04 17:00:00,Lakeside
LA-PR-01,Provider,2026-03-05 08:00:00,2026-03-05 17:00:00,Lakeside
LA-PR-02,Provider,2026-03-05 08:00:00,2026-03-05 17:00:00,Lakeside
LA-SU-01,Support,2026-03-05 08:00:00,2026-03-05 17:00:00,Lakeside
LA-SU-02,Support,2026-03-05 08:00:00,2026-03-05 17:00:00,Lakeside
LA-SU-03,Support,2026-03-05 08:00:00,2026-03-05 17:00:00,Lakeside
LA-PR-03,Provider,2026-03-05 09:00:00,2026-03-05 17:00:00,Lakeside
LA-PR-01,Provider,2026-03-06 08:00:00,2026-03-06 17:00:00,Lakeside
LA-PR-02,Provider,2026-03-06 08:00:00,2026-03-06 17:00:00,Lakeside
LA-SU-01,Support,2026-03-06 08:00:00,2026-03-06 17:00:00,Lakeside
LA-SU-02,Support,2026-03-06 08:00:00,2026-03-06 17:00:00,Lakeside
LA-SU-03,Support,2026-03-06 08:00:00,2026-03-06 17:00:00,Lakeside
LA-PR-03,Provider,2026-03-06 09:00:00,2026-03-06 17:00:00,Lakeside
LA-PR-01,Provider,2026-03-07 08:00:00,2026-03-07 13:00:00,Lakeside
LA-PR-02,Provider,2026-03-07 08:00:00,2026-03-07 13:00:00,Lakeside
LA-SU-01,Support,2026-03-07 08:00:00,2026-03-07 13:00:00,Lakeside
LA-SU-02,Support,2026-03-07 08:00:00,2026-03-07 13:00:00,Lakeside
LA-SU-03,Support,2026-03-07 08:00:00,2026-03-07 13:00:00,Lakeside
LA-PR-03,Provider,2026-03-07 09:00:00,2026-03-07 13:00:00,Lakeside
LA-PR-01,Provider,2026-03-09 08:00:00,2026-03-09 17:00:00,Lakeside
LA-PR-02,Provider,2026-03-09 08:00:00,2026-03-09 17:00:00,Lakeside
LA-SU-01,Support,2026-03-09 08:00:00,2026-03-09 17:00:00,Lakeside
LA-SU-02,Support,2026-03-09 08:00:00,2026-03-09 17:00:00,Lakeside
LA-SU-03,Support,2026-03-09 08:00:00,2026-03-09 17:00:00,Lakeside
LA-PR-03,Provider,2026-03-09 09:00:00,2026-03-09 17:00:00,Lakeside
LA-PR-01,Provider,2026-03-10 08:00:00,2026-03-10 17:00:00,Lakeside
LA-PR-02,Provider,2026-03-10 08:00:00,2026-03-10 17:00:00,Lakeside
LA-SU-01,Support,2026-03-10 08:00:00,2026-03-10 17:00:00,Lakeside
LA-SU-02,Support,2026-03-10 08:00:00,2026-03-10 17:00:00,Lakeside
LA-SU-03,Support,2026-03-10 08:00:00,2026-03-10 17:00:00,Lakeside
LA-PR-03,Provider,2026-03-10 09:00:00,2026-03-10 17:00:00,Lakeside
LA-PR-01,Provider,2026-03-11 08:00:00,2026-03-11 17:00:00,Lakeside
LA-PR-02,Provider,2026-03-11 08:00:00,2026-03-11 17:00:00,Lakeside
LA-SU-01,Support,2026-03-11 08:00:00,2026-03-11 17:00:00,Lakeside
LA-SU-02,Support,2026-03-11 08:00:00,2026-03-11 17:00:00,Lakeside
LA-SU-03,Support,2026-03-11 08:00:00,2026-03-11 17:00:00,Lakeside
LA-PR-03,Provider,2026-03-11 09:00:00,2026-03-11 17:00:00,Lakeside
LA-PR-01,Provider,2026-03-12 08:00:00,2026-03-12 17:00:00,Lakeside
LA-PR-02,Provider,2026-03-12 08:00:00,2026-03-12 17:00:00,Lakeside
LA-SU-01,Support,2026-03-12 08:00:00,2026-03-12 17:00:00,Lakeside
LA-SU-02,Support,2026-03-12 08:00:00,2026-03-12 17:00:00,Lakeside
LA-SU-03,Support,2026-03-12 08:00:00,2026-03-12 17:00:00,Lakeside
LA-PR-03,Provider,2026-03-12 09:00:00,2026-03-12 17:00:00,Lakeside
LA-PR-01,Provider,2026-03-13 08:00:00,2026-03-13 17:00:00,Lakeside
LA-PR-02,Provider,2026-03-13 08:00:00,2026-03-13 17:00:00,Lakeside
LA-SU-01,Support,2026-03-13 08:00:00,2026-03-13 17:00:00,Lakeside
LA-SU-02,Support,2026-03-13 08:00:00,2026-03-13 17:00:00,Lakeside
LA-SU-03,Support,2026-03-13 08:00:00,2026-03-13 17:00:00,Lakeside
LA-PR-03,Provider,2026-03-13 09:00:00,2026-03-13 17:00:00,Lakeside
LA-PR-01,Provider,2026-03-14 08:00:00,2026-03-14 13:00:00,Lakeside
LA-PR-02,Provider,2026-03-14 08:00:00,2026-03-14 13:00:00,Lakeside
LA-SU-01,Support,2026-03-14 08:00:00,2026-03-14 13:00:00,Lakeside
LA-SU-02,Support,2026-03-14 08:00:00,2026-03-14 13:00:00,Lakeside
LA-SU-03,Support,2026-03-14 08:00:00,2026-03-14 13:00:00,Lakeside
LA-PR-03,Provider,2026-03-14 09:00:00,2026-03-14 13:00:00,Lakeside
LA-PR-01,Provider,2026-03-16 08:00:00,2026-03-16 17:00:00,Lakeside
LA-PR-02,Provider,2026-03-16 08:00:00,2026-03-16 17:00:00,Lakeside
LA-SU-01,Support,2026-03-16 08:00:00,2026-03-16 17:00:00,Lakeside
LA-SU-02,Support,2026-03-16 08:00:00,2026-03-16 17:00:00,Lakeside
LA-SU-03,Support,2026-03-16 08:00:00,2026-03-16 17:00:00,Lakeside
LA-PR-03,Provider,2026-03-16 09:00:00,2026-03-16 17:00:00,Lakeside
LA-PR-01,Provider,2026-03-17 08:00:00,2026-03-17 17:00:00,Lakeside
LA-PR-02,Provider,2026-03-17 08:00:00,2026-03-17 17:00:00,Lakeside
LA-SU-01,Support,2026-03-17 08:00:00,2026-03-17 17:00:00,Lakeside
LA-SU-02,Support,2026-03-17 08:00:00,2026-03-17 17:00:00,Lakeside
LA-SU-03,Support,2026-03-17 08:00:00,2026-03-17 17:00:00,Lakeside
LA-PR-03,Provider,2026-03-17 09:00:00,2026-03-17 17:00:00,Lakeside
LA-PR-01,Provider,2026-03-18 08:00:00,2026-03-18 17:00:00,Lakeside
LA-PR-02,Provider,2026-03-18 08:00:00,2026-03-18 17:00:00,Lakeside
LA-SU-01,Support,2026-03-18 08:00:00,2026-03-18 17:00:00,Lakeside
LA-SU-02,Support,2026-03-18 08:00:00,2026-03-18 17:00:00,Lakeside
LA-SU-03,Support,2026-03-18 08:00:00,2026-03-18 17:00:00,Lakeside
LA-PR-03,Provider,2026-03-18 09:00:00,2026-03-18 17:00:00,Lakeside
LA-PR-01,Provider,2026-03-19 08:00:00,2026-03-19 17:00:00,Lakeside
LA-PR-02,Provider,2026-03-19 08:00:00,2026-03-19 17:00:00,Lakeside
LA-SU-01,Support,2026-03-19 08:00:00,2026-03-19 17:00:00,Lakeside
LA-SU-02,Support,2026-03-19 08:00:00,2026-03-19 17:00:00,Lakeside
LA-SU-03,Support,2026-03-19 08:00:00,2026-03-19 17:00:00,Lakeside
LA-PR-03,Provider,2026-03-19 09:00:00,2026-03-19 17:00:00,Lakeside
LA-PR-01,Provider,2026-03-20 08:00:00,2026-03-20 17:00:00,Lakeside
LA-PR-02,Provider,2026-03-20 08:00:00,2026-03-20 17:00:00,Lakeside
LA-SU-01,Support,2026-03-20 08:00:00,2026-03-20 17:00:00,Lakeside
LA-SU-02,Support,2026-03-20 08:00:00,2026-03-20 17:00:00,Lakeside
LA-SU-03,Support,2026-03-20 08:00:00,2026-03-20 17:00:00,Lakeside
LA-PR-03,Provider,2026-03-20 09:00:00,2026-03-20 17:00:00,Lakeside
LA-PR-01,Provider,2026-03-21 08:00:00,2026-03-21 13:00:00,Lakeside
LA-PR-02,Provider,2026-03-21 08:00:00,2026-03-21 13:00:00,Lakeside
LA-SU-01,Support,2026-03-21 08:00:00,2026-03-21 13:00:00,Lakeside
LA-SU-02,Support,2026-03-21 08:00:00,2026-03-21 13:00:00,Lakeside
LA-SU-03,Support,2026-03-21 08:00:00,2026-03-21 13:00:00,Lakeside
LA-PR-03,Provider,2026-03-21 09:00:00,2026-03-21 13:00:00,Lakeside
LA-PR-01,Provider,2026-03-23 08:00:00,2026-03-23 17:00:00,Lakeside
LA-PR-02,Provider,2026-03-23 08:00:00,2026-03-23 17:00:00,Lakeside
LA-SU-01,Support,2026-03-23 08:00:00,2026-03-23 17:00:00,Lakeside
LA-SU-02,Support,2026-03-23 08:00:00,2026-03-23 17:00:00,Lakeside
LA-SU-03,Support,2026-03-23 08:00:00,2026-03-23 17:00:00,Lakeside
LA-PR-03,Provider,2026-03-23 09:00:00,2026-03-23 17:00:00,Lakeside
LA-PR-01,Provider,2026-03-24 08:00:00,2026-03-24 17:00:00,Lakeside
LA-PR-02,Provider,2026-03-24 08:00:00,2026-03-24 17:00:00,Lakeside
LA-SU-01,Support,2026-03-24 08:00:00,2026-03-24 17:00:00,Lakeside
LA-SU-02,Support,2026-03-24 08:00:00,2026-03-24 17:00:00,Lakeside
LA-SU-03,Support,2026-03-24 08:00:00,2026-03-24 17:00:00,Lakeside
LA-PR-03,Provider,2026-03-24 09:00:00,2026-03-24 17:00:00,Lakeside
LA-PR-01,Provider,2026-03-25 08:00:00,2026-03-25 17:00:00,Lakeside
LA-PR-02,Provider,2026-03-25 08:00:00,2026-03-25 17:00:00,Lakeside
LA-SU-01,Support,2026-03-25 08:00:00,2026-03-25 17:00:00,Lakeside
LA-SU-02,Support,2026-03-25 08:00:00,2026-03-25 17:00:00,Lakeside
LA-SU-03,Support,2026-03-25 08:00:00,2026-03-25 17:00:00,Lakeside
LA-PR-03,Provider,2026-03-25 09:00:00,2026-03-25 17:00:00,Lakeside
LA-PR-01,Provider,2026-03-26 08:00:00,2026-03-26 17:00:00,Lakeside
LA-PR-02,Provider,2026-03-26 08:00:00,2026-03-26 17:00:00,Lakeside
LA-SU-01,Support,2026-03-26 08:00:00,2026-03-26 17:00:00,Lakeside
LA-SU-02,Support,2026-03-26 08:00:00,2026-03-26 17:00:00,Lakeside
LA-SU-03,Support,2026-03-26 08:00:00,2026-03-26 17:00:00,Lakeside
LA-PR-03,Provider,2026-03-26 09:00:00,2026-03-26 17:00:00,Lakeside
LA-PR-01,Provider,2026-03-27 08:00:00,2026-03-27 17:00:00,Lakeside
LA-PR-02,Provider,2026-03-27 08:00:00,2026-03-27 17:00:00,Lakeside
LA-SU-01,Support,2026-03-27 08:00:00,2026-03-27 17:00:00,Lakeside
LA-SU-02,Support,2026-03-27 08:00:00,2026-03-27 17:00:00,Lakeside
LA-SU-03,Support,2026-03-27 08:00:00,2026-03-27 17:00:00,Lakeside
LA-PR-03,Provider,2026-03-27 09:00:00,2026-03-27 17:00:00,Lakeside
LA-PR-01,Provider,2026-03-28 08:00:00,2026-03-28 13:00:00,Lakeside
LA-PR-02,Provider,2026-03-28 08:00:00,2026-03-28 13:00:00,Lakeside
LA-SU-01,Support,2026-03-28 08:00:00,2026-03-28 13:00:00,Lakeside
LA-SU-02,Support,2026-03-28 08:00:00,2026-03-28 13:00:00,Lakeside
LA-SU-03,Support,2026-03-28 08:00:00,2026-03-28 13:00:00,Lakeside
LA-PR-03,Provider,2026-03-28 09:00:00,2026-03-28 13:00:00,Lakeside
LA-PR-01,Provider,2026-03-30 08:00:00,2026-03-30 17:00:00,Lakeside
LA-PR-02,Provider,2026-03-30 08:00:00,2026-03-30 17:00:00,Lakeside
LA-SU-01,Support,2026-03-30 08:00:00,2026-03-30 17:00:00,Lakeside
LA-SU-02,Support,2026-03-30 08:00:00,2026-03-30 17:00:00,Lakeside
LA-SU-03,Support,2026-03-30 08:00:00,2026-03-30 17:00:00,Lakeside
LA-PR-03,Provider,2026-03-30 09:00:00,2026-03-30 17:00:00,Lakeside
LA-PR-01,Provider,2026-03-31 08:00:00,2026-03-31 17:00:00,Lakeside
LA-PR-02,Provider,2026-03-31 08:00:00,2026-03-31 17:00:00,Lakeside
LA-SU-01,Support,2026-03-31 08:00:00,2026-03-31 17:00:00,Lakeside
LA-SU-02,Support,2026-03-31 08:00:00,2026-03-31 17:00:00,Lakeside
LA-SU-03,Support,2026-03-31 08:00:00,2026-03-31 17:00:00,Lakeside
LA-PR-03,Provider,2026-03-31 09:00:00,2026-03-31 17:00:00,Lakeside
LA-PR-01,Provider,2026-04-01 08:00:00,2026-04-01 17:00:00,Lakeside
LA-PR-02,Provider,2026-04-01 08:00:00,2026-04-01 17:00:00,Lakeside
LA-SU-01,Support,2026-04-01 08:00:00,2026-04-01 17:00:00,Lakeside
LA-SU-02,Support,2026-04-01 08:00:00,2026-04-01 17:00:00,Lakeside
LA-SU-03,Support,2026-04-01 08:00:00,2026-04-01 17:00:00,Lakeside
LA-PR-03,Provider,2026-04-01 09:00:00,2026-04-01 17:00:00,Lakeside
LA-PR-01,Provider,2026-04-02 08:00:00,2026-04-02 17:00:00,Lakeside
LA-PR-02,Provider,2026-04-02 08:00:00,2026-04-02 17:00:00,Lakeside
LA-SU-01,Support,2026-04-02 08:00:00,2026-04-02 17:00:00,Lakeside
LA-SU-02,Support,2026-04-02 08:00:00,2026-04-02 17:00:00,Lakeside
LA-SU-03,Support,2026-04-02 08:00:00,2026-04-02 17:00:00,Lakeside
LA-PR-03,Provider,2026-04-02 09:00:00,2026-04-02 17:00:00,Lakeside
LA-PR-01,Provider,2026-04-03 08:00:00,2026-04-03 17:00:00,Lakeside
LA-PR-02,Provider,2026-04-03 08:00:00,2026-04-03 17:00:00,Lakeside
LA-SU-01,Support,2026-04-03 08:00:00,2026-04-03 17:00:00,Lakeside
LA-SU-02,Support,2026-04-03 08:00:00,2026-04-03 17:00:00,Lakeside
LA-SU-03,Support,2026-04-03 08:00:00,2026-04-03 17:00:00,Lakeside
LA-PR-03,Provider,2026-04-03 09:00:00,2026-04-03 17:00:00,Lakeside
LA-PR-01,Provider,2026-04-04 08:00:00,2026-04-04 13:00:00,Lakeside
LA-PR-02,Provider,2026-04-04 08:00:00,2026-04-04 13:00:00,Lakeside
LA-SU-01,Support,2026-04-04 08:00:00,2026-04-04 13:00:00,Lakeside
LA-SU-02,Support,2026-04-04 08:00:00,2026-04-04 13:00:00,Lakeside
LA-SU-03,Support,2026-04-04 08:00:00,2026-04-04 13:00:00,Lakeside
LA-PR-03,Provider,2026-04-04 09:00:00,2026-04-04 13:00:00,Lakeside
LA-PR-01,Provider,2026-04-06 08:00:00,2026-04-06 17:00:00,Lakeside
LA-PR-02,Provider,2026-04-06 08:00:00,2026-04-06 17:00:00,Lakeside
LA-SU-01,Support,2026-04-06 08:00:00,2026-04-06 17:00:00,Lakeside
LA-SU-02,Support,2026-04-06 08:00:00,2026-04-06 17:00:00,Lakeside
LA-SU-03,Support,2026-04-06 08:00:00,2026-04-06 17:00:00,Lakeside
LA-PR-03,Provider,2026-04-06 09:00:00,2026-04-06 17:00:00,Lakeside
LA-PR-01,Provider,2026-04-07 08:00:00,2026-04-07 17:00:00,Lakeside
LA-PR-02,Provider,2026-04-07 08:00:00,2026-04-07 17:00:00,Lakeside
LA-SU-01,Support,2026-04-07 08:00:00,2026-04-07 17:00:00,Lakeside
LA-SU-02,Support,2026-04-07 08:00:00,2026-04-07 17:00:00,Lakeside
LA-SU-03,Support,2026-04-07 08:00:00,2026-04-07 17:00:00,Lakeside
LA-PR-03,Provider,2026-04-07 09:00:00,2026-04-07 17:00:00,Lakeside
LA-PR-01,Provider,2026-04-08 08:00:00,2026-04-08 17:00:00,Lakeside
LA-PR-02,Provider,2026-04-08 08:00:00,2026-04-08 17:00:00,Lakeside
LA-SU-01,Support,2026-04-08 08:00:00,2026-04-08 17:00:00,Lakeside
LA-SU-02,Support,2026-04-08 08:00:00,2026-04-08 17:00:00,Lakeside
LA-SU-03,Support,2026-04-08 08:00:00,2026-04-08 17:00:00,Lakeside
LA-PR-03,Provider,2026-04-08 09:00:00,2026-04-08 17:00:00,Lakeside
LA-PR-01,Provider,2026-04-09 08:00:00,2026-04-09 17:00:00,Lakeside
LA-PR-02,Provider,2026-04-09 08:00:00,2026-04-09 17:00:00,Lakeside
LA-SU-01,Support,2026-04-09 08:00:00,2026-04-09 17:00:00,Lakeside
LA-SU-02,Support,2026-04-09 08:00:00,2026-04-09 17:00:00,Lakeside
LA-SU-03,Support,2026-04-09 08:00:00,2026-04-09 17:00:00,Lakeside
LA-PR-03,Provider,2026-04-09 09:00:00,2026-04-09 17:00:00,Lakeside
LA-PR-01,Provider,2026-04-10 08:00:00,2026-04-10 17:00:00,Lakeside
LA-PR-02,Provider,2026-04-10 08:00:00,2026-04-10 17:00:00,Lakeside
LA-SU-01,Support,2026-04-10 08:00:00,2026-04-10 17:00:00,Lakeside
LA-SU-02,Support,2026-04-10 08:00:00,2026-04-10 17:00:00,Lakeside
LA-SU-03,Support,2026-04-10 08:00:00,2026-04-10 17:00:00,Lakeside
LA-PR-03,Provider,2026-04-10 09:00:00,2026-04-10 17:00:00,Lakeside
LA-PR-01,Provider,2026-04-11 08:00:00,2026-04-11 13:00:00,Lakeside
LA-PR-02,Provider,2026-04-11 08:00:00,2026-04-11 13:00:00,Lakeside
LA-SU-01,Support,2026-04-11 08:00:00,2026-04-11 13:00:00,Lakeside
LA-SU-02,Support,2026-04-11 08:00:00,2026-04-11 13:00:00,Lakeside
LA-SU-03,Support,2026-04-11 08:00:00,2026-04-11 13:00:00,Lakeside
LA-PR-03,Provider,2026-04-11 09:00:00,2026-04-11 13:00:00,Lakeside
LA-PR-01,Provider,2026-04-13 08:00:00,2026-04-13 17:00:00,Lakeside
LA-PR-02,Provider,2026-04-13 08:00:00,2026-04-13 17:00:00,Lakeside
LA-SU-01,Support,2026-04-13 08:00:00,2026-04-13 17:00:00,Lakeside
LA-SU-02,Support,2026-04-13 08:00:00,2026-04-13 17:00:00,Lakeside
LA-SU-03,Support,2026-04-13 08:00:00,2026-04-13 17:00:00,Lakeside
LA-PR-03,Provider,2026-04-13 09:00:00,2026-04-13 17:00:00,Lakeside
LA-PR-01,Provider,2026-04-14 08:00:00,2026-04-14 17:00:00,Lakeside
LA-PR-02,Provider,2026-04-14 08:00:00,2026-04-14 17:00:00,Lakeside
LA-SU-01,Support,2026-04-14 08:00:00,2026-04-14 17:00:00,Lakeside
LA-SU-02,Support,2026-04-14 08:00:00,2026-04-14 17:00:00,Lakeside
LA-SU-03,Support,2026-04-14 08:00:00,2026-04-14 17:00:00,Lakeside
LA-PR-03,Provider,2026-04-14 09:00:00,2026-04-14 17:00:00,Lakeside
LA-PR-01,Provider,2026-04-15 08:00:00,2026-04-15 17:00:00,Lakeside
LA-PR-02,Provider,2026-04-15 08:00:00,2026-04-15 17:00:00,Lakeside
LA-SU-01,Support,2026-04-15 08:00:00,2026-04-15 17:00:00,Lakeside
LA-SU-02,Support,2026-04-15 08:00:00,2026-04-15 17:00:00,Lakeside
LA-SU-03,Support,2026-04-15 08:00:00,2026-04-15 17:00:00,Lakeside
LA-PR-03,Provider,2026-04-15 09:00:00,2026-04-15 17:00:00,Lakeside
LA-PR-01,Provider,2026-04-16 08:00:00,2026-04-16 17:00:00,Lakeside
LA-PR-02,Provider,2026-04-16 08:00:00,2026-04-16 17:00:00,Lakeside
LA-SU-01,Support,2026-04-16 08:00:00,2026-04-16 17:00:00,Lakeside
LA-SU-02,Support,2026-04-16 08:00:00,2026-04-16 17:00:00,Lakeside
LA-SU-03,Support,2026-04-16 08:00:00,2026-04-16 17:00:00,Lakeside
LA-PR-03,Provider,2026-04-16 09:00:00,2026-04-16 17:00:00,Lakeside
LA-PR-01,Provider,2026-04-17 08:00:00,2026-04-17 17:00:00,Lakeside
LA-PR-02,Provider,2026-04-17 08:00:00,2026-04-17 17:00:00,Lakeside
LA-SU-01,Support,2026-04-17 08:00:00,2026-04-17 17:00:00,Lakeside
LA-SU-02,Support,2026-04-17 08:00:00,2026-04-17 17:00:00,Lakeside
LA-SU-03,Support,2026-04-17 08:00:00,2026-04-17 17:00:00,Lakeside
LA-PR-03,Provider,2026-04-17 09:00:00,2026-04-17 17:00:00,Lakeside
LA-PR-01,Provider,2026-04-18 08:00:00,2026-04-18 13:00:00,Lakeside
LA-PR-02,Provider,2026-04-18 08:00:00,2026-04-18 13:00:00,Lakeside
LA-SU-01,Support,2026-04-18 08:00:00,2026-04-18 13:00:00,Lakeside
LA-SU-02,Support,2026-04-18 08:00:00,2026-04-18 13:00:00,Lakeside
LA-SU-03,Support,2026-04-18 08:00:00,2026-04-18 13:00:00,Lakeside
LA-PR-03,Provider,2026-04-18 09:00:00,2026-04-18 13:00:00,Lakeside
LA-PR-01,Provider,2026-04-20 08:00:00,2026-04-20 17:00:00,Lakeside
LA-PR-02,Provider,2026-04-20 08:00:00,2026-04-20 17:00:00,Lakeside
LA-SU-01,Support,2026-04-20 08:00:00,2026-04-20 17:00:00,Lakeside
LA-SU-02,Support,2026-04-20 08:00:00,2026-04-20 17:00:00,Lakeside
LA-SU-03,Support,2026-04-20 08:00:00,2026-04-20 17:00:00,Lakeside
LA-PR-03,Provider,2026-04-20 09:00:00,2026-04-20 17:00:00,Lakeside
LA-PR-01,Provider,2026-04-21 08:00:00,2026-04-21 17:00:00,Lakeside
LA-PR-02,Provider,2026-04-21 08:00:00,2026-04-21 17:00:00,Lakeside
LA-SU-01,Support,2026-04-21 08:00:00,2026-04-21 17:00:00,Lakeside
LA-SU-02,Support,2026-04-21 08:00:00,2026-04-21 17:00:00,Lakeside
LA-SU-03,Support,2026-04-21 08:00:00,2026-04-21 17:00:00,Lakeside
LA-PR-03,Provider,2026-04-21 09:00:00,2026-04-21 17:00:00,Lakeside
LA-PR-01,Provider,2026-04-22 08:00:00,2026-04-22 17:00:00,Lakeside
LA-PR-02,Provider,2026-04-22 08:00:00,2026-04-22 17:00:00,Lakeside
LA-SU-01,Support,2026-04-22 08:00:00,2026-04-22 17:00:00,Lakeside
LA-SU-02,Support,2026-04-22 08:00:00,2026-04-22 17:00:00,Lakeside
LA-SU-03,Support,2026-04-22 08:00:00,2026-04-22 17:00:00,Lakeside
LA-PR-03,Provider,2026-04-22 09:00:00,2026-04-22 17:00:00,Lakeside
LA-PR-01,Provider,2026-04-23 08:00:00,2026-04-23 17:00:00,Lakeside
LA-PR-02,Provider,2026-04-23 08:00:00,2026-04-23 17:00:00,Lakeside
LA-SU-01,Support,2026-04-23 08:00:00,2026-04-23 17:00:00,Lakeside
LA-SU-02,Support,2026-04-23 08:00:00,2026-04-23 17:00:00,Lakeside
LA-SU-03,Support,2026-04-23 08:00:00,2026-04-23 17:00:00,Lakeside
LA-PR-03,Provider,2026-04-23 09:00:00,2026-04-23 17:00:00,Lakeside
LA-PR-01,Provider,2026-04-24 08:00:00,2026-04-24 17:00:00,Lakeside
LA-PR-02,Provider,2026-04-24 08:00:00,2026-04-24 17:00:00,Lakeside
LA-SU-01,Support,2026-04-24 08:00:00,2026-04-24 17:00:00,Lakeside
LA-SU-02,Support,2026-04-24 08:00:00,2026-04-24 17:00:00,Lakeside
LA-SU-03,Support,2026-04-24 08:00:00,2026-04-24 17:00:00,Lakeside
LA-PR-03,Provider,2026-04-24 09:00:00,2026-04-24 17:00:00,Lakeside
LA-PR-01,Provider,2026-04-25 08:00:00,2026-04-25 13:00:00,Lakeside
LA-PR-02,Provider,2026-04-25 08:00:00,2026-04-25 13:00:00,Lakeside
LA-SU-01,Support,2026-04-25 08:00:00,2026-04-25 13:00:00,Lakeside
LA-SU-02,Support,2026-04-25 08:00:00,2026-04-25 13:00:00,Lakeside
LA-SU-03,Support,2026-04-25 08:00:00,2026-04-25 13:00:00,Lakeside
LA-PR-03,Provider,2026-04-25 09:00:00,2026-04-25 13:00:00,Lakeside
LA-PR-01,Provider,2026-04-27 08:00:00,2026-04-27 17:00:00,Lakeside
LA-PR-02,Provider,2026-04-27 08:00:00,2026-04-27 17:00:00,Lakeside
LA-SU-01,Support,2026-04-27 08:00:00,2026-04-27 17:00:00,Lakeside
LA-SU-02,Support,2026-04-27 08:00:00,2026-04-27 17:00:00,Lakeside
LA-SU-03,Support,2026-04-27 08:00:00,2026-04-27 17:00:00,Lakeside
LA-PR-03,Provider,2026-04-27 09:00:00,2026-04-27 17:00:00,Lakeside
LA-PR-01,Provider,2026-04-28 08:00:00,2026-04-28 17:00:00,Lakeside
LA-PR-02,Provider,2026-04-28 08:00:00,2026-04-28 17:00:00,Lakeside
LA-SU-01,Support,2026-04-28 08:00:00,2026-04-28 17:00:00,Lakeside
LA-SU-02,Support,2026-04-28 08:00:00,2026-04-28 17:00:00,Lakeside
LA-SU-03,Support,2026-04-28 08:00:00,2026-04-28 17:00:00,Lakeside
LA-PR-03,Provider,2026-04-28 09:00:00,2026-04-28 17:00:00,Lakeside
LA-PR-01,Provider,2026-04-29 08:00:00,2026-04-29 17:00:00,Lakeside
LA-PR-02,Provider,2026-04-29 08:00:00,2026-04-29 17:00:00,Lakeside
LA-SU-01,Support,2026-04-29 08:00:00,2026-04-29 17:00:00,Lakeside
LA-SU-02,Support,2026-04-29 08:00:00,2026-04-29 17:00:00,Lakeside
LA-SU-03,Support,2026-04-29 08:00:00,2026-04-29 17:00:00,Lakeside
LA-PR-03,Provider,2026-04-29 09:00:00,2026-04-29 17:00:00,Lakeside
LA-PR-01,Provider,2026-04-30 08:00:00,2026-04-30 17:00:00,Lakeside
LA-PR-02,Provider,2026-04-30 08:00:00,2026-04-30 17:00:00,Lakeside
LA-SU-01,Support,2026-04-30 08:00:00,2026-04-30 17:00:00,Lakeside
LA-SU-02,Support,2026-04-30 08:00:00,2026-04-30 17:00:00,Lakeside
LA-SU-03,Support,2026-04-30 08:00:00,2026-04-30 17:00:00,Lakeside
LA-PR-03,Provider,2026-04-30 09:00:00,2026-04-30 17:00:00,Lakeside
LA-PR-01,Provider,2026-05-01 08:00:00,2026-05-01 17:00:00,Lakeside
LA-PR-02,Provider,2026-05-01 08:00:00,2026-05-01 17:00:00,Lakeside
LA-SU-01,Support,2026-05-01 08:00:00,2026-05-01 17:00:00,Lakeside
LA-SU-02,Support,2026-05-01 08:00:00,2026-05-01 17:00:00,Lakeside
LA-SU-03,Support,2026-05-01 08:00:00,2026-05-01 17:00:00,Lakeside
LA-PR-03,Provider,2026-05-01 09:00:00,2026-05-01 17:00:00,Lakeside
LA-PR-01,Provider,2026-05-02 08:00:00,2026-05-02 13:00:00,Lakeside
LA-PR-02,Provider,2026-05-02 08:00:00,2026-05-02 13:00:00,Lakeside
LA-SU-01,Support,2026-05-02 08:00:00,2026-05-02 13:00:00,Lakeside
LA-SU-02,Support,2026-05-02 08:00:00,2026-05-02 13:00:00,Lakeside
LA-SU-03,Support,2026-05-02 08:00:00,2026-05-02 13:00:00,Lakeside
LA-PR-03,Provider,2026-05-02 09:00:00,2026-05-02 13:00:00,Lakeside
LA-PR-01,Provider,2026-05-04 08:00:00,2026-05-04 17:00:00,Lakeside
LA-PR-02,Provider,2026-05-04 08:00:00,2026-05-04 17:00:00,Lakeside
LA-SU-01,Support,2026-05-04 08:00:00,2026-05-04 17:00:00,Lakeside
LA-SU-02,Support,2026-05-04 08:00:00,2026-05-04 17:00:00,Lakeside
LA-SU-03,Support,2026-05-04 08:00:00,2026-05-04 17:00:00,Lakeside
LA-PR-03,Provider,2026-05-04 09:00:00,2026-05-04 17:00:00,Lakeside
LA-PR-01,Provider,2026-05-05 08:00:00,2026-05-05 17:00:00,Lakeside
LA-PR-02,Provider,2026-05-05 08:00:00,2026-05-05 17:00:00,Lakeside
LA-SU-01,Support,2026-05-05 08:00:00,2026-05-05 17:00:00,Lakeside
LA-SU-02,Support,2026-05-05 08:00:00,2026-05-05 17:00:00,Lakeside
LA-SU-03,Support,2026-05-05 08:00:00,2026-05-05 17:00:00,Lakeside
LA-PR-03,Provider,2026-05-05 09:00:00,2026-05-05 17:00:00,Lakeside
LA-PR-01,Provider,2026-05-06 08:00:00,2026-05-06 17:00:00,Lakeside
LA-PR-02,Provider,2026-05-06 08:00:00,2026-05-06 17:00:00,Lakeside
LA-SU-01,Support,2026-05-06 08:00:00,2026-05-06 17:00:00,Lakeside
LA-SU-02,Support,2026-05-06 08:00:00,2026-05-06 17:00:00,Lakeside
LA-SU-03,Support,2026-05-06 08:00:00,2026-05-06 17:00:00,Lakeside
LA-PR-03,Provider,2026-05-06 09:00:00,2026-05-06 17:00:00,Lakeside
LA-PR-01,Provider,2026-05-07 08:00:00,2026-05-07 17:00:00,Lakeside
LA-PR-02,Provider,2026-05-07 08:00:00,2026-05-07 17:00:00,Lakeside
LA-SU-01,Support,2026-05-07 08:00:00,2026-05-07 17:00:00,Lakeside
LA-SU-02,Support,2026-05-07 08:00:00,2026-05-07 17:00:00,Lakeside
LA-SU-03,Support,2026-05-07 08:00:00,2026-05-07 17:00:00,Lakeside
LA-PR-03,Provider,2026-05-07 09:00:00,2026-05-07 17:00:00,Lakeside
LA-PR-01,Provider,2026-05-08 08:00:00,2026-05-08 17:00:00,Lakeside
LA-PR-02,Provider,2026-05-08 08:00:00,2026-05-08 17:00:00,Lakeside
LA-SU-01,Support,2026-05-08 08:00:00,2026-05-08 17:00:00,Lakeside
LA-SU-02,Support,2026-05-08 08:00:00,2026-05-08 17:00:00,Lakeside
LA-SU-03,Support,2026-05-08 08:00:00,2026-05-08 17:00:00,Lakeside
LA-PR-03,Provider,2026-05-08 09:00:00,2026-05-08 17:00:00,Lakeside
LA-PR-01,Provider,2026-05-09 08:00:00,2026-05-09 13:00:00,Lakeside
LA-PR-02,Provider,2026-05-09 08:00:00,2026-05-09 13:00:00,Lakeside
LA-SU-01,Support,2026-05-09 08:00:00,2026-05-09 13:00:00,Lakeside
LA-SU-02,Support,2026-05-09 08:00:00,2026-05-09 13:00:00,Lakeside
LA-SU-03,Support,2026-05-09 08:00:00,2026-05-09 13:00:00,Lakeside
LA-PR-03,Provider,2026-05-09 09:00:00,2026-05-09 13:00:00,Lakeside
LA-PR-01,Provider,2026-05-11 08:00:00,2026-05-11 17:00:00,Lakeside
LA-PR-02,Provider,2026-05-11 08:00:00,2026-05-11 17:00:00,Lakeside
LA-SU-01,Support,2026-05-11 08:00:00,2026-05-11 17:00:00,Lakeside
LA-SU-02,Support,2026-05-11 08:00:00,2026-05-11 17:00:00,Lakeside
LA-SU-03,Support,2026-05-11 08:00:00,2026-05-11 17:00:00,Lakeside
LA-PR-03,Provider,2026-05-11 09:00:00,2026-05-11 17:00:00,Lakeside
LA-PR-01,Provider,2026-05-12 08:00:00,2026-05-12 17:00:00,Lakeside
LA-PR-02,Provider,2026-05-12 08:00:00,2026-05-12 17:00:00,Lakeside
LA-SU-01,Support,2026-05-12 08:00:00,2026-05-12 17:00:00,Lakeside
LA-SU-02,Support,2026-05-12 08:00:00,2026-05-12 17:00:00,Lakeside
LA-SU-03,Support,2026-05-12 08:00:00,2026-05-12 17:00:00,Lakeside
LA-PR-03,Provider,2026-05-12 09:00:00,2026-05-12 17:00:00,Lakeside
LA-PR-01,Provider,2026-05-13 08:00:00,2026-05-13 17:00:00,Lakeside
LA-PR-02,Provider,2026-05-13 08:00:00,2026-05-13 17:00:00,Lakeside
LA-SU-01,Support,2026-05-13 08:00:00,2026-05-13 17:00:00,Lakeside
LA-SU-02,Support,2026-05-13 08:00:00,2026-05-13 17:00:00,Lakeside
LA-SU-03,Support,2026-05-13 08:00:00,2026-05-13 17:00:00,Lakeside
LA-PR-03,Provider,2026-05-13 09:00:00,2026-05-13 17:00:00,Lakeside
LA-PR-01,Provider,2026-05-14 08:00:00,2026-05-14 17:00:00,Lakeside
LA-PR-02,Provider,2026-05-14 08:00:00,2026-05-14 17:00:00,Lakeside
LA-SU-01,Support,2026-05-14 08:00:00,2026-05-14 17:00:00,Lakeside
LA-SU-02,Support,2026-05-14 08:00:00,2026-05-14 17:00:00,Lakeside
LA-SU-03,Support,2026-05-14 08:00:00,2026-05-14 17:00:00,Lakeside
LA-PR-03,Provider,2026-05-14 09:00:00,2026-05-14 17:00:00,Lakeside
LA-PR-01,Provider,2026-05-15 08:00:00,2026-05-15 17:00:00,Lakeside
LA-PR-02,Provider,2026-05-15 08:00:00,2026-05-15 17:00:00,Lakeside
LA-SU-01,Support,2026-05-15 08:00:00,2026-05-15 17:00:00,Lakeside
LA-SU-02,Support,2026-05-15 08:00:00,2026-05-15 17:00:00,Lakeside
LA-SU-03,Support,2026-05-15 08:00:00,2026-05-15 17:00:00,Lakeside
LA-PR-03,Provider,2026-05-15 09:00:00,2026-05-15 17:00:00,Lakeside
LA-PR-01,Provider,2026-05-16 08:00:00,2026-05-16 13:00:00,Lakeside
LA-PR-02,Provider,2026-05-16 08:00:00,2026-05-16 13:00:00,Lakeside
LA-SU-01,Support,2026-05-16 08:00:00,2026-05-16 13:00:00,Lakeside
LA-SU-02,Support,2026-05-16 08:00:00,2026-05-16 13:00:00,Lakeside
LA-SU-03,Support,2026-05-16 08:00:00,2026-05-16 13:00:00,Lakeside
LA-PR-03,Provider,2026-05-16 09:00:00,2026-05-16 13:00:00,Lakeside
LA-PR-01,Provider,2026-05-18 08:00:00,2026-05-18 17:00:00,Lakeside
LA-PR-02,Provider,2026-05-18 08:00:00,2026-05-18 17:00:00,Lakeside
LA-SU-01,Support,2026-05-18 08:00:00,2026-05-18 17:00:00,Lakeside
LA-SU-02,Support,2026-05-18 08:00:00,2026-05-18 17:00:00,Lakeside
LA-SU-03,Support,2026-05-18 08:00:00,2026-05-18 17:00:00,Lakeside
LA-PR-03,Provider,2026-05-18 09:00:00,2026-05-18 17:00:00,Lakeside
LA-PR-01,Provider,2026-05-19 08:00:00,2026-05-19 17:00:00,Lakeside
LA-PR-02,Provider,2026-05-19 08:00:00,2026-05-19 17:00:00,Lakeside
LA-SU-01,Support,2026-05-19 08:00:00,2026-05-19 17:00:00,Lakeside
LA-SU-02,Support,2026-05-19 08:00:00,2026-05-19 17:00:00,Lakeside
LA-SU-03,Support,2026-05-19 08:00:00,2026-05-19 17:00:00,Lakeside
LA-PR-03,Provider,2026-05-19 09:00:00,2026-05-19 17:00:00,Lakeside
LA-PR-01,Provider,2026-05-20 08:00:00,2026-05-20 17:00:00,Lakeside
LA-PR-02,Provider,2026-05-20 08:00:00,2026-05-20 17:00:00,Lakeside
LA-SU-01,Support,2026-05-20 08:00:00,2026-05-20 17:00:00,Lakeside
LA-SU-02,Support,2026-05-20 08:00:00,2026-05-20 17:00:00,Lakeside
LA-SU-03,Support,2026-05-20 08:00:00,2026-05-20 17:00:00,Lakeside
LA-PR-03,Provider,2026-05-20 09:00:00,2026-05-20 17:00:00,Lakeside
LA-PR-01,Provider,2026-05-21 08:00:00,2026-05-21 17:00:00,Lakeside
LA-PR-02,Provider,2026-05-21 08:00:00,2026-05-21 17:00:00,Lakeside
LA-SU-01,Support,2026-05-21 08:00:00,2026-05-21 17:00:00,Lakeside
LA-SU-02,Support,2026-05-21 08:00:00,2026-05-21 17:00:00,Lakeside
LA-SU-03,Support,2026-05-21 08:00:00,2026-05-21 17:00:00,Lakeside
LA-PR-03,Provider,2026-05-21 09:00:00,2026-05-21 17:00:00,Lakeside
LA-PR-01,Provider,2026-05-22 08:00:00,2026-05-22 17:00:00,Lakeside
LA-PR-02,Provider,2026-05-22 08:00:00,2026-05-22 17:00:00,Lakeside
LA-SU-01,Support,2026-05-22 08:00:00,2026-05-22 17:00:00,Lakeside
LA-SU-02,Support,2026-05-22 08:00:00,2026-05-22 17:00:00,Lakeside
LA-SU-03,Support,2026-05-22 08:00:00,2026-05-22 17:00:00,Lakeside
LA-PR-03,Provider,2026-05-22 09:00:00,2026-05-22 17:00:00,Lakeside
LA-PR-01,Provider,2026-05-23 08:00:00,2026-05-23 13:00:00,Lakeside
LA-PR-02,Provider,2026-05-23 08:00:00,2026-05-23 13:00:00,Lakeside
LA-SU-01,Support,2026-05-23 08:00:00,2026-05-23 13:00:00,Lakeside
LA-SU-02,Support,2026-05-23 08:00:00,2026-05-23 13:00:00,Lakeside
LA-SU-03,Support,2026-05-23 08:00:00,2026-05-23 13:00:00,Lakeside
LA-PR-03,Provider,2026-05-23 09:00:00,2026-05-23 13:00:00,Lakeside
LA-PR-01,Provider,2026-05-25 08:00:00,2026-05-25 17:00:00,Lakeside
LA-PR-02,Provider,2026-05-25 08:00:00,2026-05-25 17:00:00,Lakeside
LA-SU-01,Support,2026-05-25 08:00:00,2026-05-25 17:00:00,Lakeside
LA-SU-02,Support,2026-05-25 08:00:00,2026-05-25 17:00:00,Lakeside
LA-SU-03,Support,2026-05-25 08:00:00,2026-05-25 17:00:00,Lakeside
LA-PR-03,Provider,2026-05-25 09:00:00,2026-05-25 17:00:00,Lakeside
LA-PR-01,Provider,2026-05-26 08:00:00,2026-05-26 17:00:00,Lakeside
LA-PR-02,Provider,2026-05-26 08:00:00,2026-05-26 17:00:00,Lakeside
LA-SU-01,Support,2026-05-26 08:00:00,2026-05-26 17:00:00,Lakeside
LA-SU-02,Support,2026-05-26 08:00:00,2026-05-26 17:00:00,Lakeside
LA-SU-03,Support,2026-05-26 08:00:00,2026-05-26 17:00:00,Lakeside
LA-PR-03,Provider,2026-05-26 09:00:00,2026-05-26 17:00:00,Lakeside
LA-PR-01,Provider,2026-05-27 08:00:00,2026-05-27 17:00:00,Lakeside
LA-PR-02,Provider,2026-05-27 08:00:00,2026-05-27 17:00:00,Lakeside
LA-SU-01,Support,2026-05-27 08:00:00,2026-05-27 17:00:00,Lakeside
LA-SU-02,Support,2026-05-27 08:00:00,2026-05-27 17:00:00,Lakeside
LA-SU-03,Support,2026-05-27 08:00:00,2026-05-27 17:00:00,Lakeside
LA-PR-03,Provider,2026-05-27 09:00:00,2026-05-27 17:00:00,Lakeside
LA-PR-01,Provider,2026-05-28 08:00:00,2026-05-28 17:00:00,Lakeside
LA-PR-02,Provider,2026-05-28 08:00:00,2026-05-28 17:00:00,Lakeside
LA-SU-01,Support,2026-05-28 08:00:00,2026-05-28 17:00:00,Lakeside
LA-SU-02,Support,2026-05-28 08:00:00,2026-05-28 17:00:00,Lakeside
LA-SU-03,Support,2026-05-28 08:00:00,2026-05-28 17:00:00,Lakeside
LA-PR-03,Provider,2026-05-28 09:00:00,2026-05-28 17:00:00,Lakeside
LA-PR-01,Provider,2026-05-29 08:00:00,2026-05-29 17:00:00,Lakeside
LA-PR-02,Provider,2026-05-29 08:00:00,2026-05-29 17:00:00,Lakeside
LA-SU-01,Support,2026-05-29 08:00:00,2026-05-29 17:00:00,Lakeside
LA-SU-02,Support,2026-05-29 08:00:00,2026-05-29 17:00:00,Lakeside
LA-SU-03,Support,2026-05-29 08:00:00,2026-05-29 17:00:00,Lakeside
LA-PR-03,Provider,2026-05-29 09:00:00,2026-05-29 17:00:00,Lakeside
LA-PR-01,Provider,2026-05-30 08:00:00,2026-05-30 13:00:00,Lakeside
LA-PR-02,Provider,2026-05-30 08:00:00,2026-05-30 13:00:00,Lakeside
LA-SU-01,Support,2026-05-30 08:00:00,2026-05-30 13:00:00,Lakeside
LA-SU-02,Support,2026-05-30 08:00:00,2026-05-30 13:00:00,Lakeside
LA-SU-03,Support,2026-05-30 08:00:00,2026-05-30 13:00:00,Lakeside
LA-PR-03,Provider,2026-05-30 09:00:00,2026-05-30 13:00:00,Lakeside
LA-PR-01,Provider,2026-06-01 08:00:00,2026-06-01 17:00:00,Lakeside
LA-PR-02,Provider,2026-06-01 08:00:00,2026-06-01 17:00:00,Lakeside
LA-SU-01,Support,2026-06-01 08:00:00,2026-06-01 17:00:00,Lakeside
LA-SU-02,Support,2026-06-01 08:00:00,2026-06-01 17:00:00,Lakeside
LA-SU-03,Support,2026-06-01 08:00:00,2026-06-01 17:00:00,Lakeside
LA-PR-03,Provider,2026-06-01 09:00:00,2026-06-01 17:00:00,Lakeside
LA-PR-01,Provider,2026-06-02 08:00:00,2026-06-02 17:00:00,Lakeside
LA-PR-02,Provider,2026-06-02 08:00:00,2026-06-02 17:00:00,Lakeside
LA-SU-01,Support,2026-06-02 08:00:00,2026-06-02 17:00:00,Lakeside
LA-SU-02,Support,2026-06-02 08:00:00,2026-06-02 17:00:00,Lakeside
LA-SU-03,Support,2026-06-02 08:00:00,2026-06-02 17:00:00,Lakeside
LA-PR-03,Provider,2026-06-02 09:00:00,2026-06-02 17:00:00,Lakeside
LA-PR-01,Provider,2026-06-03 08:00:00,2026-06-03 17:00:00,Lakeside
LA-PR-02,Provider,2026-06-03 08:00:00,2026-06-03 17:00:00,Lakeside
LA-SU-01,Support,2026-06-03 08:00:00,2026-06-03 17:00:00,Lakeside
LA-SU-02,Support,2026-06-03 08:00:00,2026-06-03 17:00:00,Lakeside
LA-SU-03,Support,2026-06-03 08:00:00,2026-06-03 17:00:00,Lakeside
LA-PR-03,Provider,2026-06-03 09:00:00,2026-06-03 17:00:00,Lakeside
LA-PR-01,Provider,2026-06-04 08:00:00,2026-06-04 17:00:00,Lakeside
LA-PR-02,Provider,2026-06-04 08:00:00,2026-06-04 17:00:00,Lakeside
LA-SU-01,Support,2026-06-04 08:00:00,2026-06-04 17:00:00,Lakeside
LA-SU-02,Support,2026-06-04 08:00:00,2026-06-04 17:00:00,Lakeside
LA-SU-03,Support,2026-06-04 08:00:00,2026-06-04 17:00:00,Lakeside
LA-PR-03,Provider,2026-06-04 09:00:00,2026-06-04 17:00:00,Lakeside
LA-PR-01,Provider,2026-06-05 08:00:00,2026-06-05 17:00:00,Lakeside
LA-PR-02,Provider,2026-06-05 08:00:00,2026-06-05 17:00:00,Lakeside
LA-SU-01,Support,2026-06-05 08:00:00,2026-06-05 17:00:00,Lakeside
LA-SU-02,Support,2026-06-05 08:00:00,2026-06-05 17:00:00,Lakeside
LA-SU-03,Support,2026-06-05 08:00:00,2026-06-05 17:00:00,Lakeside
LA-PR-03,Provider,2026-06-05 09:00:00,2026-06-05 17:00:00,Lakeside
LA-PR-01,Provider,2026-06-06 08:00:00,2026-06-06 13:00:00,Lakeside
LA-PR-02,Provider,2026-06-06 08:00:00,2026-06-06 13:00:00,Lakeside
LA-SU-01,Support,2026-06-06 08:00:00,2026-06-06 13:00:00,Lakeside
LA-SU-02,Support,2026-06-06 08:00:00,2026-06-06 13:00:00,Lakeside
LA-SU-03,Support,2026-06-06 08:00:00,2026-06-06 13:00:00,Lakeside
LA-PR-03,Provider,2026-06-06 09:00:00,2026-06-06 13:00:00,Lakeside
LA-PR-01,Provider,2026-06-08 08:00:00,2026-06-08 17:00:00,Lakeside
LA-PR-02,Provider,2026-06-08 08:00:00,2026-06-08 17:00:00,Lakeside
LA-SU-01,Support,2026-06-08 08:00:00,2026-06-08 17:00:00,Lakeside
LA-SU-02,Support,2026-06-08 08:00:00,2026-06-08 17:00:00,Lakeside
LA-SU-03,Support,2026-06-08 08:00:00,2026-06-08 17:00:00,Lakeside
LA-PR-03,Provider,2026-06-08 09:00:00,2026-06-08 17:00:00,Lakeside
LA-PR-01,Provider,2026-06-09 08:00:00,2026-06-09 17:00:00,Lakeside
LA-PR-02,Provider,2026-06-09 08:00:00,2026-06-09 17:00:00,Lakeside
LA-SU-01,Support,2026-06-09 08:00:00,2026-06-09 17:00:00,Lakeside
LA-SU-02,Support,2026-06-09 08:00:00,2026-06-09 17:00:00,Lakeside
LA-SU-03,Support,2026-06-09 08:00:00,2026-06-09 17:00:00,Lakeside
LA-PR-03,Provider,2026-06-09 09:00:00,2026-06-09 17:00:00,Lakeside
LA-PR-01,Provider,2026-06-10 08:00:00,2026-06-10 17:00:00,Lakeside
LA-PR-02,Provider,2026-06-10 08:00:00,2026-06-10 17:00:00,Lakeside
LA-SU-01,Support,2026-06-10 08:00:00,2026-06-10 17:00:00,Lakeside
LA-SU-02,Support,2026-06-10 08:00:00,2026-06-10 17:00:00,Lakeside
LA-SU-03,Support,2026-06-10 08:00:00,2026-06-10 17:00:00,Lakeside
LA-PR-03,Provider,2026-06-10 09:00:00,2026-06-10 17:00:00,Lakeside
LA-PR-01,Provider,2026-06-11 08:00:00,2026-06-11 17:00:00,Lakeside
LA-PR-02,Provider,2026-06-11 08:00:00,2026-06-11 17:00:00,Lakeside
LA-SU-01,Support,2026-06-11 08:00:00,2026-06-11 17:00:00,Lakeside
LA-SU-02,Support,2026-06-11 08:00:00,2026-06-11 17:00:00,Lakeside
LA-SU-03,Support,2026-06-11 08:00:00,2026-06-11 17:00:00,Lakeside
LA-PR-03,Provider,2026-06-11 09:00:00,2026-06-11 17:00:00,Lakeside
LA-PR-01,Provider,2026-06-12 08:00:00,2026-06-12 17:00:00,Lakeside
LA-PR-02,Provider,2026-06-12 08:00:00,2026-06-12 17:00:00,Lakeside
LA-SU-01,Support,2026-06-12 08:00:00,2026-06-12 17:00:00,Lakeside
LA-SU-02,Support,2026-06-12 08:00:00,2026-06-12 17:00:00,Lakeside
LA-SU-03,Support,2026-06-12 08:00:00,2026-06-12 17:00:00,Lakeside
LA-PR-03,Provider,2026-06-12 09:00:00,2026-06-12 17:00:00,Lakeside
LA-PR-01,Provider,2026-06-13 08:00:00,2026-06-13 13:00:00,Lakeside
LA-PR-02,Provider,2026-06-13 08:00:00,2026-06-13 13:00:00,Lakeside
LA-SU-01,Support,2026-06-13 08:00:00,2026-06-13 13:00:00,Lakeside
LA-SU-02,Support,2026-06-13 08:00:00,2026-06-13 13:00:00,Lakeside
LA-SU-03,Support,2026-06-13 08:00:00,2026-06-13 13:00:00,Lakeside
LA-PR-03,Provider,2026-06-13 09:00:00,2026-06-13 13:00:00,Lakeside
LA-PR-01,Provider,2026-06-15 08:00:00,2026-06-15 17:00:00,Lakeside
LA-PR-02,Provider,2026-06-15 08:00:00,2026-06-15 17:00:00,Lakeside
LA-SU-01,Support,2026-06-15 08:00:00,2026-06-15 17:00:00,Lakeside
LA-SU-02,Support,2026-06-15 08:00:00,2026-06-15 17:00:00,Lakeside
LA-SU-03,Support,2026-06-15 08:00:00,2026-06-15 17:00:00,Lakeside
LA-PR-03,Provider,2026-06-15 09:00:00,2026-06-15 17:00:00,Lakeside
LA-PR-01,Provider,2026-06-16 08:00:00,2026-06-16 17:00:00,Lakeside
LA-PR-02,Provider,2026-06-16 08:00:00,2026-06-16 17:00:00,Lakeside
LA-SU-01,Support,2026-06-16 08:00:00,2026-06-16 17:00:00,Lakeside
LA-SU-02,Support,2026-06-16 08:00:00,2026-06-16 17:00:00,Lakeside
LA-SU-03,Support,2026-06-16 08:00:00,2026-06-16 17:00:00,Lakeside
LA-PR-03,Provider,2026-06-16 09:00:00,2026-06-16 17:00:00,Lakeside
LA-PR-01,Provider,2026-06-17 08:00:00,2026-06-17 17:00:00,Lakeside
LA-PR-02,Provider,2026-06-17 08:00:00,2026-06-17 17:00:00,Lakeside
LA-SU-01,Support,2026-06-17 08:00:00,2026-06-17 17:00:00,Lakeside
LA-SU-02,Support,2026-06-17 08:00:00,2026-06-17 17:00:00,Lakeside
LA-SU-03,Support,2026-06-17 08:00:00,2026-06-17 17:00:00,Lakeside
LA-PR-03,Provider,2026-06-17 09:00:00,2026-06-17 17:00:00,Lakeside
LA-PR-01,Provider,2026-06-18 08:00:00,2026-06-18 17:00:00,Lakeside
LA-PR-02,Provider,2026-06-18 08:00:00,2026-06-18 17:00:00,Lakeside
LA-SU-01,Support,2026-06-18 08:00:00,2026-06-18 17:00:00,Lakeside
LA-SU-02,Support,2026-06-18 08:00:00,2026-06-18 17:00:00,Lakeside
LA-SU-03,Support,2026-06-18 08:00:00,2026-06-18 17:00:00,Lakeside
LA-PR-03,Provider,2026-06-18 09:00:00,2026-06-18 17:00:00,Lakeside
LA-PR-01,Provider,2026-06-19 08:00:00,2026-06-19 17:00:00,Lakeside
LA-PR-02,Provider,2026-06-19 08:00:00,2026-06-19 17:00:00,Lakeside
LA-SU-01,Support,2026-06-19 08:00:00,2026-06-19 17:00:00,Lakeside
LA-SU-02,Support,2026-06-19 08:00:00,2026-06-19 17:00:00,Lakeside
LA-SU-03,Support,2026-06-19 08:00:00,2026-06-19 17:00:00,Lakeside
LA-PR-03,Provider,2026-06-19 09:00:00,2026-06-19 17:00:00,Lakeside
LA-PR-01,Provider,2026-06-20 08:00:00,2026-06-20 13:00:00,Lakeside
LA-PR-02,Provider,2026-06-20 08:00:00,2026-06-20 13:00:00,Lakeside
LA-SU-01,Support,2026-06-20 08:00:00,2026-06-20 13:00:00,Lakeside
LA-SU-02,Support,2026-06-20 08:00:00,2026-06-20 13:00:00,Lakeside
LA-SU-03,Support,2026-06-20 08:00:00,2026-06-20 13:00:00,Lakeside
LA-PR-03,Provider,2026-06-20 09:00:00,2026-06-20 13:00:00,Lakeside
LA-PR-01,Provider,2026-06-22 08:00:00,2026-06-22 17:00:00,Lakeside
LA-PR-02,Provider,2026-06-22 08:00:00,2026-06-22 17:00:00,Lakeside
LA-SU-01,Support,2026-06-22 08:00:00,2026-06-22 17:00:00,Lakeside
LA-SU-02,Support,2026-06-22 08:00:00,2026-06-22 17:00:00,Lakeside
LA-SU-03,Support,2026-06-22 08:00:00,2026-06-22 17:00:00,Lakeside
LA-PR-03,Provider,2026-06-22 09:00:00,2026-06-22 17:00:00,Lakeside
LA-PR-01,Provider,2026-06-23 08:00:00,2026-06-23 17:00:00,Lakeside
LA-PR-02,Provider,2026-06-23 08:00:00,2026-06-23 17:00:00,Lakeside
LA-SU-01,Support,2026-06-23 08:00:00,2026-06-23 17:00:00,Lakeside
LA-SU-02,Support,2026-06-23 08:00:00,2026-06-23 17:00:00,Lakeside
LA-SU-03,Support,2026-06-23 08:00:00,2026-06-23 17:00:00,Lakeside
LA-PR-03,Provider,2026-06-23 09:00:00,2026-06-23 17:00:00,Lakeside
LA-PR-01,Provider,2026-06-24 08:00:00,2026-06-24 17:00:00,Lakeside
LA-PR-02,Provider,2026-06-24 08:00:00,2026-06-24 17:00:00,Lakeside
LA-SU-01,Support,2026-06-24 08:00:00,2026-06-24 17:00:00,Lakeside
LA-SU-02,Support,2026-06-24 08:00:00,2026-06-24 17:00:00,Lakeside
LA-SU-03,Support,2026-06-24 08:00:00,2026-06-24 17:00:00,Lakeside
LA-PR-03,Provider,2026-06-24 09:00:00,2026-06-24 17:00:00,Lakeside
LA-PR-01,Provider,2026-06-25 08:00:00,2026-06-25 17:00:00,Lakeside
LA-PR-02,Provider,2026-06-25 08:00:00,2026-06-25 17:00:00,Lakeside
LA-SU-01,Support,2026-06-25 08:00:00,2026-06-25 17:00:00,Lakeside
LA-SU-02,Support,2026-06-25 08:00:00,2026-06-25 17:00:00,Lakeside
LA-SU-03,Support,2026-06-25 08:00:00,2026-06-25 17:00:00,Lakeside
LA-PR-03,Provider,2026-06-25 09:00:00,2026-06-25 17:00:00,Lakeside
LA-PR-01,Provider,2026-06-26 08:00:00,2026-06-26 17:00:00,Lakeside
LA-PR-02,Provider,2026-06-26 08:00:00,2026-06-26 17:00:00,Lakeside
LA-SU-01,Support,2026-06-26 08:00:00,2026-06-26 17:00:00,Lakeside
LA-SU-02,Support,2026-06-26 08:00:00,2026-06-26 17:00:00,Lakeside
LA-SU-03,Support,2026-06-26 08:00:00,2026-06-26 17:00:00,Lakeside
LA-PR-03,Provider,2026-06-26 09:00:00,2026-06-26 17:00:00,Lakeside
LA-PR-01,Provider,2026-06-27 08:00:00,2026-06-27 13:00:00,Lakeside
LA-PR-02,Provider,2026-06-27 08:00:00,2026-06-27 13:00:00,Lakeside
LA-SU-01,Support,2026-06-27 08:00:00,2026-06-27 13:00:00,Lakeside
LA-SU-02,Support,2026-06-27 08:00:00,2026-06-27 13:00:00,Lakeside
LA-SU-03,Support,2026-06-27 08:00:00,2026-06-27 13:00:00,Lakeside
LA-PR-03,Provider,2026-06-27 09:00:00,2026-06-27 13:00:00,Lakeside
LA-PR-01,Provider,2026-06-29 08:00:00,2026-06-29 17:00:00,Lakeside
LA-PR-02,Provider,2026-06-29 08:00:00,2026-06-29 17:00:00,Lakeside
LA-SU-01,Support,2026-06-29 08:00:00,2026-06-29 17:00:00,Lakeside
LA-SU-02,Support,2026-06-29 08:00:00,2026-06-29 17:00:00,Lakeside
LA-SU-03,Support,2026-06-29 08:00:00,2026-06-29 17:00:00,Lakeside
LA-PR-03,Provider,2026-06-29 09:00:00,2026-06-29 17:00:00,Lakeside
LA-PR-01,Provider,2026-06-30 08:00:00,2026-06-30 17:00:00,Lakeside
LA-PR-02,Provider,2026-06-30 08:00:00,2026-06-30 17:00:00,Lakeside
LA-SU-01,Support,2026-06-30 08:00:00,2026-06-30 17:00:00,Lakeside
LA-SU-02,Support,2026-06-30 08:00:00,2026-06-30 17:00:00,Lakeside
LA-SU-03,Support,2026-06-30 08:00:00,2026-06-30 17:00:00,Lakeside
LA-PR-03,Provider,2026-06-30 09:00:00,2026-06-30 17:00:00,Lakeside
NO-PR-01,Provider,2026-01-01 08:00:00,2026-01-01 17:00:00,Northside
NO-PR-02,Provider,2026-01-01 08:00:00,2026-01-01 17:00:00,Northside
NO-SU-01,Support,2026-01-01 08:00:00,2026-01-01 17:00:00,Northside
NO-SU-02,Support,2026-01-01 08:00:00,2026-01-01 17:00:00,Northside
NO-SU-03,Support,2026-01-01 08:00:00,2026-01-01 17:00:00,Northside
NO-SU-04,Support,2026-01-01 08:00:00,2026-01-01 17:00:00,Northside
NO-PR-03,Provider,2026-01-01 09:00:00,2026-01-01 17:00:00,Northside
NO-PR-01,Provider,2026-01-02 08:00:00,2026-01-02 17:00:00,Northside
NO-PR-02,Provider,2026-01-02 08:00:00,2026-01-02 17:00:00,Northside
NO-SU-01,Support,2026-01-02 08:00:00,2026-01-02 17:00:00,Northside
NO-SU-02,Support,2026-01-02 08:00:00,2026-01-02 17:00:00,Northside
NO-SU-03,Support,2026-01-02 08:00:00,2026-01-02 17:00:00,Northside
NO-SU-04,Support,2026-01-02 08:00:00,2026-01-02 17:00:00,Northside
NO-PR-03,Provider,2026-01-02 09:00:00,2026-01-02 17:00:00,Northside
NO-PR-01,Provider,2026-01-03 08:00:00,2026-01-03 13:00:00,Northside
NO-PR-02,Provider,2026-01-03 08:00:00,2026-01-03 13:00:00,Northside
NO-SU-01,Support,2026-01-03 08:00:00,2026-01-03 13:00:00,Northside
NO-SU-02,Support,2026-01-03 08:00:00,2026-01-03 13:00:00,Northside
NO-SU-03,Support,2026-01-03 08:00:00,2026-01-03 13:00:00,Northside
NO-SU-04,Support,2026-01-03 08:00:00,2026-01-03 13:00:00,Northside
NO-PR-03,Provider,2026-01-03 09:00:00,2026-01-03 13:00:00,Northside
NO-PR-01,Provider,2026-01-05 08:00:00,2026-01-05 17:00:00,Northside
NO-PR-02,Provider,2026-01-05 08:00:00,2026-01-05 17:00:00,Northside
NO-SU-01,Support,2026-01-05 08:00:00,2026-01-05 17:00:00,Northside
NO-SU-02,Support,2026-01-05 08:00:00,2026-01-05 17:00:00,Northside
NO-SU-03,Support,2026-01-05 08:00:00,2026-01-05 17:00:00,Northside
NO-SU-04,Support,2026-01-05 08:00:00,2026-01-05 17:00:00,Northside
NO-PR-03,Provider,2026-01-05 09:00:00,2026-01-05 17:00:00,Northside
NO-PR-01,Provider,2026-01-06 08:00:00,2026-01-06 17:00:00,Northside
NO-PR-02,Provider,2026-01-06 08:00:00,2026-01-06 17:00:00,Northside
NO-SU-01,Support,2026-01-06 08:00:00,2026-01-06 17:00:00,Northside
NO-SU-02,Support,2026-01-06 08:00:00,2026-01-06 17:00:00,Northside
NO-SU-03,Support,2026-01-06 08:00:00,2026-01-06 17:00:00,Northside
NO-SU-04,Support,2026-01-06 08:00:00,2026-01-06 17:00:00,Northside
NO-PR-03,Provider,2026-01-06 09:00:00,2026-01-06 17:00:00,Northside
NO-PR-01,Provider,2026-01-07 08:00:00,2026-01-07 17:00:00,Northside
NO-PR-02,Provider,2026-01-07 08:00:00,2026-01-07 17:00:00,Northside
NO-SU-01,Support,2026-01-07 08:00:00,2026-01-07 17:00:00,Northside
NO-SU-02,Support,2026-01-07 08:00:00,2026-01-07 17:00:00,Northside
NO-SU-03,Support,2026-01-07 08:00:00,2026-01-07 17:00:00,Northside
NO-SU-04,Support,2026-01-07 08:00:00,2026-01-07 17:00:00,Northside
NO-PR-03,Provider,2026-01-07 09:00:00,2026-01-07 17:00:00,Northside
NO-PR-01,Provider,2026-01-08 08:00:00,2026-01-08 17:00:00,Northside
NO-PR-02,Provider,2026-01-08 08:00:00,2026-01-08 17:00:00,Northside
NO-SU-01,Support,2026-01-08 08:00:00,2026-01-08 17:00:00,Northside
NO-SU-02,Support,2026-01-08 08:00:00,2026-01-08 17:00:00,Northside
NO-SU-03,Support,2026-01-08 08:00:00,2026-01-08 17:00:00,Northside
NO-SU-04,Support,2026-01-08 08:00:00,2026-01-08 17:00:00,Northside
NO-PR-03,Provider,2026-01-08 09:00:00,2026-01-08 17:00:00,Northside
NO-PR-01,Provider,2026-01-09 08:00:00,2026-01-09 17:00:00,Northside
NO-PR-02,Provider,2026-01-09 08:00:00,2026-01-09 17:00:00,Northside
NO-SU-01,Support,2026-01-09 08:00:00,2026-01-09 17:00:00,Northside
NO-SU-02,Support,2026-01-09 08:00:00,2026-01-09 17:00:00,Northside
NO-SU-03,Support,2026-01-09 08:00:00,2026-01-09 17:00:00,Northside
NO-SU-04,Support,2026-01-09 08:00:00,2026-01-09 17:00:00,Northside
NO-PR-03,Provider,2026-01-09 09:00:00,2026-01-09 17:00:00,Northside
NO-PR-01,Provider,2026-01-10 08:00:00,2026-01-10 13:00:00,Northside
NO-PR-02,Provider,2026-01-10 08:00:00,2026-01-10 13:00:00,Northside
NO-SU-01,Support,2026-01-10 08:00:00,2026-01-10 13:00:00,Northside
NO-SU-02,Support,2026-01-10 08:00:00,2026-01-10 13:00:00,Northside
NO-SU-03,Support,2026-01-10 08:00:00,2026-01-10 13:00:00,Northside
NO-SU-04,Support,2026-01-10 08:00:00,2026-01-10 13:00:00,Northside
NO-PR-03,Provider,2026-01-10 09:00:00,2026-01-10 13:00:00,Northside
NO-PR-01,Provider,2026-01-12 08:00:00,2026-01-12 17:00:00,Northside
NO-PR-02,Provider,2026-01-12 08:00:00,2026-01-12 17:00:00,Northside
NO-SU-01,Support,2026-01-12 08:00:00,2026-01-12 17:00:00,Northside
NO-SU-02,Support,2026-01-12 08:00:00,2026-01-12 17:00:00,Northside
NO-SU-03,Support,2026-01-12 08:00:00,2026-01-12 17:00:00,Northside
NO-SU-04,Support,2026-01-12 08:00:00,2026-01-12 17:00:00,Northside
NO-PR-03,Provider,2026-01-12 09:00:00,2026-01-12 17:00:00,Northside
NO-PR-01,Provider,2026-01-13 08:00:00,2026-01-13 17:00:00,Northside
NO-PR-02,Provider,2026-01-13 08:00:00,2026-01-13 17:00:00,Northside
NO-SU-01,Support,2026-01-13 08:00:00,2026-01-13 17:00:00,Northside
NO-SU-02,Support,2026-01-13 08:00:00,2026-01-13 17:00:00,Northside
NO-SU-03,Support,2026-01-13 08:00:00,2026-01-13 17:00:00,Northside
NO-SU-04,Support,2026-01-13 08:00:00,2026-01-13 17:00:00,Northside
NO-PR-03,Provider,2026-01-13 09:00:00,2026-01-13 17:00:00,Northside
NO-PR-01,Provider,2026-01-14 08:00:00,2026-01-14 17:00:00,Northside
NO-PR-02,Provider,2026-01-14 08:00:00,2026-01-14 17:00:00,Northside
NO-SU-01,Support,2026-01-14 08:00:00,2026-01-14 17:00:00,Northside
NO-SU-02,Support,2026-01-14 08:00:00,2026-01-14 17:00:00,Northside
NO-SU-03,Support,2026-01-14 08:00:00,2026-01-14 17:00:00,Northside
NO-SU-04,Support,2026-01-14 08:00:00,2026-01-14 17:00:00,Northside
NO-PR-03,Provider,2026-01-14 09:00:00,2026-01-14 17:00:00,Northside
NO-PR-01,Provider,2026-01-15 08:00:00,2026-01-15 17:00:00,Northside
NO-PR-02,Provider,2026-01-15 08:00:00,2026-01-15 17:00:00,Northside
NO-SU-01,Support,2026-01-15 08:00:00,2026-01-15 17:00:00,Northside
NO-SU-02,Support,2026-01-15 08:00:00,2026-01-15 17:00:00,Northside
NO-SU-03,Support,2026-01-15 08:00:00,2026-01-15 17:00:00,Northside
NO-SU-04,Support,2026-01-15 08:00:00,2026-01-15 17:00:00,Northside
NO-PR-03,Provider,2026-01-15 09:00:00,2026-01-15 17:00:00,Northside
NO-PR-01,Provider,2026-01-16 08:00:00,2026-01-16 17:00:00,Northside
NO-PR-02,Provider,2026-01-16 08:00:00,2026-01-16 17:00:00,Northside
NO-SU-01,Support,2026-01-16 08:00:00,2026-01-16 17:00:00,Northside
NO-SU-02,Support,2026-01-16 08:00:00,2026-01-16 17:00:00,Northside
NO-SU-03,Support,2026-01-16 08:00:00,2026-01-16 17:00:00,Northside
NO-SU-04,Support,2026-01-16 08:00:00,2026-01-16 17:00:00,Northside
NO-PR-03,Provider,2026-01-16 09:00:00,2026-01-16 17:00:00,Northside
NO-PR-01,Provider,2026-01-17 08:00:00,2026-01-17 13:00:00,Northside
NO-PR-02,Provider,2026-01-17 08:00:00,2026-01-17 13:00:00,Northside
NO-SU-01,Support,2026-01-17 08:00:00,2026-01-17 13:00:00,Northside
NO-SU-02,Support,2026-01-17 08:00:00,2026-01-17 13:00:00,Northside
NO-SU-03,Support,2026-01-17 08:00:00,2026-01-17 13:00:00,Northside
NO-SU-04,Support,2026-01-17 08:00:00,2026-01-17 13:00:00,Northside
NO-PR-03,Provider,2026-01-17 09:00:00,2026-01-17 13:00:00,Northside
NO-PR-01,Provider,2026-01-19 08:00:00,2026-01-19 17:00:00,Northside
NO-PR-02,Provider,2026-01-19 08:00:00,2026-01-19 17:00:00,Northside
NO-SU-01,Support,2026-01-19 08:00:00,2026-01-19 17:00:00,Northside
NO-SU-02,Support,2026-01-19 08:00:00,2026-01-19 17:00:00,Northside
NO-SU-03,Support,2026-01-19 08:00:00,2026-01-19 17:00:00,Northside
NO-SU-04,Support,2026-01-19 08:00:00,2026-01-19 17:00:00,Northside
NO-PR-03,Provider,2026-01-19 09:00:00,2026-01-19 17:00:00,Northside
NO-PR-01,Provider,2026-01-20 08:00:00,2026-01-20 17:00:00,Northside
NO-PR-02,Provider,2026-01-20 08:00:00,2026-01-20 17:00:00,Northside
NO-SU-01,Support,2026-01-20 08:00:00,2026-01-20 17:00:00,Northside
NO-SU-02,Support,2026-01-20 08:00:00,2026-01-20 17:00:00,Northside
NO-SU-03,Support,2026-01-20 08:00:00,2026-01-20 17:00:00,Northside
NO-SU-04,Support,2026-01-20 08:00:00,2026-01-20 17:00:00,Northside
NO-PR-03,Provider,2026-01-20 09:00:00,2026-01-20 17:00:00,Northside
NO-PR-01,Provider,2026-01-21 08:00:00,2026-01-21 17:00:00,Northside
NO-PR-02,Provider,2026-01-21 08:00:00,2026-01-21 17:00:00,Northside
NO-SU-01,Support,2026-01-21 08:00:00,2026-01-21 17:00:00,Northside
NO-SU-02,Support,2026-01-21 08:00:00,2026-01-21 17:00:00,Northside
NO-SU-03,Support,2026-01-21 08:00:00,2026-01-21 17:00:00,Northside
NO-SU-04,Support,2026-01-21 08:00:00,2026-01-21 17:00:00,Northside
NO-PR-03,Provider,2026-01-21 09:00:00,2026-01-21 17:00:00,Northside
NO-PR-01,Provider,2026-01-22 08:00:00,2026-01-22 17:00:00,Northside
NO-PR-02,Provider,2026-01-22 08:00:00,2026-01-22 17:00:00,Northside
NO-SU-01,Support,2026-01-22 08:00:00,2026-01-22 17:00:00,Northside
NO-SU-02,Support,2026-01-22 08:00:00,2026-01-22 17:00:00,Northside
NO-SU-03,Support,2026-01-22 08:00:00,2026-01-22 17:00:00,Northside
NO-SU-04,Support,2026-01-22 08:00:00,2026-01-22 17:00:00,Northside
NO-PR-03,Provider,2026-01-22 09:00:00,2026-01-22 17:00:00,Northside
NO-PR-01,Provider,2026-01-23 08:00:00,2026-01-23 17:00:00,Northside
NO-PR-02,Provider,2026-01-23 08:00:00,2026-01-23 17:00:00,Northside
NO-SU-01,Support,2026-01-23 08:00:00,2026-01-23 17:00:00,Northside
NO-SU-02,Support,2026-01-23 08:00:00,2026-01-23 17:00:00,Northside
NO-SU-03,Support,2026-01-23 08:00:00,2026-01-23 17:00:00,Northside
NO-SU-04,Support,2026-01-23 08:00:00,2026-01-23 17:00:00,Northside
NO-PR-03,Provider,2026-01-23 09:00:00,2026-01-23 17:00:00,Northside
NO-PR-01,Provider,2026-01-24 08:00:00,2026-01-24 13:00:00,Northside
NO-PR-02,Provider,2026-01-24 08:00:00,2026-01-24 13:00:00,Northside
NO-SU-01,Support,2026-01-24 08:00:00,2026-01-24 13:00:00,Northside
NO-SU-02,Support,2026-01-24 08:00:00,2026-01-24 13:00:00,Northside
NO-SU-03,Support,2026-01-24 08:00:00,2026-01-24 13:00:00,Northside
NO-SU-04,Support,2026-01-24 08:00:00,2026-01-24 13:00:00,Northside
NO-PR-03,Provider,2026-01-24 09:00:00,2026-01-24 13:00:00,Northside
NO-PR-01,Provider,2026-01-26 08:00:00,2026-01-26 17:00:00,Northside
NO-PR-02,Provider,2026-01-26 08:00:00,2026-01-26 17:00:00,Northside
NO-SU-01,Support,2026-01-26 08:00:00,2026-01-26 17:00:00,Northside
NO-SU-02,Support,2026-01-26 08:00:00,2026-01-26 17:00:00,Northside
NO-SU-03,Support,2026-01-26 08:00:00,2026-01-26 17:00:00,Northside
NO-SU-04,Support,2026-01-26 08:00:00,2026-01-26 17:00:00,Northside
NO-PR-03,Provider,2026-01-26 09:00:00,2026-01-26 17:00:00,Northside
NO-PR-01,Provider,2026-01-27 08:00:00,2026-01-27 17:00:00,Northside
NO-PR-02,Provider,2026-01-27 08:00:00,2026-01-27 17:00:00,Northside
NO-SU-01,Support,2026-01-27 08:00:00,2026-01-27 17:00:00,Northside
NO-SU-02,Support,2026-01-27 08:00:00,2026-01-27 17:00:00,Northside
NO-SU-03,Support,2026-01-27 08:00:00,2026-01-27 17:00:00,Northside
NO-SU-04,Support,2026-01-27 08:00:00,2026-01-27 17:00:00,Northside
NO-PR-03,Provider,2026-01-27 09:00:00,2026-01-27 17:00:00,Northside
NO-PR-01,Provider,2026-01-28 08:00:00,2026-01-28 17:00:00,Northside
NO-PR-02,Provider,2026-01-28 08:00:00,2026-01-28 17:00:00,Northside
NO-SU-01,Support,2026-01-28 08:00:00,2026-01-28 17:00:00,Northside
NO-SU-02,Support,2026-01-28 08:00:00,2026-01-28 17:00:00,Northside
NO-SU-03,Support,2026-01-28 08:00:00,2026-01-28 17:00:00,Northside
NO-SU-04,Support,2026-01-28 08:00:00,2026-01-28 17:00:00,Northside
NO-PR-03,Provider,2026-01-28 09:00:00,2026-01-28 17:00:00,Northside
NO-PR-01,Provider,2026-01-29 08:00:00,2026-01-29 17:00:00,Northside
NO-PR-02,Provider,2026-01-29 08:00:00,2026-01-29 17:00:00,Northside
NO-SU-01,Support,2026-01-29 08:00:00,2026-01-29 17:00:00,Northside
NO-SU-02,Support,2026-01-29 08:00:00,2026-01-29 17:00:00,Northside
NO-SU-03,Support,2026-01-29 08:00:00,2026-01-29 17:00:00,Northside
NO-SU-04,Support,2026-01-29 08:00:00,2026-01-29 17:00:00,Northside
NO-PR-03,Provider,2026-01-29 09:00:00,2026-01-29 17:00:00,Northside
NO-PR-01,Provider,2026-01-30 08:00:00,2026-01-30 17:00:00,Northside
NO-PR-02,Provider,2026-01-30 08:00:00,2026-01-30 17:00:00,Northside
NO-SU-01,Support,2026-01-30 08:00:00,2026-01-30 17:00:00,Northside
NO-SU-02,Support,2026-01-30 08:00:00,2026-01-30 17:00:00,Northside
NO-SU-03,Support,2026-01-30 08:00:00,2026-01-30 17:00:00,Northside
NO-SU-04,Support,2026-01-30 08:00:00,2026-01-30 17:00:00,Northside
NO-PR-03,Provider,2026-01-30 09:00:00,2026-01-30 17:00:00,Northside
NO-PR-01,Provider,2026-01-31 08:00:00,2026-01-31 13:00:00,Northside
NO-PR-02,Provider,2026-01-31 08:00:00,2026-01-31 13:00:00,Northside
NO-SU-01,Support,2026-01-31 08:00:00,2026-01-31 13:00:00,Northside
NO-SU-02,Support,2026-01-31 08:00:00,2026-01-31 13:00:00,Northside
NO-SU-03,Support,2026-01-31 08:00:00,2026-01-31 13:00:00,Northside
NO-SU-04,Support,2026-01-31 08:00:00,2026-01-31 13:00:00,Northside
NO-PR-03,Provider,2026-01-31 09:00:00,2026-01-31 13:00:00,Northside
NO-PR-01,Provider,2026-02-02 08:00:00,2026-02-02 17:00:00,Northside
NO-PR-02,Provider,2026-02-02 08:00:00,2026-02-02 17:00:00,Northside
NO-SU-01,Support,2026-02-02 08:00:00,2026-02-02 17:00:00,Northside
NO-SU-02,Support,2026-02-02 08:00:00,2026-02-02 17:00:00,Northside
NO-SU-03,Support,2026-02-02 08:00:00,2026-02-02 17:00:00,Northside
NO-SU-04,Support,2026-02-02 08:00:00,2026-02-02 17:00:00,Northside
NO-PR-03,Provider,2026-02-02 09:00:00,2026-02-02 17:00:00,Northside
NO-PR-01,Provider,2026-02-03 08:00:00,2026-02-03 17:00:00,Northside
NO-PR-02,Provider,2026-02-03 08:00:00,2026-02-03 17:00:00,Northside
NO-SU-01,Support,2026-02-03 08:00:00,2026-02-03 17:00:00,Northside
NO-SU-02,Support,2026-02-03 08:00:00,2026-02-03 17:00:00,Northside
NO-SU-03,Support,2026-02-03 08:00:00,2026-02-03 17:00:00,Northside
NO-SU-04,Support,2026-02-03 08:00:00,2026-02-03 17:00:00,Northside
NO-PR-03,Provider,2026-02-03 09:00:00,2026-02-03 17:00:00,Northside
NO-PR-01,Provider,2026-02-04 08:00:00,2026-02-04 17:00:00,Northside
NO-PR-02,Provider,2026-02-04 08:00:00,2026-02-04 17:00:00,Northside
NO-SU-01,Support,2026-02-04 08:00:00,2026-02-04 17:00:00,Northside
NO-SU-02,Support,2026-02-04 08:00:00,2026-02-04 17:00:00,Northside
NO-SU-03,Support,2026-02-04 08:00:00,2026-02-04 17:00:00,Northside
NO-SU-04,Support,2026-02-04 08:00:00,2026-02-04 17:00:00,Northside
NO-PR-03,Provider,2026-02-04 09:00:00,2026-02-04 17:00:00,Northside
NO-PR-01,Provider,2026-02-05 08:00:00,2026-02-05 17:00:00,Northside
NO-PR-02,Provider,2026-02-05 08:00:00,2026-02-05 17:00:00,Northside
NO-SU-01,Support,2026-02-05 08:00:00,2026-02-05 17:00:00,Northside
NO-SU-02,Support,2026-02-05 08:00:00,2026-02-05 17:00:00,Northside
NO-SU-03,Support,2026-02-05 08:00:00,2026-02-05 17:00:00,Northside
NO-SU-04,Support,2026-02-05 08:00:00,2026-02-05 17:00:00,Northside
NO-PR-03,Provider,2026-02-05 09:00:00,2026-02-05 17:00:00,Northside
NO-PR-01,Provider,2026-02-06 08:00:00,2026-02-06 17:00:00,Northside
NO-PR-02,Provider,2026-02-06 08:00:00,2026-02-06 17:00:00,Northside
NO-SU-01,Support,2026-02-06 08:00:00,2026-02-06 17:00:00,Northside
NO-SU-02,Support,2026-02-06 08:00:00,2026-02-06 17:00:00,Northside
NO-SU-03,Support,2026-02-06 08:00:00,2026-02-06 17:00:00,Northside
NO-SU-04,Support,2026-02-06 08:00:00,2026-02-06 17:00:00,Northside
NO-PR-03,Provider,2026-02-06 09:00:00,2026-02-06 17:00:00,Northside
NO-PR-01,Provider,2026-02-07 08:00:00,2026-02-07 13:00:00,Northside
NO-PR-02,Provider,2026-02-07 08:00:00,2026-02-07 13:00:00,Northside
NO-SU-01,Support,2026-02-07 08:00:00,2026-02-07 13:00:00,Northside
NO-SU-02,Support,2026-02-07 08:00:00,2026-02-07 13:00:00,Northside
NO-SU-03,Support,2026-02-07 08:00:00,2026-02-07 13:00:00,Northside
NO-SU-04,Support,2026-02-07 08:00:00,2026-02-07 13:00:00,Northside
NO-PR-03,Provider,2026-02-07 09:00:00,2026-02-07 13:00:00,Northside
NO-PR-01,Provider,2026-02-09 08:00:00,2026-02-09 17:00:00,Northside
NO-PR-02,Provider,2026-02-09 08:00:00,2026-02-09 17:00:00,Northside
NO-SU-01,Support,2026-02-09 08:00:00,2026-02-09 17:00:00,Northside
NO-SU-02,Support,2026-02-09 08:00:00,2026-02-09 17:00:00,Northside
NO-SU-03,Support,2026-02-09 08:00:00,2026-02-09 17:00:00,Northside
NO-SU-04,Support,2026-02-09 08:00:00,2026-02-09 17:00:00,Northside
NO-PR-03,Provider,2026-02-09 09:00:00,2026-02-09 17:00:00,Northside
NO-PR-01,Provider,2026-02-10 08:00:00,2026-02-10 17:00:00,Northside
NO-PR-02,Provider,2026-02-10 08:00:00,2026-02-10 17:00:00,Northside
NO-SU-01,Support,2026-02-10 08:00:00,2026-02-10 17:00:00,Northside
NO-SU-02,Support,2026-02-10 08:00:00,2026-02-10 17:00:00,Northside
NO-SU-03,Support,2026-02-10 08:00:00,2026-02-10 17:00:00,Northside
NO-SU-04,Support,2026-02-10 08:00:00,2026-02-10 17:00:00,Northside
NO-PR-03,Provider,2026-02-10 09:00:00,2026-02-10 17:00:00,Northside
NO-PR-01,Provider,2026-02-11 08:00:00,2026-02-11 17:00:00,Northside
NO-PR-02,Provider,2026-02-11 08:00:00,2026-02-11 17:00:00,Northside
NO-SU-01,Support,2026-02-11 08:00:00,2026-02-11 17:00:00,Northside
NO-SU-02,Support,2026-02-11 08:00:00,2026-02-11 17:00:00,Northside
NO-SU-03,Support,2026-02-11 08:00:00,2026-02-11 17:00:00,Northside
NO-SU-04,Support,2026-02-11 08:00:00,2026-02-11 17:00:00,Northside
NO-PR-03,Provider,2026-02-11 09:00:00,2026-02-11 17:00:00,Northside
NO-PR-01,Provider,2026-02-12 08:00:00,2026-02-12 17:00:00,Northside
NO-PR-02,Provider,2026-02-12 08:00:00,2026-02-12 17:00:00,Northside
NO-SU-01,Support,2026-02-12 08:00:00,2026-02-12 17:00:00,Northside
NO-SU-02,Support,2026-02-12 08:00:00,2026-02-12 17:00:00,Northside
NO-SU-03,Support,2026-02-12 08:00:00,2026-02-12 17:00:00,Northside
NO-SU-04,Support,2026-02-12 08:00:00,2026-02-12 17:00:00,Northside
NO-PR-03,Provider,2026-02-12 09:00:00,2026-02-12 17:00:00,Northside
NO-PR-01,Provider,2026-02-13 08:00:00,2026-02-13 17:00:00,Northside
NO-PR-02,Provider,2026-02-13 08:00:00,2026-02-13 17:00:00,Northside
NO-SU-01,Support,2026-02-13 08:00:00,2026-02-13 17:00:00,Northside
NO-SU-02,Support,2026-02-13 08:00:00,2026-02-13 17:00:00,Northside
NO-SU-03,Support,2026-02-13 08:00:00,2026-02-13 17:00:00,Northside
NO-SU-04,Support,2026-02-13 08:00:00,2026-02-13 17:00:00,Northside
NO-PR-03,Provider,2026-02-13 09:00:00,2026-02-13 17:00:00,Northside
NO-PR-01,Provider,2026-02-14 08:00:00,2026-02-14 13:00:00,Northside
NO-PR-02,Provider,2026-02-14 08:00:00,2026-02-14 13:00:00,Northside
NO-SU-01,Support,2026-02-14 08:00:00,2026-02-14 13:00:00,Northside
NO-SU-02,Support,2026-02-14 08:00:00,2026-02-14 13:00:00,Northside
NO-SU-03,Support,2026-02-14 08:00:00,2026-02-14 13:00:00,Northside
NO-SU-04,Support,2026-02-14 08:00:00,2026-02-14 13:00:00,Northside
NO-PR-03,Provider,2026-02-14 09:00:00,2026-02-14 13:00:00,Northside
NO-PR-01,Provider,2026-02-16 08:00:00,2026-02-16 17:00:00,Northside
NO-PR-02,Provider,2026-02-16 08:00:00,2026-02-16 17:00:00,Northside
NO-SU-01,Support,2026-02-16 08:00:00,2026-02-16 17:00:00,Northside
NO-SU-02,Support,2026-02-16 08:00:00,2026-02-16 17:00:00,Northside
NO-SU-03,Support,2026-02-16 08:00:00,2026-02-16 17:00:00,Northside
NO-SU-04,Support,2026-02-16 08:00:00,2026-02-16 17:00:00,Northside
NO-PR-03,Provider,2026-02-16 09:00:00,2026-02-16 17:00:00,Northside
NO-PR-01,Provider,2026-02-17 08:00:00,2026-02-17 17:00:00,Northside
NO-PR-02,Provider,2026-02-17 08:00:00,2026-02-17 17:00:00,Northside
NO-SU-01,Support,2026-02-17 08:00:00,2026-02-17 17:00:00,Northside
NO-SU-02,Support,2026-02-17 08:00:00,2026-02-17 17:00:00,Northside
NO-SU-03,Support,2026-02-17 08:00:00,2026-02-17 17:00:00,Northside
NO-SU-04,Support,2026-02-17 08:00:00,2026-02-17 17:00:00,Northside
NO-PR-03,Provider,2026-02-17 09:00:00,2026-02-17 17:00:00,Northside
NO-PR-01,Provider,2026-02-18 08:00:00,2026-02-18 17:00:00,Northside
NO-PR-02,Provider,2026-02-18 08:00:00,2026-02-18 17:00:00,Northside
NO-SU-01,Support,2026-02-18 08:00:00,2026-02-18 17:00:00,Northside
NO-SU-02,Support,2026-02-18 08:00:00,2026-02-18 17:00:00,Northside
NO-SU-03,Support,2026-02-18 08:00:00,2026-02-18 17:00:00,Northside
NO-SU-04,Support,2026-02-18 08:00:00,2026-02-18 17:00:00,Northside
NO-PR-03,Provider,2026-02-18 09:00:00,2026-02-18 17:00:00,Northside
NO-PR-01,Provider,2026-02-19 08:00:00,2026-02-19 17:00:00,Northside
NO-PR-02,Provider,2026-02-19 08:00:00,2026-02-19 17:00:00,Northside
NO-SU-01,Support,2026-02-19 08:00:00,2026-02-19 17:00:00,Northside
NO-SU-02,Support,2026-02-19 08:00:00,2026-02-19 17:00:00,Northside
NO-SU-03,Support,2026-02-19 08:00:00,2026-02-19 17:00:00,Northside
NO-SU-04,Support,2026-02-19 08:00:00,2026-02-19 17:00:00,Northside
NO-PR-03,Provider,2026-02-19 09:00:00,2026-02-19 17:00:00,Northside
NO-PR-01,Provider,2026-02-20 08:00:00,2026-02-20 17:00:00,Northside
NO-PR-02,Provider,2026-02-20 08:00:00,2026-02-20 17:00:00,Northside
NO-SU-01,Support,2026-02-20 08:00:00,2026-02-20 17:00:00,Northside
NO-SU-02,Support,2026-02-20 08:00:00,2026-02-20 17:00:00,Northside
NO-SU-03,Support,2026-02-20 08:00:00,2026-02-20 17:00:00,Northside
NO-SU-04,Support,2026-02-20 08:00:00,2026-02-20 17:00:00,Northside
NO-PR-03,Provider,2026-02-20 09:00:00,2026-02-20 17:00:00,Northside
NO-PR-01,Provider,2026-02-21 08:00:00,2026-02-21 13:00:00,Northside
NO-PR-02,Provider,2026-02-21 08:00:00,2026-02-21 13:00:00,Northside
NO-SU-01,Support,2026-02-21 08:00:00,2026-02-21 13:00:00,Northside
NO-SU-02,Support,2026-02-21 08:00:00,2026-02-21 13:00:00,Northside
NO-SU-03,Support,2026-02-21 08:00:00,2026-02-21 13:00:00,Northside
NO-SU-04,Support,2026-02-21 08:00:00,2026-02-21 13:00:00,Northside
NO-PR-03,Provider,2026-02-21 09:00:00,2026-02-21 13:00:00,Northside
NO-PR-01,Provider,2026-02-23 08:00:00,2026-02-23 17:00:00,Northside
NO-PR-02,Provider,2026-02-23 08:00:00,2026-02-23 17:00:00,Northside
NO-SU-01,Support,2026-02-23 08:00:00,2026-02-23 17:00:00,Northside
NO-SU-02,Support,2026-02-23 08:00:00,2026-02-23 17:00:00,Northside
NO-SU-03,Support,2026-02-23 08:00:00,2026-02-23 17:00:00,Northside
NO-SU-04,Support,2026-02-23 08:00:00,2026-02-23 17:00:00,Northside
NO-PR-03,Provider,2026-02-23 09:00:00,2026-02-23 17:00:00,Northside
NO-PR-01,Provider,2026-02-24 08:00:00,2026-02-24 17:00:00,Northside
NO-PR-02,Provider,2026-02-24 08:00:00,2026-02-24 17:00:00,Northside
NO-SU-01,Support,2026-02-24 08:00:00,2026-02-24 17:00:00,Northside
NO-SU-02,Support,2026-02-24 08:00:00,2026-02-24 17:00:00,Northside
NO-SU-03,Support,2026-02-24 08:00:00,2026-02-24 17:00:00,Northside
NO-SU-04,Support,2026-02-24 08:00:00,2026-02-24 17:00:00,Northside
NO-PR-03,Provider,2026-02-24 09:00:00,2026-02-24 17:00:00,Northside
NO-PR-01,Provider,2026-02-25 08:00:00,2026-02-25 17:00:00,Northside
NO-PR-02,Provider,2026-02-25 08:00:00,2026-02-25 17:00:00,Northside
NO-SU-01,Support,2026-02-25 08:00:00,2026-02-25 17:00:00,Northside
NO-SU-02,Support,2026-02-25 08:00:00,2026-02-25 17:00:00,Northside
NO-SU-03,Support,2026-02-25 08:00:00,2026-02-25 17:00:00,Northside
NO-SU-04,Support,2026-02-25 08:00:00,2026-02-25 17:00:00,Northside
NO-PR-03,Provider,2026-02-25 09:00:00,2026-02-25 17:00:00,Northside
NO-PR-01,Provider,2026-02-26 08:00:00,2026-02-26 17:00:00,Northside
NO-PR-02,Provider,2026-02-26 08:00:00,2026-02-26 17:00:00,Northside
NO-SU-01,Support,2026-02-26 08:00:00,2026-02-26 17:00:00,Northside
NO-SU-02,Support,2026-02-26 08:00:00,2026-02-26 17:00:00,Northside
NO-SU-03,Support,2026-02-26 08:00:00,2026-02-26 17:00:00,Northside
NO-SU-04,Support,2026-02-26 08:00:00,2026-02-26 17:00:00,Northside
NO-PR-03,Provider,2026-02-26 09:00:00,2026-02-26 17:00:00,Northside
NO-PR-01,Provider,2026-02-27 08:00:00,2026-02-27 17:00:00,Northside
NO-PR-02,Provider,2026-02-27 08:00:00,2026-02-27 17:00:00,Northside
NO-SU-01,Support,2026-02-27 08:00:00,2026-02-27 17:00:00,Northside
NO-SU-02,Support,2026-02-27 08:00:00,2026-02-27 17:00:00,Northside
NO-SU-03,Support,2026-02-27 08:00:00,2026-02-27 17:00:00,Northside
NO-SU-04,Support,2026-02-27 08:00:00,2026-02-27 17:00:00,Northside
NO-PR-03,Provider,2026-02-27 09:00:00,2026-02-27 17:00:00,Northside
NO-PR-01,Provider,2026-02-28 08:00:00,2026-02-28 13:00:00,Northside
NO-PR-02,Provider,2026-02-28 08:00:00,2026-02-28 13:00:00,Northside
NO-SU-01,Support,2026-02-28 08:00:00,2026-02-28 13:00:00,Northside
NO-SU-02,Support,2026-02-28 08:00:00,2026-02-28 13:00:00,Northside
NO-SU-03,Support,2026-02-28 08:00:00,2026-02-28 13:00:00,Northside
NO-SU-04,Support,2026-02-28 08:00:00,2026-02-28 13:00:00,Northside
NO-PR-03,Provider,2026-02-28 09:00:00,2026-02-28 13:00:00,Northside
NO-PR-01,Provider,2026-03-02 08:00:00,2026-03-02 17:00:00,Northside
NO-PR-02,Provider,2026-03-02 08:00:00,2026-03-02 17:00:00,Northside
NO-SU-01,Support,2026-03-02 08:00:00,2026-03-02 17:00:00,Northside
NO-SU-02,Support,2026-03-02 08:00:00,2026-03-02 17:00:00,Northside
NO-SU-03,Support,2026-03-02 08:00:00,2026-03-02 17:00:00,Northside
NO-SU-04,Support,2026-03-02 08:00:00,2026-03-02 17:00:00,Northside
NO-PR-03,Provider,2026-03-02 09:00:00,2026-03-02 17:00:00,Northside
NO-PR-01,Provider,2026-03-03 08:00:00,2026-03-03 17:00:00,Northside
NO-PR-02,Provider,2026-03-03 08:00:00,2026-03-03 17:00:00,Northside
NO-SU-01,Support,2026-03-03 08:00:00,2026-03-03 17:00:00,Northside
NO-SU-02,Support,2026-03-03 08:00:00,2026-03-03 17:00:00,Northside
NO-SU-03,Support,2026-03-03 08:00:00,2026-03-03 17:00:00,Northside
NO-SU-04,Support,2026-03-03 08:00:00,2026-03-03 17:00:00,Northside
NO-PR-03,Provider,2026-03-03 09:00:00,2026-03-03 17:00:00,Northside
NO-PR-01,Provider,2026-03-04 08:00:00,2026-03-04 17:00:00,Northside
NO-PR-02,Provider,2026-03-04 08:00:00,2026-03-04 17:00:00,Northside
NO-SU-01,Support,2026-03-04 08:00:00,2026-03-04 17:00:00,Northside
NO-SU-02,Support,2026-03-04 08:00:00,2026-03-04 17:00:00,Northside
NO-SU-03,Support,2026-03-04 08:00:00,2026-03-04 17:00:00,Northside
NO-SU-04,Support,2026-03-04 08:00:00,2026-03-04 17:00:00,Northside
NO-PR-03,Provider,2026-03-04 09:00:00,2026-03-04 17:00:00,Northside
NO-PR-01,Provider,2026-03-05 08:00:00,2026-03-05 17:00:00,Northside
NO-PR-02,Provider,2026-03-05 08:00:00,2026-03-05 17:00:00,Northside
NO-SU-01,Support,2026-03-05 08:00:00,2026-03-05 17:00:00,Northside
NO-SU-02,Support,2026-03-05 08:00:00,2026-03-05 17:00:00,Northside
NO-SU-03,Support,2026-03-05 08:00:00,2026-03-05 17:00:00,Northside
NO-SU-04,Support,2026-03-05 08:00:00,2026-03-05 17:00:00,Northside
NO-PR-03,Provider,2026-03-05 09:00:00,2026-03-05 17:00:00,Northside
NO-PR-01,Provider,2026-03-06 08:00:00,2026-03-06 17:00:00,Northside
NO-PR-02,Provider,2026-03-06 08:00:00,2026-03-06 17:00:00,Northside
NO-SU-01,Support,2026-03-06 08:00:00,2026-03-06 17:00:00,Northside
NO-SU-02,Support,2026-03-06 08:00:00,2026-03-06 17:00:00,Northside
NO-SU-03,Support,2026-03-06 08:00:00,2026-03-06 17:00:00,Northside
NO-SU-04,Support,2026-03-06 08:00:00,2026-03-06 17:00:00,Northside
NO-PR-03,Provider,2026-03-06 09:00:00,2026-03-06 17:00:00,Northside
NO-PR-01,Provider,2026-03-07 08:00:00,2026-03-07 13:00:00,Northside
NO-PR-02,Provider,2026-03-07 08:00:00,2026-03-07 13:00:00,Northside
NO-SU-01,Support,2026-03-07 08:00:00,2026-03-07 13:00:00,Northside
NO-SU-02,Support,2026-03-07 08:00:00,2026-03-07 13:00:00,Northside
NO-SU-03,Support,2026-03-07 08:00:00,2026-03-07 13:00:00,Northside
NO-SU-04,Support,2026-03-07 08:00:00,2026-03-07 13:00:00,Northside
NO-PR-03,Provider,2026-03-07 09:00:00,2026-03-07 13:00:00,Northside
NO-PR-01,Provider,2026-03-09 08:00:00,2026-03-09 17:00:00,Northside
NO-PR-02,Provider,2026-03-09 08:00:00,2026-03-09 17:00:00,Northside
NO-SU-01,Support,2026-03-09 08:00:00,2026-03-09 17:00:00,Northside
NO-SU-02,Support,2026-03-09 08:00:00,2026-03-09 17:00:00,Northside
NO-SU-03,Support,2026-03-09 08:00:00,2026-03-09 17:00:00,Northside
NO-SU-04,Support,2026-03-09 08:00:00,2026-03-09 17:00:00,Northside
NO-PR-03,Provider,2026-03-09 09:00:00,2026-03-09 17:00:00,Northside
NO-PR-01,Provider,2026-03-10 08:00:00,2026-03-10 17:00:00,Northside
NO-PR-02,Provider,2026-03-10 08:00:00,2026-03-10 17:00:00,Northside
NO-SU-01,Support,2026-03-10 08:00:00,2026-03-10 17:00:00,Northside
NO-SU-02,Support,2026-03-10 08:00:00,2026-03-10 17:00:00,Northside
NO-SU-03,Support,2026-03-10 08:00:00,2026-03-10 17:00:00,Northside
NO-SU-04,Support,2026-03-10 08:00:00,2026-03-10 17:00:00,Northside
NO-PR-03,Provider,2026-03-10 09:00:00,2026-03-10 17:00:00,Northside
NO-PR-01,Provider,2026-03-11 08:00:00,2026-03-11 17:00:00,Northside
NO-PR-02,Provider,2026-03-11 08:00:00,2026-03-11 17:00:00,Northside
NO-SU-01,Support,2026-03-11 08:00:00,2026-03-11 17:00:00,Northside
NO-SU-02,Support,2026-03-11 08:00:00,2026-03-11 17:00:00,Northside
NO-SU-03,Support,2026-03-11 08:00:00,2026-03-11 17:00:00,Northside
NO-SU-04,Support,2026-03-11 08:00:00,2026-03-11 17:00:00,Northside
NO-PR-03,Provider,2026-03-11 09:00:00,2026-03-11 17:00:00,Northside
NO-PR-01,Provider,2026-03-12 08:00:00,2026-03-12 17:00:00,Northside
NO-PR-02,Provider,2026-03-12 08:00:00,2026-03-12 17:00:00,Northside
NO-SU-01,Support,2026-03-12 08:00:00,2026-03-12 17:00:00,Northside
NO-SU-02,Support,2026-03-12 08:00:00,2026-03-12 17:00:00,Northside
NO-SU-03,Support,2026-03-12 08:00:00,2026-03-12 17:00:00,Northside
NO-SU-04,Support,2026-03-12 08:00:00,2026-03-12 17:00:00,Northside
NO-PR-03,Provider,2026-03-12 09:00:00,2026-03-12 17:00:00,Northside
NO-PR-01,Provider,2026-03-13 08:00:00,2026-03-13 17:00:00,Northside
NO-PR-02,Provider,2026-03-13 08:00:00,2026-03-13 17:00:00,Northside
NO-SU-01,Support,2026-03-13 08:00:00,2026-03-13 17:00:00,Northside
NO-SU-02,Support,2026-03-13 08:00:00,2026-03-13 17:00:00,Northside
NO-SU-03,Support,2026-03-13 08:00:00,2026-03-13 17:00:00,Northside
NO-SU-04,Support,2026-03-13 08:00:00,2026-03-13 17:00:00,Northside
NO-PR-03,Provider,2026-03-13 09:00:00,2026-03-13 17:00:00,Northside
NO-PR-01,Provider,2026-03-14 08:00:00,2026-03-14 13:00:00,Northside
NO-PR-02,Provider,2026-03-14 08:00:00,2026-03-14 13:00:00,Northside
NO-SU-01,Support,2026-03-14 08:00:00,2026-03-14 13:00:00,Northside
NO-SU-02,Support,2026-03-14 08:00:00,2026-03-14 13:00:00,Northside
NO-SU-03,Support,2026-03-14 08:00:00,2026-03-14 13:00:00,Northside
NO-SU-04,Support,2026-03-14 08:00:00,2026-03-14 13:00:00,Northside
NO-PR-03,Provider,2026-03-14 09:00:00,2026-03-14 13:00:00,Northside
NO-PR-01,Provider,2026-03-16 08:00:00,2026-03-16 17:00:00,Northside
NO-PR-02,Provider,2026-03-16 08:00:00,2026-03-16 17:00:00,Northside
NO-SU-01,Support,2026-03-16 08:00:00,2026-03-16 17:00:00,Northside
NO-SU-02,Support,2026-03-16 08:00:00,2026-03-16 17:00:00,Northside
NO-SU-03,Support,2026-03-16 08:00:00,2026-03-16 17:00:00,Northside
NO-SU-04,Support,2026-03-16 08:00:00,2026-03-16 17:00:00,Northside
NO-PR-03,Provider,2026-03-16 09:00:00,2026-03-16 17:00:00,Northside
NO-PR-01,Provider,2026-03-17 08:00:00,2026-03-17 17:00:00,Northside
NO-PR-02,Provider,2026-03-17 08:00:00,2026-03-17 17:00:00,Northside
NO-SU-01,Support,2026-03-17 08:00:00,2026-03-17 17:00:00,Northside
NO-SU-02,Support,2026-03-17 08:00:00,2026-03-17 17:00:00,Northside
NO-SU-03,Support,2026-03-17 08:00:00,2026-03-17 17:00:00,Northside
NO-SU-04,Support,2026-03-17 08:00:00,2026-03-17 17:00:00,Northside
NO-PR-03,Provider,2026-03-17 09:00:00,2026-03-17 17:00:00,Northside
NO-PR-01,Provider,2026-03-18 08:00:00,2026-03-18 17:00:00,Northside
NO-PR-02,Provider,2026-03-18 08:00:00,2026-03-18 17:00:00,Northside
NO-SU-01,Support,2026-03-18 08:00:00,2026-03-18 17:00:00,Northside
NO-SU-02,Support,2026-03-18 08:00:00,2026-03-18 17:00:00,Northside
NO-SU-03,Support,2026-03-18 08:00:00,2026-03-18 17:00:00,Northside
NO-SU-04,Support,2026-03-18 08:00:00,2026-03-18 17:00:00,Northside
NO-PR-03,Provider,2026-03-18 09:00:00,2026-03-18 17:00:00,Northside
NO-PR-01,Provider,2026-03-19 08:00:00,2026-03-19 17:00:00,Northside
NO-PR-02,Provider,2026-03-19 08:00:00,2026-03-19 17:00:00,Northside
NO-SU-01,Support,2026-03-19 08:00:00,2026-03-19 17:00:00,Northside
NO-SU-02,Support,2026-03-19 08:00:00,2026-03-19 17:00:00,Northside
NO-SU-03,Support,2026-03-19 08:00:00,2026-03-19 17:00:00,Northside
NO-SU-04,Support,2026-03-19 08:00:00,2026-03-19 17:00:00,Northside
NO-PR-03,Provider,2026-03-19 09:00:00,2026-03-19 17:00:00,Northside
NO-PR-01,Provider,2026-03-20 08:00:00,2026-03-20 17:00:00,Northside
NO-PR-02,Provider,2026-03-20 08:00:00,2026-03-20 17:00:00,Northside
NO-SU-01,Support,2026-03-20 08:00:00,2026-03-20 17:00:00,Northside
NO-SU-02,Support,2026-03-20 08:00:00,2026-03-20 17:00:00,Northside
NO-SU-03,Support,2026-03-20 08:00:00,2026-03-20 17:00:00,Northside
NO-SU-04,Support,2026-03-20 08:00:00,2026-03-20 17:00:00,Northside
NO-PR-03,Provider,2026-03-20 09:00:00,2026-03-20 17:00:00,Northside
NO-PR-01,Provider,2026-03-21 08:00:00,2026-03-21 13:00:00,Northside
NO-PR-02,Provider,2026-03-21 08:00:00,2026-03-21 13:00:00,Northside
NO-SU-01,Support,2026-03-21 08:00:00,2026-03-21 13:00:00,Northside
NO-SU-02,Support,2026-03-21 08:00:00,2026-03-21 13:00:00,Northside
NO-SU-03,Support,2026-03-21 08:00:00,2026-03-21 13:00:00,Northside
NO-SU-04,Support,2026-03-21 08:00:00,2026-03-21 13:00:00,Northside
NO-PR-03,Provider,2026-03-21 09:00:00,2026-03-21 13:00:00,Northside
NO-PR-01,Provider,2026-03-23 08:00:00,2026-03-23 17:00:00,Northside
NO-PR-02,Provider,2026-03-23 08:00:00,2026-03-23 17:00:00,Northside
NO-SU-01,Support,2026-03-23 08:00:00,2026-03-23 17:00:00,Northside
NO-SU-02,Support,2026-03-23 08:00:00,2026-03-23 17:00:00,Northside
NO-SU-03,Support,2026-03-23 08:00:00,2026-03-23 17:00:00,Northside
NO-SU-04,Support,2026-03-23 08:00:00,2026-03-23 17:00:00,Northside
NO-PR-03,Provider,2026-03-23 09:00:00,2026-03-23 17:00:00,Northside
NO-PR-01,Provider,2026-03-24 08:00:00,2026-03-24 17:00:00,Northside
NO-PR-02,Provider,2026-03-24 08:00:00,2026-03-24 17:00:00,Northside
NO-SU-01,Support,2026-03-24 08:00:00,2026-03-24 17:00:00,Northside
NO-SU-02,Support,2026-03-24 08:00:00,2026-03-24 17:00:00,Northside
NO-SU-03,Support,2026-03-24 08:00:00,2026-03-24 17:00:00,Northside
NO-SU-04,Support,2026-03-24 08:00:00,2026-03-24 17:00:00,Northside
NO-PR-03,Provider,2026-03-24 09:00:00,2026-03-24 17:00:00,Northside
NO-PR-01,Provider,2026-03-25 08:00:00,2026-03-25 17:00:00,Northside
NO-PR-02,Provider,2026-03-25 08:00:00,2026-03-25 17:00:00,Northside
NO-SU-01,Support,2026-03-25 08:00:00,2026-03-25 17:00:00,Northside
NO-SU-02,Support,2026-03-25 08:00:00,2026-03-25 17:00:00,Northside
NO-SU-03,Support,2026-03-25 08:00:00,2026-03-25 17:00:00,Northside
NO-SU-04,Support,2026-03-25 08:00:00,2026-03-25 17:00:00,Northside
NO-PR-03,Provider,2026-03-25 09:00:00,2026-03-25 17:00:00,Northside
NO-PR-01,Provider,2026-03-26 08:00:00,2026-03-26 17:00:00,Northside
NO-PR-02,Provider,2026-03-26 08:00:00,2026-03-26 17:00:00,Northside
NO-SU-01,Support,2026-03-26 08:00:00,2026-03-26 17:00:00,Northside
NO-SU-02,Support,2026-03-26 08:00:00,2026-03-26 17:00:00,Northside
NO-SU-03,Support,2026-03-26 08:00:00,2026-03-26 17:00:00,Northside
NO-SU-04,Support,2026-03-26 08:00:00,2026-03-26 17:00:00,Northside
NO-PR-03,Provider,2026-03-26 09:00:00,2026-03-26 17:00:00,Northside
NO-PR-01,Provider,2026-03-27 08:00:00,2026-03-27 17:00:00,Northside
NO-PR-02,Provider,2026-03-27 08:00:00,2026-03-27 17:00:00,Northside
NO-SU-01,Support,2026-03-27 08:00:00,2026-03-27 17:00:00,Northside
NO-SU-02,Support,2026-03-27 08:00:00,2026-03-27 17:00:00,Northside
NO-SU-03,Support,2026-03-27 08:00:00,2026-03-27 17:00:00,Northside
NO-SU-04,Support,2026-03-27 08:00:00,2026-03-27 17:00:00,Northside
NO-PR-03,Provider,2026-03-27 09:00:00,2026-03-27 17:00:00,Northside
NO-PR-01,Provider,2026-03-28 08:00:00,2026-03-28 13:00:00,Northside
NO-PR-02,Provider,2026-03-28 08:00:00,2026-03-28 13:00:00,Northside
NO-SU-01,Support,2026-03-28 08:00:00,2026-03-28 13:00:00,Northside
NO-SU-02,Support,2026-03-28 08:00:00,2026-03-28 13:00:00,Northside
NO-SU-03,Support,2026-03-28 08:00:00,2026-03-28 13:00:00,Northside
NO-SU-04,Support,2026-03-28 08:00:00,2026-03-28 13:00:00,Northside
NO-PR-03,Provider,2026-03-28 09:00:00,2026-03-28 13:00:00,Northside
NO-PR-01,Provider,2026-03-30 08:00:00,2026-03-30 17:00:00,Northside
NO-PR-02,Provider,2026-03-30 08:00:00,2026-03-30 17:00:00,Northside
NO-SU-01,Support,2026-03-30 08:00:00,2026-03-30 17:00:00,Northside
NO-SU-02,Support,2026-03-30 08:00:00,2026-03-30 17:00:00,Northside
NO-SU-03,Support,2026-03-30 08:00:00,2026-03-30 17:00:00,Northside
NO-SU-04,Support,2026-03-30 08:00:00,2026-03-30 17:00:00,Northside
NO-PR-03,Provider,2026-03-30 09:00:00,2026-03-30 17:00:00,Northside
NO-PR-01,Provider,2026-03-31 08:00:00,2026-03-31 17:00:00,Northside
NO-PR-02,Provider,2026-03-31 08:00:00,2026-03-31 17:00:00,Northside
NO-SU-01,Support,2026-03-31 08:00:00,2026-03-31 17:00:00,Northside
NO-SU-02,Support,2026-03-31 08:00:00,2026-03-31 17:00:00,Northside
NO-SU-03,Support,2026-03-31 08:00:00,2026-03-31 17:00:00,Northside
NO-SU-04,Support,2026-03-31 08:00:00,2026-03-31 17:00:00,Northside
NO-PR-03,Provider,2026-03-31 09:00:00,2026-03-31 17:00:00,Northside
NO-PR-01,Provider,2026-04-01 08:00:00,2026-04-01 17:00:00,Northside
NO-PR-02,Provider,2026-04-01 08:00:00,2026-04-01 17:00:00,Northside
NO-SU-01,Support,2026-04-01 08:00:00,2026-04-01 17:00:00,Northside
NO-SU-02,Support,2026-04-01 08:00:00,2026-04-01 17:00:00,Northside
NO-SU-03,Support,2026-04-01 08:00:00,2026-04-01 17:00:00,Northside
NO-SU-04,Support,2026-04-01 08:00:00,2026-04-01 17:00:00,Northside
NO-PR-03,Provider,2026-04-01 09:00:00,2026-04-01 17:00:00,Northside
NO-PR-01,Provider,2026-04-02 08:00:00,2026-04-02 17:00:00,Northside
NO-PR-02,Provider,2026-04-02 08:00:00,2026-04-02 17:00:00,Northside
NO-SU-01,Support,2026-04-02 08:00:00,2026-04-02 17:00:00,Northside
NO-SU-02,Support,2026-04-02 08:00:00,2026-04-02 17:00:00,Northside
NO-SU-03,Support,2026-04-02 08:00:00,2026-04-02 17:00:00,Northside
NO-SU-04,Support,2026-04-02 08:00:00,2026-04-02 17:00:00,Northside
NO-PR-03,Provider,2026-04-02 09:00:00,2026-04-02 17:00:00,Northside
NO-PR-01,Provider,2026-04-03 08:00:00,2026-04-03 17:00:00,Northside
NO-PR-02,Provider,2026-04-03 08:00:00,2026-04-03 17:00:00,Northside
NO-SU-01,Support,2026-04-03 08:00:00,2026-04-03 17:00:00,Northside
NO-SU-02,Support,2026-04-03 08:00:00,2026-04-03 17:00:00,Northside
NO-SU-03,Support,2026-04-03 08:00:00,2026-04-03 17:00:00,Northside
NO-SU-04,Support,2026-04-03 08:00:00,2026-04-03 17:00:00,Northside
NO-PR-03,Provider,2026-04-03 09:00:00,2026-04-03 17:00:00,Northside
NO-PR-01,Provider,2026-04-04 08:00:00,2026-04-04 13:00:00,Northside
NO-PR-02,Provider,2026-04-04 08:00:00,2026-04-04 13:00:00,Northside
NO-SU-01,Support,2026-04-04 08:00:00,2026-04-04 13:00:00,Northside
NO-SU-02,Support,2026-04-04 08:00:00,2026-04-04 13:00:00,Northside
NO-SU-03,Support,2026-04-04 08:00:00,2026-04-04 13:00:00,Northside
NO-SU-04,Support,2026-04-04 08:00:00,2026-04-04 13:00:00,Northside
NO-PR-03,Provider,2026-04-04 09:00:00,2026-04-04 13:00:00,Northside
NO-PR-01,Provider,2026-04-06 08:00:00,2026-04-06 17:00:00,Northside
NO-PR-02,Provider,2026-04-06 08:00:00,2026-04-06 17:00:00,Northside
NO-SU-01,Support,2026-04-06 08:00:00,2026-04-06 17:00:00,Northside
NO-SU-02,Support,2026-04-06 08:00:00,2026-04-06 17:00:00,Northside
NO-SU-03,Support,2026-04-06 08:00:00,2026-04-06 17:00:00,Northside
NO-SU-04,Support,2026-04-06 08:00:00,2026-04-06 17:00:00,Northside
NO-PR-03,Provider,2026-04-06 09:00:00,2026-04-06 17:00:00,Northside
NO-PR-01,Provider,2026-04-07 08:00:00,2026-04-07 17:00:00,Northside
NO-PR-02,Provider,2026-04-07 08:00:00,2026-04-07 17:00:00,Northside
NO-SU-01,Support,2026-04-07 08:00:00,2026-04-07 17:00:00,Northside
NO-SU-02,Support,2026-04-07 08:00:00,2026-04-07 17:00:00,Northside
NO-SU-03,Support,2026-04-07 08:00:00,2026-04-07 17:00:00,Northside
NO-SU-04,Support,2026-04-07 08:00:00,2026-04-07 17:00:00,Northside
NO-PR-03,Provider,2026-04-07 09:00:00,2026-04-07 17:00:00,Northside
NO-PR-01,Provider,2026-04-08 08:00:00,2026-04-08 17:00:00,Northside
NO-PR-02,Provider,2026-04-08 08:00:00,2026-04-08 17:00:00,Northside
NO-SU-01,Support,2026-04-08 08:00:00,2026-04-08 17:00:00,Northside
NO-SU-02,Support,2026-04-08 08:00:00,2026-04-08 17:00:00,Northside
NO-SU-03,Support,2026-04-08 08:00:00,2026-04-08 17:00:00,Northside
NO-SU-04,Support,2026-04-08 08:00:00,2026-04-08 17:00:00,Northside
NO-PR-03,Provider,2026-04-08 09:00:00,2026-04-08 17:00:00,Northside
NO-PR-01,Provider,2026-04-09 08:00:00,2026-04-09 17:00:00,Northside
NO-PR-02,Provider,2026-04-09 08:00:00,2026-04-09 17:00:00,Northside
NO-SU-01,Support,2026-04-09 08:00:00,2026-04-09 17:00:00,Northside
NO-SU-02,Support,2026-04-09 08:00:00,2026-04-09 17:00:00,Northside
NO-SU-03,Support,2026-04-09 08:00:00,2026-04-09 17:00:00,Northside
NO-SU-04,Support,2026-04-09 08:00:00,2026-04-09 17:00:00,Northside
NO-PR-03,Provider,2026-04-09 09:00:00,2026-04-09 17:00:00,Northside
NO-PR-01,Provider,2026-04-10 08:00:00,2026-04-10 17:00:00,Northside
NO-PR-02,Provider,2026-04-10 08:00:00,2026-04-10 17:00:00,Northside
NO-SU-01,Support,2026-04-10 08:00:00,2026-04-10 17:00:00,Northside
NO-SU-02,Support,2026-04-10 08:00:00,2026-04-10 17:00:00,Northside
NO-SU-03,Support,2026-04-10 08:00:00,2026-04-10 17:00:00,Northside
NO-SU-04,Support,2026-04-10 08:00:00,2026-04-10 17:00:00,Northside
NO-PR-03,Provider,2026-04-10 09:00:00,2026-04-10 17:00:00,Northside
NO-PR-01,Provider,2026-04-11 08:00:00,2026-04-11 13:00:00,Northside
NO-PR-02,Provider,2026-04-11 08:00:00,2026-04-11 13:00:00,Northside
NO-SU-01,Support,2026-04-11 08:00:00,2026-04-11 13:00:00,Northside
NO-SU-02,Support,2026-04-11 08:00:00,2026-04-11 13:00:00,Northside
NO-SU-03,Support,2026-04-11 08:00:00,2026-04-11 13:00:00,Northside
NO-SU-04,Support,2026-04-11 08:00:00,2026-04-11 13:00:00,Northside
NO-PR-03,Provider,2026-04-11 09:00:00,2026-04-11 13:00:00,Northside
NO-PR-01,Provider,2026-04-13 08:00:00,2026-04-13 17:00:00,Northside
NO-PR-02,Provider,2026-04-13 08:00:00,2026-04-13 17:00:00,Northside
NO-SU-01,Support,2026-04-13 08:00:00,2026-04-13 17:00:00,Northside
NO-SU-02,Support,2026-04-13 08:00:00,2026-04-13 17:00:00,Northside
NO-SU-03,Support,2026-04-13 08:00:00,2026-04-13 17:00:00,Northside
NO-SU-04,Support,2026-04-13 08:00:00,2026-04-13 17:00:00,Northside
NO-PR-03,Provider,2026-04-13 09:00:00,2026-04-13 17:00:00,Northside
NO-PR-01,Provider,2026-04-14 08:00:00,2026-04-14 17:00:00,Northside
NO-PR-02,Provider,2026-04-14 08:00:00,2026-04-14 17:00:00,Northside
NO-SU-01,Support,2026-04-14 08:00:00,2026-04-14 17:00:00,Northside
NO-SU-02,Support,2026-04-14 08:00:00,2026-04-14 17:00:00,Northside
NO-SU-03,Support,2026-04-14 08:00:00,2026-04-14 17:00:00,Northside
NO-SU-04,Support,2026-04-14 08:00:00,2026-04-14 17:00:00,Northside
NO-PR-03,Provider,2026-04-14 09:00:00,2026-04-14 17:00:00,Northside
NO-PR-01,Provider,2026-04-15 08:00:00,2026-04-15 17:00:00,Northside
NO-PR-02,Provider,2026-04-15 08:00:00,2026-04-15 17:00:00,Northside
NO-SU-01,Support,2026-04-15 08:00:00,2026-04-15 17:00:00,Northside
NO-SU-02,Support,2026-04-15 08:00:00,2026-04-15 17:00:00,Northside
NO-SU-03,Support,2026-04-15 08:00:00,2026-04-15 17:00:00,Northside
NO-SU-04,Support,2026-04-15 08:00:00,2026-04-15 17:00:00,Northside
NO-PR-03,Provider,2026-04-15 09:00:00,2026-04-15 17:00:00,Northside
NO-PR-01,Provider,2026-04-16 08:00:00,2026-04-16 17:00:00,Northside
NO-PR-02,Provider,2026-04-16 08:00:00,2026-04-16 17:00:00,Northside
NO-SU-01,Support,2026-04-16 08:00:00,2026-04-16 17:00:00,Northside
NO-SU-02,Support,2026-04-16 08:00:00,2026-04-16 17:00:00,Northside
NO-SU-03,Support,2026-04-16 08:00:00,2026-04-16 17:00:00,Northside
NO-SU-04,Support,2026-04-16 08:00:00,2026-04-16 17:00:00,Northside
NO-PR-03,Provider,2026-04-16 09:00:00,2026-04-16 17:00:00,Northside
NO-PR-01,Provider,2026-04-17 08:00:00,2026-04-17 17:00:00,Northside
NO-PR-02,Provider,2026-04-17 08:00:00,2026-04-17 17:00:00,Northside
NO-SU-01,Support,2026-04-17 08:00:00,2026-04-17 17:00:00,Northside
NO-SU-02,Support,2026-04-17 08:00:00,2026-04-17 17:00:00,Northside
NO-SU-03,Support,2026-04-17 08:00:00,2026-04-17 17:00:00,Northside
NO-SU-04,Support,2026-04-17 08:00:00,2026-04-17 17:00:00,Northside
NO-PR-03,Provider,2026-04-17 09:00:00,2026-04-17 17:00:00,Northside
NO-PR-01,Provider,2026-04-18 08:00:00,2026-04-18 13:00:00,Northside
NO-PR-02,Provider,2026-04-18 08:00:00,2026-04-18 13:00:00,Northside
NO-SU-01,Support,2026-04-18 08:00:00,2026-04-18 13:00:00,Northside
NO-SU-02,Support,2026-04-18 08:00:00,2026-04-18 13:00:00,Northside
NO-SU-03,Support,2026-04-18 08:00:00,2026-04-18 13:00:00,Northside
NO-SU-04,Support,2026-04-18 08:00:00,2026-04-18 13:00:00,Northside
NO-PR-03,Provider,2026-04-18 09:00:00,2026-04-18 13:00:00,Northside
NO-PR-01,Provider,2026-04-20 08:00:00,2026-04-20 17:00:00,Northside
NO-PR-02,Provider,2026-04-20 08:00:00,2026-04-20 17:00:00,Northside
NO-SU-01,Support,2026-04-20 08:00:00,2026-04-20 17:00:00,Northside
NO-SU-02,Support,2026-04-20 08:00:00,2026-04-20 17:00:00,Northside
NO-SU-03,Support,2026-04-20 08:00:00,2026-04-20 17:00:00,Northside
NO-SU-04,Support,2026-04-20 08:00:00,2026-04-20 17:00:00,Northside
NO-PR-03,Provider,2026-04-20 09:00:00,2026-04-20 17:00:00,Northside
NO-PR-01,Provider,2026-04-21 08:00:00,2026-04-21 17:00:00,Northside
NO-PR-02,Provider,2026-04-21 08:00:00,2026-04-21 17:00:00,Northside
NO-SU-01,Support,2026-04-21 08:00:00,2026-04-21 17:00:00,Northside
NO-SU-02,Support,2026-04-21 08:00:00,2026-04-21 17:00:00,Northside
NO-SU-03,Support,2026-04-21 08:00:00,2026-04-21 17:00:00,Northside
NO-SU-04,Support,2026-04-21 08:00:00,2026-04-21 17:00:00,Northside
NO-PR-03,Provider,2026-04-21 09:00:00,2026-04-21 17:00:00,Northside
NO-PR-01,Provider,2026-04-22 08:00:00,2026-04-22 17:00:00,Northside
NO-PR-02,Provider,2026-04-22 08:00:00,2026-04-22 17:00:00,Northside
NO-SU-01,Support,2026-04-22 08:00:00,2026-04-22 17:00:00,Northside
NO-SU-02,Support,2026-04-22 08:00:00,2026-04-22 17:00:00,Northside
NO-SU-03,Support,2026-04-22 08:00:00,2026-04-22 17:00:00,Northside
NO-SU-04,Support,2026-04-22 08:00:00,2026-04-22 17:00:00,Northside
NO-PR-03,Provider,2026-04-22 09:00:00,2026-04-22 17:00:00,Northside
NO-PR-01,Provider,2026-04-23 08:00:00,2026-04-23 17:00:00,Northside
NO-PR-02,Provider,2026-04-23 08:00:00,2026-04-23 17:00:00,Northside
NO-SU-01,Support,2026-04-23 08:00:00,2026-04-23 17:00:00,Northside
NO-SU-02,Support,2026-04-23 08:00:00,2026-04-23 17:00:00,Northside
NO-SU-03,Support,2026-04-23 08:00:00,2026-04-23 17:00:00,Northside
NO-SU-04,Support,2026-04-23 08:00:00,2026-04-23 17:00:00,Northside
NO-PR-03,Provider,2026-04-23 09:00:00,2026-04-23 17:00:00,Northside
NO-PR-01,Provider,2026-04-24 08:00:00,2026-04-24 17:00:00,Northside
NO-PR-02,Provider,2026-04-24 08:00:00,2026-04-24 17:00:00,Northside
NO-SU-01,Support,2026-04-24 08:00:00,2026-04-24 17:00:00,Northside
NO-SU-02,Support,2026-04-24 08:00:00,2026-04-24 17:00:00,Northside
NO-SU-03,Support,2026-04-24 08:00:00,2026-04-24 17:00:00,Northside
NO-SU-04,Support,2026-04-24 08:00:00,2026-04-24 17:00:00,Northside
NO-PR-03,Provider,2026-04-24 09:00:00,2026-04-24 17:00:00,Northside
NO-PR-01,Provider,2026-04-25 08:00:00,2026-04-25 13:00:00,Northside
NO-PR-02,Provider,2026-04-25 08:00:00,2026-04-25 13:00:00,Northside
NO-SU-01,Support,2026-04-25 08:00:00,2026-04-25 13:00:00,Northside
NO-SU-02,Support,2026-04-25 08:00:00,2026-04-25 13:00:00,Northside
NO-SU-03,Support,2026-04-25 08:00:00,2026-04-25 13:00:00,Northside
NO-SU-04,Support,2026-04-25 08:00:00,2026-04-25 13:00:00,Northside
NO-PR-03,Provider,2026-04-25 09:00:00,2026-04-25 13:00:00,Northside
NO-PR-01,Provider,2026-04-27 08:00:00,2026-04-27 17:00:00,Northside
NO-PR-02,Provider,2026-04-27 08:00:00,2026-04-27 17:00:00,Northside
NO-SU-01,Support,2026-04-27 08:00:00,2026-04-27 17:00:00,Northside
NO-SU-02,Support,2026-04-27 08:00:00,2026-04-27 17:00:00,Northside
NO-SU-03,Support,2026-04-27 08:00:00,2026-04-27 17:00:00,Northside
NO-SU-04,Support,2026-04-27 08:00:00,2026-04-27 17:00:00,Northside
NO-PR-03,Provider,2026-04-27 09:00:00,2026-04-27 17:00:00,Northside
NO-PR-01,Provider,2026-04-28 08:00:00,2026-04-28 17:00:00,Northside
NO-PR-02,Provider,2026-04-28 08:00:00,2026-04-28 17:00:00,Northside
NO-SU-01,Support,2026-04-28 08:00:00,2026-04-28 17:00:00,Northside
NO-SU-02,Support,2026-04-28 08:00:00,2026-04-28 17:00:00,Northside
NO-SU-03,Support,2026-04-28 08:00:00,2026-04-28 17:00:00,Northside
NO-SU-04,Support,2026-04-28 08:00:00,2026-04-28 17:00:00,Northside
NO-PR-03,Provider,2026-04-28 09:00:00,2026-04-28 17:00:00,Northside
NO-PR-01,Provider,2026-04-29 08:00:00,2026-04-29 17:00:00,Northside
NO-PR-02,Provider,2026-04-29 08:00:00,2026-04-29 17:00:00,Northside
NO-SU-01,Support,2026-04-29 08:00:00,2026-04-29 17:00:00,Northside
NO-SU-02,Support,2026-04-29 08:00:00,2026-04-29 17:00:00,Northside
NO-SU-03,Support,2026-04-29 08:00:00,2026-04-29 17:00:00,Northside
NO-SU-04,Support,2026-04-29 08:00:00,2026-04-29 17:00:00,Northside
NO-PR-03,Provider,2026-04-29 09:00:00,2026-04-29 17:00:00,Northside
NO-PR-01,Provider,2026-04-30 08:00:00,2026-04-30 17:00:00,Northside
NO-PR-02,Provider,2026-04-30 08:00:00,2026-04-30 17:00:00,Northside
NO-SU-01,Support,2026-04-30 08:00:00,2026-04-30 17:00:00,Northside
NO-SU-02,Support,2026-04-30 08:00:00,2026-04-30 17:00:00,Northside
NO-SU-03,Support,2026-04-30 08:00:00,2026-04-30 17:00:00,Northside
NO-SU-04,Support,2026-04-30 08:00:00,2026-04-30 17:00:00,Northside
NO-PR-03,Provider,2026-04-30 09:00:00,2026-04-30 17:00:00,Northside
NO-PR-01,Provider,2026-05-01 08:00:00,2026-05-01 17:00:00,Northside
NO-PR-02,Provider,2026-05-01 08:00:00,2026-05-01 17:00:00,Northside
NO-SU-01,Support,2026-05-01 08:00:00,2026-05-01 17:00:00,Northside
NO-SU-02,Support,2026-05-01 08:00:00,2026-05-01 17:00:00,Northside
NO-SU-03,Support,2026-05-01 08:00:00,2026-05-01 17:00:00,Northside
NO-SU-04,Support,2026-05-01 08:00:00,2026-05-01 17:00:00,Northside
NO-PR-03,Provider,2026-05-01 09:00:00,2026-05-01 17:00:00,Northside
NO-PR-01,Provider,2026-05-02 08:00:00,2026-05-02 13:00:00,Northside
NO-PR-02,Provider,2026-05-02 08:00:00,2026-05-02 13:00:00,Northside
NO-SU-01,Support,2026-05-02 08:00:00,2026-05-02 13:00:00,Northside
NO-SU-02,Support,2026-05-02 08:00:00,2026-05-02 13:00:00,Northside
NO-SU-03,Support,2026-05-02 08:00:00,2026-05-02 13:00:00,Northside
NO-SU-04,Support,2026-05-02 08:00:00,2026-05-02 13:00:00,Northside
NO-PR-03,Provider,2026-05-02 09:00:00,2026-05-02 13:00:00,Northside
NO-PR-01,Provider,2026-05-04 08:00:00,2026-05-04 17:00:00,Northside
NO-PR-02,Provider,2026-05-04 08:00:00,2026-05-04 17:00:00,Northside
NO-SU-01,Support,2026-05-04 08:00:00,2026-05-04 17:00:00,Northside
NO-SU-02,Support,2026-05-04 08:00:00,2026-05-04 17:00:00,Northside
NO-SU-03,Support,2026-05-04 08:00:00,2026-05-04 17:00:00,Northside
NO-SU-04,Support,2026-05-04 08:00:00,2026-05-04 17:00:00,Northside
NO-PR-03,Provider,2026-05-04 09:00:00,2026-05-04 17:00:00,Northside
NO-PR-01,Provider,2026-05-05 08:00:00,2026-05-05 17:00:00,Northside
NO-PR-02,Provider,2026-05-05 08:00:00,2026-05-05 17:00:00,Northside
NO-SU-01,Support,2026-05-05 08:00:00,2026-05-05 17:00:00,Northside
NO-SU-02,Support,2026-05-05 08:00:00,2026-05-05 17:00:00,Northside
NO-SU-03,Support,2026-05-05 08:00:00,2026-05-05 17:00:00,Northside
NO-SU-04,Support,2026-05-05 08:00:00,2026-05-05 17:00:00,Northside
NO-PR-03,Provider,2026-05-05 09:00:00,2026-05-05 17:00:00,Northside
NO-PR-01,Provider,2026-05-06 08:00:00,2026-05-06 17:00:00,Northside
NO-PR-02,Provider,2026-05-06 08:00:00,2026-05-06 17:00:00,Northside
NO-SU-01,Support,2026-05-06 08:00:00,2026-05-06 17:00:00,Northside
NO-SU-02,Support,2026-05-06 08:00:00,2026-05-06 17:00:00,Northside
NO-SU-03,Support,2026-05-06 08:00:00,2026-05-06 17:00:00,Northside
NO-SU-04,Support,2026-05-06 08:00:00,2026-05-06 17:00:00,Northside
NO-PR-03,Provider,2026-05-06 09:00:00,2026-05-06 17:00:00,Northside
NO-PR-01,Provider,2026-05-07 08:00:00,2026-05-07 17:00:00,Northside
NO-PR-02,Provider,2026-05-07 08:00:00,2026-05-07 17:00:00,Northside
NO-SU-01,Support,2026-05-07 08:00:00,2026-05-07 17:00:00,Northside
NO-SU-02,Support,2026-05-07 08:00:00,2026-05-07 17:00:00,Northside
NO-SU-03,Support,2026-05-07 08:00:00,2026-05-07 17:00:00,Northside
NO-SU-04,Support,2026-05-07 08:00:00,2026-05-07 17:00:00,Northside
NO-PR-03,Provider,2026-05-07 09:00:00,2026-05-07 17:00:00,Northside
NO-PR-01,Provider,2026-05-08 08:00:00,2026-05-08 17:00:00,Northside
NO-PR-02,Provider,2026-05-08 08:00:00,2026-05-08 17:00:00,Northside
NO-SU-01,Support,2026-05-08 08:00:00,2026-05-08 17:00:00,Northside
NO-SU-02,Support,2026-05-08 08:00:00,2026-05-08 17:00:00,Northside
NO-SU-03,Support,2026-05-08 08:00:00,2026-05-08 17:00:00,Northside
NO-SU-04,Support,2026-05-08 08:00:00,2026-05-08 17:00:00,Northside
NO-PR-03,Provider,2026-05-08 09:00:00,2026-05-08 17:00:00,Northside
NO-PR-01,Provider,2026-05-09 08:00:00,2026-05-09 13:00:00,Northside
NO-PR-02,Provider,2026-05-09 08:00:00,2026-05-09 13:00:00,Northside
NO-SU-01,Support,2026-05-09 08:00:00,2026-05-09 13:00:00,Northside
NO-SU-02,Support,2026-05-09 08:00:00,2026-05-09 13:00:00,Northside
NO-SU-03,Support,2026-05-09 08:00:00,2026-05-09 13:00:00,Northside
NO-SU-04,Support,2026-05-09 08:00:00,2026-05-09 13:00:00,Northside
NO-PR-03,Provider,2026-05-09 09:00:00,2026-05-09 13:00:00,Northside
NO-PR-01,Provider,2026-05-11 08:00:00,2026-05-11 17:00:00,Northside
NO-PR-02,Provider,2026-05-11 08:00:00,2026-05-11 17:00:00,Northside
NO-SU-01,Support,2026-05-11 08:00:00,2026-05-11 17:00:00,Northside
NO-SU-02,Support,2026-05-11 08:00:00,2026-05-11 17:00:00,Northside
NO-SU-03,Support,2026-05-11 08:00:00,2026-05-11 17:00:00,Northside
NO-SU-04,Support,2026-05-11 08:00:00,2026-05-11 17:00:00,Northside
NO-PR-03,Provider,2026-05-11 09:00:00,2026-05-11 17:00:00,Northside
NO-PR-01,Provider,2026-05-12 08:00:00,2026-05-12 17:00:00,Northside
NO-PR-02,Provider,2026-05-12 08:00:00,2026-05-12 17:00:00,Northside
NO-SU-01,Support,2026-05-12 08:00:00,2026-05-12 17:00:00,Northside
NO-SU-02,Support,2026-05-12 08:00:00,2026-05-12 17:00:00,Northside
NO-SU-03,Support,2026-05-12 08:00:00,2026-05-12 17:00:00,Northside
NO-SU-04,Support,2026-05-12 08:00:00,2026-05-12 17:00:00,Northside
NO-PR-03,Provider,2026-05-12 09:00:00,2026-05-12 17:00:00,Northside
NO-PR-01,Provider,2026-05-13 08:00:00,2026-05-13 17:00:00,Northside
NO-PR-02,Provider,2026-05-13 08:00:00,2026-05-13 17:00:00,Northside
NO-SU-01,Support,2026-05-13 08:00:00,2026-05-13 17:00:00,Northside
NO-SU-02,Support,2026-05-13 08:00:00,2026-05-13 17:00:00,Northside
NO-SU-03,Support,2026-05-13 08:00:00,2026-05-13 17:00:00,Northside
NO-SU-04,Support,2026-05-13 08:00:00,2026-05-13 17:00:00,Northside
NO-PR-03,Provider,2026-05-13 09:00:00,2026-05-13 17:00:00,Northside
NO-PR-01,Provider,2026-05-14 08:00:00,2026-05-14 17:00:00,Northside
NO-PR-02,Provider,2026-05-14 08:00:00,2026-05-14 17:00:00,Northside
NO-SU-01,Support,2026-05-14 08:00:00,2026-05-14 17:00:00,Northside
NO-SU-02,Support,2026-05-14 08:00:00,2026-05-14 17:00:00,Northside
NO-SU-03,Support,2026-05-14 08:00:00,2026-05-14 17:00:00,Northside
NO-SU-04,Support,2026-05-14 08:00:00,2026-05-14 17:00:00,Northside
NO-PR-03,Provider,2026-05-14 09:00:00,2026-05-14 17:00:00,Northside
NO-PR-01,Provider,2026-05-15 08:00:00,2026-05-15 17:00:00,Northside
NO-PR-02,Provider,2026-05-15 08:00:00,2026-05-15 17:00:00,Northside
NO-SU-01,Support,2026-05-15 08:00:00,2026-05-15 17:00:00,Northside
NO-SU-02,Support,2026-05-15 08:00:00,2026-05-15 17:00:00,Northside
NO-SU-03,Support,2026-05-15 08:00:00,2026-05-15 17:00:00,Northside
NO-SU-04,Support,2026-05-15 08:00:00,2026-05-15 17:00:00,Northside
NO-PR-03,Provider,2026-05-15 09:00:00,2026-05-15 17:00:00,Northside
NO-PR-01,Provider,2026-05-16 08:00:00,2026-05-16 13:00:00,Northside
NO-PR-02,Provider,2026-05-16 08:00:00,2026-05-16 13:00:00,Northside
NO-SU-01,Support,2026-05-16 08:00:00,2026-05-16 13:00:00,Northside
NO-SU-02,Support,2026-05-16 08:00:00,2026-05-16 13:00:00,Northside
NO-SU-03,Support,2026-05-16 08:00:00,2026-05-16 13:00:00,Northside
NO-SU-04,Support,2026-05-16 08:00:00,2026-05-16 13:00:00,Northside
NO-PR-03,Provider,2026-05-16 09:00:00,2026-05-16 13:00:00,Northside
NO-PR-01,Provider,2026-05-18 08:00:00,2026-05-18 17:00:00,Northside
NO-PR-02,Provider,2026-05-18 08:00:00,2026-05-18 17:00:00,Northside
NO-SU-01,Support,2026-05-18 08:00:00,2026-05-18 17:00:00,Northside
NO-SU-02,Support,2026-05-18 08:00:00,2026-05-18 17:00:00,Northside
NO-SU-03,Support,2026-05-18 08:00:00,2026-05-18 17:00:00,Northside
NO-SU-04,Support,2026-05-18 08:00:00,2026-05-18 17:00:00,Northside
NO-PR-03,Provider,2026-05-18 09:00:00,2026-05-18 17:00:00,Northside
NO-PR-01,Provider,2026-05-19 08:00:00,2026-05-19 17:00:00,Northside
NO-PR-02,Provider,2026-05-19 08:00:00,2026-05-19 17:00:00,Northside
NO-SU-01,Support,2026-05-19 08:00:00,2026-05-19 17:00:00,Northside
NO-SU-02,Support,2026-05-19 08:00:00,2026-05-19 17:00:00,Northside
NO-SU-03,Support,2026-05-19 08:00:00,2026-05-19 17:00:00,Northside
NO-SU-04,Support,2026-05-19 08:00:00,2026-05-19 17:00:00,Northside
NO-PR-03,Provider,2026-05-19 09:00:00,2026-05-19 17:00:00,Northside
NO-PR-01,Provider,2026-05-20 08:00:00,2026-05-20 17:00:00,Northside
NO-PR-02,Provider,2026-05-20 08:00:00,2026-05-20 17:00:00,Northside
NO-SU-01,Support,2026-05-20 08:00:00,2026-05-20 17:00:00,Northside
NO-SU-02,Support,2026-05-20 08:00:00,2026-05-20 17:00:00,Northside
NO-SU-03,Support,2026-05-20 08:00:00,2026-05-20 17:00:00,Northside
NO-SU-04,Support,2026-05-20 08:00:00,2026-05-20 17:00:00,Northside
NO-PR-03,Provider,2026-05-20 09:00:00,2026-05-20 17:00:00,Northside
NO-PR-01,Provider,2026-05-21 08:00:00,2026-05-21 17:00:00,Northside
NO-PR-02,Provider,2026-05-21 08:00:00,2026-05-21 17:00:00,Northside
NO-SU-01,Support,2026-05-21 08:00:00,2026-05-21 17:00:00,Northside
NO-SU-02,Support,2026-05-21 08:00:00,2026-05-21 17:00:00,Northside
NO-SU-03,Support,2026-05-21 08:00:00,2026-05-21 17:00:00,Northside
NO-SU-04,Support,2026-05-21 08:00:00,2026-05-21 17:00:00,Northside
NO-PR-03,Provider,2026-05-21 09:00:00,2026-05-21 17:00:00,Northside
NO-PR-01,Provider,2026-05-22 08:00:00,2026-05-22 17:00:00,Northside
NO-PR-02,Provider,2026-05-22 08:00:00,2026-05-22 17:00:00,Northside
NO-SU-01,Support,2026-05-22 08:00:00,2026-05-22 17:00:00,Northside
NO-SU-02,Support,2026-05-22 08:00:00,2026-05-22 17:00:00,Northside
NO-SU-03,Support,2026-05-22 08:00:00,2026-05-22 17:00:00,Northside
NO-SU-04,Support,2026-05-22 08:00:00,2026-05-22 17:00:00,Northside
NO-PR-03,Provider,2026-05-22 09:00:00,2026-05-22 17:00:00,Northside
NO-PR-01,Provider,2026-05-23 08:00:00,2026-05-23 13:00:00,Northside
NO-PR-02,Provider,2026-05-23 08:00:00,2026-05-23 13:00:00,Northside
NO-SU-01,Support,2026-05-23 08:00:00,2026-05-23 13:00:00,Northside
NO-SU-02,Support,2026-05-23 08:00:00,2026-05-23 13:00:00,Northside
NO-SU-03,Support,2026-05-23 08:00:00,2026-05-23 13:00:00,Northside
NO-SU-04,Support,2026-05-23 08:00:00,2026-05-23 13:00:00,Northside
NO-PR-03,Provider,2026-05-23 09:00:00,2026-05-23 13:00:00,Northside
NO-PR-01,Provider,2026-05-25 08:00:00,2026-05-25 17:00:00,Northside
NO-PR-02,Provider,2026-05-25 08:00:00,2026-05-25 17:00:00,Northside
NO-SU-01,Support,2026-05-25 08:00:00,2026-05-25 17:00:00,Northside
NO-SU-02,Support,2026-05-25 08:00:00,2026-05-25 17:00:00,Northside
NO-SU-03,Support,2026-05-25 08:00:00,2026-05-25 17:00:00,Northside
NO-SU-04,Support,2026-05-25 08:00:00,2026-05-25 17:00:00,Northside
NO-PR-03,Provider,2026-05-25 09:00:00,2026-05-25 17:00:00,Northside
NO-PR-01,Provider,2026-05-26 08:00:00,2026-05-26 17:00:00,Northside
NO-PR-02,Provider,2026-05-26 08:00:00,2026-05-26 17:00:00,Northside
NO-SU-01,Support,2026-05-26 08:00:00,2026-05-26 17:00:00,Northside
NO-SU-02,Support,2026-05-26 08:00:00,2026-05-26 17:00:00,Northside
NO-SU-03,Support,2026-05-26 08:00:00,2026-05-26 17:00:00,Northside
NO-SU-04,Support,2026-05-26 08:00:00,2026-05-26 17:00:00,Northside
NO-PR-03,Provider,2026-05-26 09:00:00,2026-05-26 17:00:00,Northside
NO-PR-01,Provider,2026-05-27 08:00:00,2026-05-27 17:00:00,Northside
NO-PR-02,Provider,2026-05-27 08:00:00,2026-05-27 17:00:00,Northside
NO-SU-01,Support,2026-05-27 08:00:00,2026-05-27 17:00:00,Northside
NO-SU-02,Support,2026-05-27 08:00:00,2026-05-27 17:00:00,Northside
NO-SU-03,Support,2026-05-27 08:00:00,2026-05-27 17:00:00,Northside
NO-SU-04,Support,2026-05-27 08:00:00,2026-05-27 17:00:00,Northside
NO-PR-03,Provider,2026-05-27 09:00:00,2026-05-27 17:00:00,Northside
NO-PR-01,Provider,2026-05-28 08:00:00,2026-05-28 17:00:00,Northside
NO-PR-02,Provider,2026-05-28 08:00:00,2026-05-28 17:00:00,Northside
NO-SU-01,Support,2026-05-28 08:00:00,2026-05-28 17:00:00,Northside
NO-SU-02,Support,2026-05-28 08:00:00,2026-05-28 17:00:00,Northside
NO-SU-03,Support,2026-05-28 08:00:00,2026-05-28 17:00:00,Northside
NO-SU-04,Support,2026-05-28 08:00:00,2026-05-28 17:00:00,Northside
NO-PR-03,Provider,2026-05-28 09:00:00,2026-05-28 17:00:00,Northside
NO-PR-01,Provider,2026-05-29 08:00:00,2026-05-29 17:00:00,Northside
NO-PR-02,Provider,2026-05-29 08:00:00,2026-05-29 17:00:00,Northside
NO-SU-01,Support,2026-05-29 08:00:00,2026-05-29 17:00:00,Northside
NO-SU-02,Support,2026-05-29 08:00:00,2026-05-29 17:00:00,Northside
NO-SU-03,Support,2026-05-29 08:00:00,2026-05-29 17:00:00,Northside
NO-SU-04,Support,2026-05-29 08:00:00,2026-05-29 17:00:00,Northside
NO-PR-03,Provider,2026-05-29 09:00:00,2026-05-29 17:00:00,Northside
NO-PR-01,Provider,2026-05-30 08:00:00,2026-05-30 13:00:00,Northside
NO-PR-02,Provider,2026-05-30 08:00:00,2026-05-30 13:00:00,Northside
NO-SU-01,Support,2026-05-30 08:00:00,2026-05-30 13:00:00,Northside
NO-SU-02,Support,2026-05-30 08:00:00,2026-05-30 13:00:00,Northside
NO-SU-03,Support,2026-05-30 08:00:00,2026-05-30 13:00:00,Northside
NO-SU-04,Support,2026-05-30 08:00:00,2026-05-30 13:00:00,Northside
NO-PR-03,Provider,2026-05-30 09:00:00,2026-05-30 13:00:00,Northside
NO-PR-01,Provider,2026-06-01 08:00:00,2026-06-01 17:00:00,Northside
NO-PR-02,Provider,2026-06-01 08:00:00,2026-06-01 17:00:00,Northside
NO-SU-01,Support,2026-06-01 08:00:00,2026-06-01 17:00:00,Northside
NO-SU-02,Support,2026-06-01 08:00:00,2026-06-01 17:00:00,Northside
NO-SU-03,Support,2026-06-01 08:00:00,2026-06-01 17:00:00,Northside
NO-SU-04,Support,2026-06-01 08:00:00,2026-06-01 17:00:00,Northside
NO-PR-03,Provider,2026-06-01 09:00:00,2026-06-01 17:00:00,Northside
NO-PR-01,Provider,2026-06-02 08:00:00,2026-06-02 17:00:00,Northside
NO-PR-02,Provider,2026-06-02 08:00:00,2026-06-02 17:00:00,Northside
NO-SU-01,Support,2026-06-02 08:00:00,2026-06-02 17:00:00,Northside
NO-SU-02,Support,2026-06-02 08:00:00,2026-06-02 17:00:00,Northside
NO-SU-03,Support,2026-06-02 08:00:00,2026-06-02 17:00:00,Northside
NO-SU-04,Support,2026-06-02 08:00:00,2026-06-02 17:00:00,Northside
NO-PR-03,Provider,2026-06-02 09:00:00,2026-06-02 17:00:00,Northside
NO-PR-01,Provider,2026-06-03 08:00:00,2026-06-03 17:00:00,Northside
NO-PR-02,Provider,2026-06-03 08:00:00,2026-06-03 17:00:00,Northside
NO-SU-01,Support,2026-06-03 08:00:00,2026-06-03 17:00:00,Northside
NO-SU-02,Support,2026-06-03 08:00:00,2026-06-03 17:00:00,Northside
NO-SU-03,Support,2026-06-03 08:00:00,2026-06-03 17:00:00,Northside
NO-SU-04,Support,2026-06-03 08:00:00,2026-06-03 17:00:00,Northside
NO-PR-03,Provider,2026-06-03 09:00:00,2026-06-03 17:00:00,Northside
NO-PR-01,Provider,2026-06-04 08:00:00,2026-06-04 17:00:00,Northside
NO-PR-02,Provider,2026-06-04 08:00:00,2026-06-04 17:00:00,Northside
NO-SU-01,Support,2026-06-04 08:00:00,2026-06-04 17:00:00,Northside
NO-SU-02,Support,2026-06-04 08:00:00,2026-06-04 17:00:00,Northside
NO-SU-03,Support,2026-06-04 08:00:00,2026-06-04 17:00:00,Northside
NO-SU-04,Support,2026-06-04 08:00:00,2026-06-04 17:00:00,Northside
NO-PR-03,Provider,2026-06-04 09:00:00,2026-06-04 17:00:00,Northside
NO-PR-01,Provider,2026-06-05 08:00:00,2026-06-05 17:00:00,Northside
NO-PR-02,Provider,2026-06-05 08:00:00,2026-06-05 17:00:00,Northside
NO-SU-01,Support,2026-06-05 08:00:00,2026-06-05 17:00:00,Northside
NO-SU-02,Support,2026-06-05 08:00:00,2026-06-05 17:00:00,Northside
NO-SU-03,Support,2026-06-05 08:00:00,2026-06-05 17:00:00,Northside
NO-SU-04,Support,2026-06-05 08:00:00,2026-06-05 17:00:00,Northside
NO-PR-03,Provider,2026-06-05 09:00:00,2026-06-05 17:00:00,Northside
NO-PR-01,Provider,2026-06-06 08:00:00,2026-06-06 13:00:00,Northside
NO-PR-02,Provider,2026-06-06 08:00:00,2026-06-06 13:00:00,Northside
NO-SU-01,Support,2026-06-06 08:00:00,2026-06-06 13:00:00,Northside
NO-SU-02,Support,2026-06-06 08:00:00,2026-06-06 13:00:00,Northside
NO-SU-03,Support,2026-06-06 08:00:00,2026-06-06 13:00:00,Northside
NO-SU-04,Support,2026-06-06 08:00:00,2026-06-06 13:00:00,Northside
NO-PR-03,Provider,2026-06-06 09:00:00,2026-06-06 13:00:00,Northside
NO-PR-01,Provider,2026-06-08 08:00:00,2026-06-08 17:00:00,Northside
NO-PR-02,Provider,2026-06-08 08:00:00,2026-06-08 17:00:00,Northside
NO-SU-01,Support,2026-06-08 08:00:00,2026-06-08 17:00:00,Northside
NO-SU-02,Support,2026-06-08 08:00:00,2026-06-08 17:00:00,Northside
NO-SU-03,Support,2026-06-08 08:00:00,2026-06-08 17:00:00,Northside
NO-SU-04,Support,2026-06-08 08:00:00,2026-06-08 17:00:00,Northside
NO-PR-03,Provider,2026-06-08 09:00:00,2026-06-08 17:00:00,Northside
NO-PR-01,Provider,2026-06-09 08:00:00,2026-06-09 17:00:00,Northside
NO-PR-02,Provider,2026-06-09 08:00:00,2026-06-09 17:00:00,Northside
NO-SU-01,Support,2026-06-09 08:00:00,2026-06-09 17:00:00,Northside
NO-SU-02,Support,2026-06-09 08:00:00,2026-06-09 17:00:00,Northside
NO-SU-03,Support,2026-06-09 08:00:00,2026-06-09 17:00:00,Northside
NO-SU-04,Support,2026-06-09 08:00:00,2026-06-09 17:00:00,Northside
NO-PR-03,Provider,2026-06-09 09:00:00,2026-06-09 17:00:00,Northside
NO-PR-01,Provider,2026-06-10 08:00:00,2026-06-10 17:00:00,Northside
NO-PR-02,Provider,2026-06-10 08:00:00,2026-06-10 17:00:00,Northside
NO-SU-01,Support,2026-06-10 08:00:00,2026-06-10 17:00:00,Northside
NO-SU-02,Support,2026-06-10 08:00:00,2026-06-10 17:00:00,Northside
NO-SU-03,Support,2026-06-10 08:00:00,2026-06-10 17:00:00,Northside
NO-SU-04,Support,2026-06-10 08:00:00,2026-06-10 17:00:00,Northside
NO-PR-03,Provider,2026-06-10 09:00:00,2026-06-10 17:00:00,Northside
NO-PR-01,Provider,2026-06-11 08:00:00,2026-06-11 17:00:00,Northside
NO-PR-02,Provider,2026-06-11 08:00:00,2026-06-11 17:00:00,Northside
NO-SU-01,Support,2026-06-11 08:00:00,2026-06-11 17:00:00,Northside
NO-SU-02,Support,2026-06-11 08:00:00,2026-06-11 17:00:00,Northside
NO-SU-03,Support,2026-06-11 08:00:00,2026-06-11 17:00:00,Northside
NO-SU-04,Support,2026-06-11 08:00:00,2026-06-11 17:00:00,Northside
NO-PR-03,Provider,2026-06-11 09:00:00,2026-06-11 17:00:00,Northside
NO-PR-01,Provider,2026-06-12 08:00:00,2026-06-12 17:00:00,Northside
NO-PR-02,Provider,2026-06-12 08:00:00,2026-06-12 17:00:00,Northside
NO-SU-01,Support,2026-06-12 08:00:00,2026-06-12 17:00:00,Northside
NO-SU-02,Support,2026-06-12 08:00:00,2026-06-12 17:00:00,Northside
NO-SU-03,Support,2026-06-12 08:00:00,2026-06-12 17:00:00,Northside
NO-SU-04,Support,2026-06-12 08:00:00,2026-06-12 17:00:00,Northside
NO-PR-03,Provider,2026-06-12 09:00:00,2026-06-12 17:00:00,Northside
NO-PR-01,Provider,2026-06-13 08:00:00,2026-06-13 13:00:00,Northside
NO-PR-02,Provider,2026-06-13 08:00:00,2026-06-13 13:00:00,Northside
NO-SU-01,Support,2026-06-13 08:00:00,2026-06-13 13:00:00,Northside
NO-SU-02,Support,2026-06-13 08:00:00,2026-06-13 13:00:00,Northside
NO-SU-03,Support,2026-06-13 08:00:00,2026-06-13 13:00:00,Northside
NO-SU-04,Support,2026-06-13 08:00:00,2026-06-13 13:00:00,Northside
NO-PR-03,Provider,2026-06-13 09:00:00,2026-06-13 13:00:00,Northside
NO-PR-01,Provider,2026-06-15 08:00:00,2026-06-15 17:00:00,Northside
NO-PR-02,Provider,2026-06-15 08:00:00,2026-06-15 17:00:00,Northside
NO-SU-01,Support,2026-06-15 08:00:00,2026-06-15 17:00:00,Northside
NO-SU-02,Support,2026-06-15 08:00:00,2026-06-15 17:00:00,Northside
NO-SU-03,Support,2026-06-15 08:00:00,2026-06-15 17:00:00,Northside
NO-SU-04,Support,2026-06-15 08:00:00,2026-06-15 17:00:00,Northside
NO-PR-03,Provider,2026-06-15 09:00:00,2026-06-15 17:00:00,Northside
NO-PR-01,Provider,2026-06-16 08:00:00,2026-06-16 17:00:00,Northside
NO-PR-02,Provider,2026-06-16 08:00:00,2026-06-16 17:00:00,Northside
NO-SU-01,Support,2026-06-16 08:00:00,2026-06-16 17:00:00,Northside
NO-SU-02,Support,2026-06-16 08:00:00,2026-06-16 17:00:00,Northside
NO-SU-03,Support,2026-06-16 08:00:00,2026-06-16 17:00:00,Northside
NO-SU-04,Support,2026-06-16 08:00:00,2026-06-16 17:00:00,Northside
NO-PR-03,Provider,2026-06-16 09:00:00,2026-06-16 17:00:00,Northside
NO-PR-01,Provider,2026-06-17 08:00:00,2026-06-17 17:00:00,Northside
NO-PR-02,Provider,2026-06-17 08:00:00,2026-06-17 17:00:00,Northside
NO-SU-01,Support,2026-06-17 08:00:00,2026-06-17 17:00:00,Northside
NO-SU-02,Support,2026-06-17 08:00:00,2026-06-17 17:00:00,Northside
NO-SU-03,Support,2026-06-17 08:00:00,2026-06-17 17:00:00,Northside
NO-SU-04,Support,2026-06-17 08:00:00,2026-06-17 17:00:00,Northside
NO-PR-03,Provider,2026-06-17 09:00:00,2026-06-17 17:00:00,Northside
NO-PR-01,Provider,2026-06-18 08:00:00,2026-06-18 17:00:00,Northside
NO-PR-02,Provider,2026-06-18 08:00:00,2026-06-18 17:00:00,Northside
NO-SU-01,Support,2026-06-18 08:00:00,2026-06-18 17:00:00,Northside
NO-SU-02,Support,2026-06-18 08:00:00,2026-06-18 17:00:00,Northside
NO-SU-03,Support,2026-06-18 08:00:00,2026-06-18 17:00:00,Northside
NO-SU-04,Support,2026-06-18 08:00:00,2026-06-18 17:00:00,Northside
NO-PR-03,Provider,2026-06-18 09:00:00,2026-06-18 17:00:00,Northside
NO-PR-01,Provider,2026-06-19 08:00:00,2026-06-19 17:00:00,Northside
NO-PR-02,Provider,2026-06-19 08:00:00,2026-06-19 17:00:00,Northside
NO-SU-01,Support,2026-06-19 08:00:00,2026-06-19 17:00:00,Northside
NO-SU-02,Support,2026-06-19 08:00:00,2026-06-19 17:00:00,Northside
NO-SU-03,Support,2026-06-19 08:00:00,2026-06-19 17:00:00,Northside
NO-SU-04,Support,2026-06-19 08:00:00,2026-06-19 17:00:00,Northside
NO-PR-03,Provider,2026-06-19 09:00:00,2026-06-19 17:00:00,Northside
NO-PR-01,Provider,2026-06-20 08:00:00,2026-06-20 13:00:00,Northside
NO-PR-02,Provider,2026-06-20 08:00:00,2026-06-20 13:00:00,Northside
NO-SU-01,Support,2026-06-20 08:00:00,2026-06-20 13:00:00,Northside
NO-SU-02,Support,2026-06-20 08:00:00,2026-06-20 13:00:00,Northside
NO-SU-03,Support,2026-06-20 08:00:00,2026-06-20 13:00:00,Northside
NO-SU-04,Support,2026-06-20 08:00:00,2026-06-20 13:00:00,Northside
NO-PR-03,Provider,2026-06-20 09:00:00,2026-06-20 13:00:00,Northside
NO-PR-01,Provider,2026-06-22 08:00:00,2026-06-22 17:00:00,Northside
NO-PR-02,Provider,2026-06-22 08:00:00,2026-06-22 17:00:00,Northside
NO-SU-01,Support,2026-06-22 08:00:00,2026-06-22 17:00:00,Northside
NO-SU-02,Support,2026-06-22 08:00:00,2026-06-22 17:00:00,Northside
NO-SU-03,Support,2026-06-22 08:00:00,2026-06-22 17:00:00,Northside
NO-SU-04,Support,2026-06-22 08:00:00,2026-06-22 17:00:00,Northside
NO-PR-03,Provider,2026-06-22 09:00:00,2026-06-22 17:00:00,Northside
NO-PR-01,Provider,2026-06-23 08:00:00,2026-06-23 17:00:00,Northside
NO-PR-02,Provider,2026-06-23 08:00:00,2026-06-23 17:00:00,Northside
NO-SU-01,Support,2026-06-23 08:00:00,2026-06-23 17:00:00,Northside
NO-SU-02,Support,2026-06-23 08:00:00,2026-06-23 17:00:00,Northside
NO-SU-03,Support,2026-06-23 08:00:00,2026-06-23 17:00:00,Northside
NO-SU-04,Support,2026-06-23 08:00:00,2026-06-23 17:00:00,Northside
NO-PR-03,Provider,2026-06-23 09:00:00,2026-06-23 17:00:00,Northside
NO-PR-01,Provider,2026-06-24 08:00:00,2026-06-24 17:00:00,Northside
NO-PR-02,Provider,2026-06-24 08:00:00,2026-06-24 17:00:00,Northside
NO-SU-01,Support,2026-06-24 08:00:00,2026-06-24 17:00:00,Northside
NO-SU-02,Support,2026-06-24 08:00:00,2026-06-24 17:00:00,Northside
NO-SU-03,Support,2026-06-24 08:00:00,2026-06-24 17:00:00,Northside
NO-SU-04,Support,2026-06-24 08:00:00,2026-06-24 17:00:00,Northside
NO-PR-03,Provider,2026-06-24 09:00:00,2026-06-24 17:00:00,Northside
NO-PR-01,Provider,2026-06-25 08:00:00,2026-06-25 17:00:00,Northside
NO-PR-02,Provider,2026-06-25 08:00:00,2026-06-25 17:00:00,Northside
NO-SU-01,Support,2026-06-25 08:00:00,2026-06-25 17:00:00,Northside
NO-SU-02,Support,2026-06-25 08:00:00,2026-06-25 17:00:00,Northside
NO-SU-03,Support,2026-06-25 08:00:00,2026-06-25 17:00:00,Northside
NO-SU-04,Support,2026-06-25 08:00:00,2026-06-25 17:00:00,Northside
NO-PR-03,Provider,2026-06-25 09:00:00,2026-06-25 17:00:00,Northside
NO-PR-01,Provider,2026-06-26 08:00:00,2026-06-26 17:00:00,Northside
NO-PR-02,Provider,2026-06-26 08:00:00,2026-06-26 17:00:00,Northside
NO-SU-01,Support,2026-06-26 08:00:00,2026-06-26 17:00:00,Northside
NO-SU-02,Support,2026-06-26 08:00:00,2026-06-26 17:00:00,Northside
NO-SU-03,Support,2026-06-26 08:00:00,2026-06-26 17:00:00,Northside
NO-SU-04,Support,2026-06-26 08:00:00,2026-06-26 17:00:00,Northside
NO-PR-03,Provider,2026-06-26 09:00:00,2026-06-26 17:00:00,Northside
NO-PR-01,Provider,2026-06-27 08:00:00,2026-06-27 13:00:00,Northside
NO-PR-02,Provider,2026-06-27 08:00:00,2026-06-27 13:00:00,Northside
NO-SU-01,Support,2026-06-27 08:00:00,2026-06-27 13:00:00,Northside
NO-SU-02,Support,2026-06-27 08:00:00,2026-06-27 13:00:00,Northside
NO-SU-03,Support,2026-06-27 08:00:00,2026-06-27 13:00:00,Northside
NO-SU-04,Support,2026-06-27 08:00:00,2026-06-27 13:00:00,Northside
NO-PR-03,Provider,2026-06-27 09:00:00,2026-06-27 13:00:00,Northside
NO-PR-01,Provider,2026-06-29 08:00:00,2026-06-29 17:00:00,Northside
NO-PR-02,Provider,2026-06-29 08:00:00,2026-06-29 17:00:00,Northside
NO-SU-01,Support,2026-06-29 08:00:00,2026-06-29 17:00:00,Northside
NO-SU-02,Support,2026-06-29 08:00:00,2026-06-29 17:00:00,Northside
NO-SU-03,Support,2026-06-29 08:00:00,2026-06-29 17:00:00,Northside
NO-SU-04,Support,2026-06-29 08:00:00,2026-06-29 17:00:00,Northside
NO-PR-03,Provider,2026-06-29 09:00:00,2026-06-29 17:00:00,Northside
NO-PR-01,Provider,2026-06-30 08:00:00,2026-06-30 17:00:00,Northside
NO-PR-02,Provider,2026-06-30 08:00:00,2026-06-30 17:00:00,Northside
NO-SU-01,Support,2026-06-30 08:00:00,2026-06-30 17:00:00,Northside
NO-SU-02,Support,2026-06-30 08:00:00,2026-06-30 17:00:00,Northside
NO-SU-03,Support,2026-06-30 08:00:00,2026-06-30 17:00:00,Northside
NO-SU-04,Support,2026-06-30 08:00:00,2026-06-30 17:00:00,Northside
NO-PR-03,Provider,2026-06-30 09:00:00,2026-06-30 17:00:00,Northside
WE-PR-01,Provider,2026-01-01 08:00:00,2026-01-01 17:00:00,West End
WE-SU-01,Support,2026-01-01 08:00:00,2026-01-01 17:00:00,West End
WE-SU-02,Support,2026-01-01 08:00:00,2026-01-01 17:00:00,West End
WE-SU-03,Support,2026-01-01 08:00:00,2026-01-01 17:00:00,West End
WE-PR-02,Provider,2026-01-01 09:00:00,2026-01-01 17:00:00,West End
WE-PR-01,Provider,2026-01-02 08:00:00,2026-01-02 17:00:00,West End
WE-SU-01,Support,2026-01-02 08:00:00,2026-01-02 17:00:00,West End
WE-SU-02,Support,2026-01-02 08:00:00,2026-01-02 17:00:00,West End
WE-SU-03,Support,2026-01-02 08:00:00,2026-01-02 17:00:00,West End
WE-PR-02,Provider,2026-01-02 09:00:00,2026-01-02 17:00:00,West End
WE-PR-01,Provider,2026-01-03 08:00:00,2026-01-03 13:00:00,West End
WE-SU-01,Support,2026-01-03 08:00:00,2026-01-03 13:00:00,West End
WE-SU-02,Support,2026-01-03 08:00:00,2026-01-03 13:00:00,West End
WE-SU-03,Support,2026-01-03 08:00:00,2026-01-03 13:00:00,West End
WE-PR-02,Provider,2026-01-03 09:00:00,2026-01-03 13:00:00,West End
WE-PR-01,Provider,2026-01-05 08:00:00,2026-01-05 17:00:00,West End
WE-SU-01,Support,2026-01-05 08:00:00,2026-01-05 17:00:00,West End
WE-SU-02,Support,2026-01-05 08:00:00,2026-01-05 17:00:00,West End
WE-SU-03,Support,2026-01-05 08:00:00,2026-01-05 17:00:00,West End
WE-PR-02,Provider,2026-01-05 09:00:00,2026-01-05 17:00:00,West End
WE-PR-01,Provider,2026-01-06 08:00:00,2026-01-06 17:00:00,West End
WE-SU-01,Support,2026-01-06 08:00:00,2026-01-06 17:00:00,West End
WE-SU-02,Support,2026-01-06 08:00:00,2026-01-06 17:00:00,West End
WE-SU-03,Support,2026-01-06 08:00:00,2026-01-06 17:00:00,West End
WE-PR-02,Provider,2026-01-06 09:00:00,2026-01-06 17:00:00,West End
WE-PR-01,Provider,2026-01-07 08:00:00,2026-01-07 17:00:00,West End
WE-SU-01,Support,2026-01-07 08:00:00,2026-01-07 17:00:00,West End
WE-SU-02,Support,2026-01-07 08:00:00,2026-01-07 17:00:00,West End
WE-SU-03,Support,2026-01-07 08:00:00,2026-01-07 17:00:00,West End
WE-PR-02,Provider,2026-01-07 09:00:00,2026-01-07 17:00:00,West End
WE-PR-01,Provider,2026-01-08 08:00:00,2026-01-08 17:00:00,West End
WE-SU-01,Support,2026-01-08 08:00:00,2026-01-08 17:00:00,West End
WE-SU-02,Support,2026-01-08 08:00:00,2026-01-08 17:00:00,West End
WE-SU-03,Support,2026-01-08 08:00:00,2026-01-08 17:00:00,West End
WE-PR-02,Provider,2026-01-08 09:00:00,2026-01-08 17:00:00,West End
WE-PR-01,Provider,2026-01-09 08:00:00,2026-01-09 17:00:00,West End
WE-SU-01,Support,2026-01-09 08:00:00,2026-01-09 17:00:00,West End
WE-SU-02,Support,2026-01-09 08:00:00,2026-01-09 17:00:00,West End
WE-SU-03,Support,2026-01-09 08:00:00,2026-01-09 17:00:00,West End
WE-PR-02,Provider,2026-01-09 09:00:00,2026-01-09 17:00:00,West End
WE-PR-01,Provider,2026-01-10 08:00:00,2026-01-10 13:00:00,West End
WE-SU-01,Support,2026-01-10 08:00:00,2026-01-10 13:00:00,West End
WE-SU-02,Support,2026-01-10 08:00:00,2026-01-10 13:00:00,West End
WE-SU-03,Support,2026-01-10 08:00:00,2026-01-10 13:00:00,West End
WE-PR-02,Provider,2026-01-10 09:00:00,2026-01-10 13:00:00,West End
WE-PR-01,Provider,2026-01-12 08:00:00,2026-01-12 17:00:00,West End
WE-SU-01,Support,2026-01-12 08:00:00,2026-01-12 17:00:00,West End
WE-SU-02,Support,2026-01-12 08:00:00,2026-01-12 17:00:00,West End
WE-SU-03,Support,2026-01-12 08:00:00,2026-01-12 17:00:00,West End
WE-PR-02,Provider,2026-01-12 09:00:00,2026-01-12 17:00:00,West End
WE-PR-01,Provider,2026-01-13 08:00:00,2026-01-13 17:00:00,West End
WE-SU-01,Support,2026-01-13 08:00:00,2026-01-13 17:00:00,West End
WE-SU-02,Support,2026-01-13 08:00:00,2026-01-13 17:00:00,West End
WE-SU-03,Support,2026-01-13 08:00:00,2026-01-13 17:00:00,West End
WE-PR-02,Provider,2026-01-13 09:00:00,2026-01-13 17:00:00,West End
WE-PR-01,Provider,2026-01-14 08:00:00,2026-01-14 17:00:00,West End
WE-SU-01,Support,2026-01-14 08:00:00,2026-01-14 17:00:00,West End
WE-SU-02,Support,2026-01-14 08:00:00,2026-01-14 17:00:00,West End
WE-SU-03,Support,2026-01-14 08:00:00,2026-01-14 17:00:00,West End
WE-PR-02,Provider,2026-01-14 09:00:00,2026-01-14 17:00:00,West End
WE-PR-01,Provider,2026-01-15 08:00:00,2026-01-15 17:00:00,West End
WE-SU-01,Support,2026-01-15 08:00:00,2026-01-15 17:00:00,West End
WE-SU-02,Support,2026-01-15 08:00:00,2026-01-15 17:00:00,West End
WE-SU-03,Support,2026-01-15 08:00:00,2026-01-15 17:00:00,West End
WE-PR-02,Provider,2026-01-15 09:00:00,2026-01-15 17:00:00,West End
WE-PR-01,Provider,2026-01-16 08:00:00,2026-01-16 17:00:00,West End
WE-SU-01,Support,2026-01-16 08:00:00,2026-01-16 17:00:00,West End
WE-SU-02,Support,2026-01-16 08:00:00,2026-01-16 17:00:00,West End
WE-SU-03,Support,2026-01-16 08:00:00,2026-01-16 17:00:00,West End
WE-PR-02,Provider,2026-01-16 09:00:00,2026-01-16 17:00:00,West End
WE-PR-01,Provider,2026-01-17 08:00:00,2026-01-17 13:00:00,West End
WE-SU-01,Support,2026-01-17 08:00:00,2026-01-17 13:00:00,West End
WE-SU-02,Support,2026-01-17 08:00:00,2026-01-17 13:00:00,West End
WE-SU-03,Support,2026-01-17 08:00:00,2026-01-17 13:00:00,West End
WE-PR-02,Provider,2026-01-17 09:00:00,2026-01-17 13:00:00,West End
WE-PR-01,Provider,2026-01-19 08:00:00,2026-01-19 17:00:00,West End
WE-SU-01,Support,2026-01-19 08:00:00,2026-01-19 17:00:00,West End
WE-SU-02,Support,2026-01-19 08:00:00,2026-01-19 17:00:00,West End
WE-SU-03,Support,2026-01-19 08:00:00,2026-01-19 17:00:00,West End
WE-PR-02,Provider,2026-01-19 09:00:00,2026-01-19 17:00:00,West End
WE-PR-01,Provider,2026-01-20 08:00:00,2026-01-20 17:00:00,West End
WE-SU-01,Support,2026-01-20 08:00:00,2026-01-20 17:00:00,West End
WE-SU-02,Support,2026-01-20 08:00:00,2026-01-20 17:00:00,West End
WE-SU-03,Support,2026-01-20 08:00:00,2026-01-20 17:00:00,West End
WE-PR-02,Provider,2026-01-20 09:00:00,2026-01-20 17:00:00,West End
WE-PR-01,Provider,2026-01-21 08:00:00,2026-01-21 17:00:00,West End
WE-SU-01,Support,2026-01-21 08:00:00,2026-01-21 17:00:00,West End
WE-SU-02,Support,2026-01-21 08:00:00,2026-01-21 17:00:00,West End
WE-SU-03,Support,2026-01-21 08:00:00,2026-01-21 17:00:00,West End
WE-PR-02,Provider,2026-01-21 09:00:00,2026-01-21 17:00:00,West End
WE-PR-01,Provider,2026-01-22 08:00:00,2026-01-22 17:00:00,West End
WE-SU-01,Support,2026-01-22 08:00:00,2026-01-22 17:00:00,West End
WE-SU-02,Support,2026-01-22 08:00:00,2026-01-22 17:00:00,West End
WE-SU-03,Support,2026-01-22 08:00:00,2026-01-22 17:00:00,West End
WE-PR-02,Provider,2026-01-22 09:00:00,2026-01-22 17:00:00,West End
WE-PR-01,Provider,2026-01-23 08:00:00,2026-01-23 17:00:00,West End
WE-SU-01,Support,2026-01-23 08:00:00,2026-01-23 17:00:00,West End
WE-SU-02,Support,2026-01-23 08:00:00,2026-01-23 17:00:00,West End
WE-SU-03,Support,2026-01-23 08:00:00,2026-01-23 17:00:00,West End
WE-PR-02,Provider,2026-01-23 09:00:00,2026-01-23 17:00:00,West End
WE-PR-01,Provider,2026-01-24 08:00:00,2026-01-24 13:00:00,West End
WE-SU-01,Support,2026-01-24 08:00:00,2026-01-24 13:00:00,West End
WE-SU-02,Support,2026-01-24 08:00:00,2026-01-24 13:00:00,West End
WE-SU-03,Support,2026-01-24 08:00:00,2026-01-24 13:00:00,West End
WE-PR-02,Provider,2026-01-24 09:00:00,2026-01-24 13:00:00,West End
WE-PR-01,Provider,2026-01-26 08:00:00,2026-01-26 17:00:00,West End
WE-SU-01,Support,2026-01-26 08:00:00,2026-01-26 17:00:00,West End
WE-SU-02,Support,2026-01-26 08:00:00,2026-01-26 17:00:00,West End
WE-SU-03,Support,2026-01-26 08:00:00,2026-01-26 17:00:00,West End
WE-PR-02,Provider,2026-01-26 09:00:00,2026-01-26 17:00:00,West End
WE-PR-01,Provider,2026-01-27 08:00:00,2026-01-27 17:00:00,West End
WE-SU-01,Support,2026-01-27 08:00:00,2026-01-27 17:00:00,West End
WE-SU-02,Support,2026-01-27 08:00:00,2026-01-27 17:00:00,West End
WE-SU-03,Support,2026-01-27 08:00:00,2026-01-27 17:00:00,West End
WE-PR-02,Provider,2026-01-27 09:00:00,2026-01-27 17:00:00,West End
WE-PR-01,Provider,2026-01-28 08:00:00,2026-01-28 17:00:00,West End
WE-SU-01,Support,2026-01-28 08:00:00,2026-01-28 17:00:00,West End
WE-SU-02,Support,2026-01-28 08:00:00,2026-01-28 17:00:00,West End
WE-SU-03,Support,2026-01-28 08:00:00,2026-01-28 17:00:00,West End
WE-PR-02,Provider,2026-01-28 09:00:00,2026-01-28 17:00:00,West End
WE-PR-01,Provider,2026-01-29 08:00:00,2026-01-29 17:00:00,West End
WE-SU-01,Support,2026-01-29 08:00:00,2026-01-29 17:00:00,West End
WE-SU-02,Support,2026-01-29 08:00:00,2026-01-29 17:00:00,West End
WE-SU-03,Support,2026-01-29 08:00:00,2026-01-29 17:00:00,West End
WE-PR-02,Provider,2026-01-29 09:00:00,2026-01-29 17:00:00,West End
WE-PR-01,Provider,2026-01-30 08:00:00,2026-01-30 17:00:00,West End
WE-SU-01,Support,2026-01-30 08:00:00,2026-01-30 17:00:00,West End
WE-SU-02,Support,2026-01-30 08:00:00,2026-01-30 17:00:00,West End
WE-SU-03,Support,2026-01-30 08:00:00,2026-01-30 17:00:00,West End
WE-PR-02,Provider,2026-01-30 09:00:00,2026-01-30 17:00:00,West End
WE-PR-01,Provider,2026-01-31 08:00:00,2026-01-31 13:00:00,West End
WE-SU-01,Support,2026-01-31 08:00:00,2026-01-31 13:00:00,West End
WE-SU-02,Support,2026-01-31 08:00:00,2026-01-31 13:00:00,West End
WE-SU-03,Support,2026-01-31 08:00:00,2026-01-31 13:00:00,West End
WE-PR-02,Provider,2026-01-31 09:00:00,2026-01-31 13:00:00,West End
WE-PR-01,Provider,2026-02-02 08:00:00,2026-02-02 17:00:00,West End
WE-SU-01,Support,2026-02-02 08:00:00,2026-02-02 17:00:00,West End
WE-SU-02,Support,2026-02-02 08:00:00,2026-02-02 17:00:00,West End
WE-SU-03,Support,2026-02-02 08:00:00,2026-02-02 17:00:00,West End
WE-PR-02,Provider,2026-02-02 09:00:00,2026-02-02 17:00:00,West End
WE-PR-01,Provider,2026-02-03 08:00:00,2026-02-03 17:00:00,West End
WE-SU-01,Support,2026-02-03 08:00:00,2026-02-03 17:00:00,West End
WE-SU-02,Support,2026-02-03 08:00:00,2026-02-03 17:00:00,West End
WE-SU-03,Support,2026-02-03 08:00:00,2026-02-03 17:00:00,West End
WE-PR-02,Provider,2026-02-03 09:00:00,2026-02-03 17:00:00,West End
WE-PR-01,Provider,2026-02-04 08:00:00,2026-02-04 17:00:00,West End
WE-SU-01,Support,2026-02-04 08:00:00,2026-02-04 17:00:00,West End
WE-SU-02,Support,2026-02-04 08:00:00,2026-02-04 17:00:00,West End
WE-SU-03,Support,2026-02-04 08:00:00,2026-02-04 17:00:00,West End
WE-PR-02,Provider,2026-02-04 09:00:00,2026-02-04 17:00:00,West End
WE-PR-01,Provider,2026-02-05 08:00:00,2026-02-05 17:00:00,West End
WE-SU-01,Support,2026-02-05 08:00:00,2026-02-05 17:00:00,West End
WE-SU-02,Support,2026-02-05 08:00:00,2026-02-05 17:00:00,West End
WE-SU-03,Support,2026-02-05 08:00:00,2026-02-05 17:00:00,West End
WE-PR-02,Provider,2026-02-05 09:00:00,2026-02-05 17:00:00,West End
WE-PR-01,Provider,2026-02-06 08:00:00,2026-02-06 17:00:00,West End
WE-SU-01,Support,2026-02-06 08:00:00,2026-02-06 17:00:00,West End
WE-SU-02,Support,2026-02-06 08:00:00,2026-02-06 17:00:00,West End
WE-SU-03,Support,2026-02-06 08:00:00,2026-02-06 17:00:00,West End
WE-PR-02,Provider,2026-02-06 09:00:00,2026-02-06 17:00:00,West End
WE-PR-01,Provider,2026-02-07 08:00:00,2026-02-07 13:00:00,West End
WE-SU-01,Support,2026-02-07 08:00:00,2026-02-07 13:00:00,West End
WE-SU-02,Support,2026-02-07 08:00:00,2026-02-07 13:00:00,West End
WE-SU-03,Support,2026-02-07 08:00:00,2026-02-07 13:00:00,West End
WE-PR-02,Provider,2026-02-07 09:00:00,2026-02-07 13:00:00,West End
WE-PR-01,Provider,2026-02-09 08:00:00,2026-02-09 17:00:00,West End
WE-SU-01,Support,2026-02-09 08:00:00,2026-02-09 17:00:00,West End
WE-SU-02,Support,2026-02-09 08:00:00,2026-02-09 17:00:00,West End
WE-SU-03,Support,2026-02-09 08:00:00,2026-02-09 17:00:00,West End
WE-PR-02,Provider,2026-02-09 09:00:00,2026-02-09 17:00:00,West End
WE-PR-01,Provider,2026-02-10 08:00:00,2026-02-10 17:00:00,West End
WE-SU-01,Support,2026-02-10 08:00:00,2026-02-10 17:00:00,West End
WE-SU-02,Support,2026-02-10 08:00:00,2026-02-10 17:00:00,West End
WE-SU-03,Support,2026-02-10 08:00:00,2026-02-10 17:00:00,West End
WE-PR-02,Provider,2026-02-10 09:00:00,2026-02-10 17:00:00,West End
WE-PR-01,Provider,2026-02-11 08:00:00,2026-02-11 17:00:00,West End
WE-SU-01,Support,2026-02-11 08:00:00,2026-02-11 17:00:00,West End
WE-SU-02,Support,2026-02-11 08:00:00,2026-02-11 17:00:00,West End
WE-SU-03,Support,2026-02-11 08:00:00,2026-02-11 17:00:00,West End
WE-PR-02,Provider,2026-02-11 09:00:00,2026-02-11 17:00:00,West End
WE-PR-01,Provider,2026-02-12 08:00:00,2026-02-12 17:00:00,West End
WE-SU-01,Support,2026-02-12 08:00:00,2026-02-12 17:00:00,West End
WE-SU-02,Support,2026-02-12 08:00:00,2026-02-12 17:00:00,West End
WE-SU-03,Support,2026-02-12 08:00:00,2026-02-12 17:00:00,West End
WE-PR-02,Provider,2026-02-12 09:00:00,2026-02-12 17:00:00,West End
WE-PR-01,Provider,2026-02-13 08:00:00,2026-02-13 17:00:00,West End
WE-SU-01,Support,2026-02-13 08:00:00,2026-02-13 17:00:00,West End
WE-SU-02,Support,2026-02-13 08:00:00,2026-02-13 17:00:00,West End
WE-SU-03,Support,2026-02-13 08:00:00,2026-02-13 17:00:00,West End
WE-PR-02,Provider,2026-02-13 09:00:00,2026-02-13 17:00:00,West End
WE-PR-01,Provider,2026-02-14 08:00:00,2026-02-14 13:00:00,West End
WE-SU-01,Support,2026-02-14 08:00:00,2026-02-14 13:00:00,West End
WE-SU-02,Support,2026-02-14 08:00:00,2026-02-14 13:00:00,West End
WE-SU-03,Support,2026-02-14 08:00:00,2026-02-14 13:00:00,West End
WE-PR-02,Provider,2026-02-14 09:00:00,2026-02-14 13:00:00,West End
WE-PR-01,Provider,2026-02-16 08:00:00,2026-02-16 17:00:00,West End
WE-SU-01,Support,2026-02-16 08:00:00,2026-02-16 17:00:00,West End
WE-SU-02,Support,2026-02-16 08:00:00,2026-02-16 17:00:00,West End
WE-SU-03,Support,2026-02-16 08:00:00,2026-02-16 17:00:00,West End
WE-PR-02,Provider,2026-02-16 09:00:00,2026-02-16 17:00:00,West End
WE-PR-01,Provider,2026-02-17 08:00:00,2026-02-17 17:00:00,West End
WE-SU-01,Support,2026-02-17 08:00:00,2026-02-17 17:00:00,West End
WE-SU-02,Support,2026-02-17 08:00:00,2026-02-17 17:00:00,West End
WE-SU-03,Support,2026-02-17 08:00:00,2026-02-17 17:00:00,West End
WE-PR-02,Provider,2026-02-17 09:00:00,2026-02-17 17:00:00,West End
WE-PR-01,Provider,2026-02-18 08:00:00,2026-02-18 17:00:00,West End
WE-SU-01,Support,2026-02-18 08:00:00,2026-02-18 17:00:00,West End
WE-SU-02,Support,2026-02-18 08:00:00,2026-02-18 17:00:00,West End
WE-SU-03,Support,2026-02-18 08:00:00,2026-02-18 17:00:00,West End
WE-PR-02,Provider,2026-02-18 09:00:00,2026-02-18 17:00:00,West End
WE-PR-01,Provider,2026-02-19 08:00:00,2026-02-19 17:00:00,West End
WE-SU-01,Support,2026-02-19 08:00:00,2026-02-19 17:00:00,West End
WE-SU-02,Support,2026-02-19 08:00:00,2026-02-19 17:00:00,West End
WE-SU-03,Support,2026-02-19 08:00:00,2026-02-19 17:00:00,West End
WE-PR-02,Provider,2026-02-19 09:00:00,2026-02-19 17:00:00,West End
WE-PR-01,Provider,2026-02-20 08:00:00,2026-02-20 17:00:00,West End
WE-SU-01,Support,2026-02-20 08:00:00,2026-02-20 17:00:00,West End
WE-SU-02,Support,2026-02-20 08:00:00,2026-02-20 17:00:00,West End
WE-SU-03,Support,2026-02-20 08:00:00,2026-02-20 17:00:00,West End
WE-PR-02,Provider,2026-02-20 09:00:00,2026-02-20 17:00:00,West End
WE-PR-01,Provider,2026-02-21 08:00:00,2026-02-21 13:00:00,West End
WE-SU-01,Support,2026-02-21 08:00:00,2026-02-21 13:00:00,West End
WE-SU-02,Support,2026-02-21 08:00:00,2026-02-21 13:00:00,West End
WE-SU-03,Support,2026-02-21 08:00:00,2026-02-21 13:00:00,West End
WE-PR-02,Provider,2026-02-21 09:00:00,2026-02-21 13:00:00,West End
WE-PR-01,Provider,2026-02-23 08:00:00,2026-02-23 17:00:00,West End
WE-SU-01,Support,2026-02-23 08:00:00,2026-02-23 17:00:00,West End
WE-SU-02,Support,2026-02-23 08:00:00,2026-02-23 17:00:00,West End
WE-SU-03,Support,2026-02-23 08:00:00,2026-02-23 17:00:00,West End
WE-PR-02,Provider,2026-02-23 09:00:00,2026-02-23 17:00:00,West End
WE-PR-01,Provider,2026-02-24 08:00:00,2026-02-24 17:00:00,West End
WE-SU-01,Support,2026-02-24 08:00:00,2026-02-24 17:00:00,West End
WE-SU-02,Support,2026-02-24 08:00:00,2026-02-24 17:00:00,West End
WE-SU-03,Support,2026-02-24 08:00:00,2026-02-24 17:00:00,West End
WE-PR-02,Provider,2026-02-24 09:00:00,2026-02-24 17:00:00,West End
WE-PR-01,Provider,2026-02-25 08:00:00,2026-02-25 17:00:00,West End
WE-SU-01,Support,2026-02-25 08:00:00,2026-02-25 17:00:00,West End
WE-SU-02,Support,2026-02-25 08:00:00,2026-02-25 17:00:00,West End
WE-SU-03,Support,2026-02-25 08:00:00,2026-02-25 17:00:00,West End
WE-PR-02,Provider,2026-02-25 09:00:00,2026-02-25 17:00:00,West End
WE-PR-01,Provider,2026-02-26 08:00:00,2026-02-26 17:00:00,West End
WE-SU-01,Support,2026-02-26 08:00:00,2026-02-26 17:00:00,West End
WE-SU-02,Support,2026-02-26 08:00:00,2026-02-26 17:00:00,West End
WE-SU-03,Support,2026-02-26 08:00:00,2026-02-26 17:00:00,West End
WE-PR-02,Provider,2026-02-26 09:00:00,2026-02-26 17:00:00,West End
WE-PR-01,Provider,2026-02-27 08:00:00,2026-02-27 17:00:00,West End
WE-SU-01,Support,2026-02-27 08:00:00,2026-02-27 17:00:00,West End
WE-SU-02,Support,2026-02-27 08:00:00,2026-02-27 17:00:00,West End
WE-SU-03,Support,2026-02-27 08:00:00,2026-02-27 17:00:00,West End
WE-PR-02,Provider,2026-02-27 09:00:00,2026-02-27 17:00:00,West End
WE-PR-01,Provider,2026-02-28 08:00:00,2026-02-28 13:00:00,West End
WE-SU-01,Support,2026-02-28 08:00:00,2026-02-28 13:00:00,West End
WE-SU-02,Support,2026-02-28 08:00:00,2026-02-28 13:00:00,West End
WE-SU-03,Support,2026-02-28 08:00:00,2026-02-28 13:00:00,West End
WE-PR-02,Provider,2026-02-28 09:00:00,2026-02-28 13:00:00,West End
WE-PR-01,Provider,2026-03-02 08:00:00,2026-03-02 17:00:00,West End
WE-SU-01,Support,2026-03-02 08:00:00,2026-03-02 17:00:00,West End
WE-SU-02,Support,2026-03-02 08:00:00,2026-03-02 17:00:00,West End
WE-SU-03,Support,2026-03-02 08:00:00,2026-03-02 17:00:00,West End
WE-PR-02,Provider,2026-03-02 09:00:00,2026-03-02 17:00:00,West End
WE-PR-01,Provider,2026-03-03 08:00:00,2026-03-03 17:00:00,West End
WE-SU-01,Support,2026-03-03 08:00:00,2026-03-03 17:00:00,West End
WE-SU-02,Support,2026-03-03 08:00:00,2026-03-03 17:00:00,West End
WE-SU-03,Support,2026-03-03 08:00:00,2026-03-03 17:00:00,West End
WE-PR-02,Provider,2026-03-03 09:00:00,2026-03-03 17:00:00,West End
WE-PR-01,Provider,2026-03-04 08:00:00,2026-03-04 17:00:00,West End
WE-SU-01,Support,2026-03-04 08:00:00,2026-03-04 17:00:00,West End
WE-SU-02,Support,2026-03-04 08:00:00,2026-03-04 17:00:00,West End
WE-SU-03,Support,2026-03-04 08:00:00,2026-03-04 17:00:00,West End
WE-PR-02,Provider,2026-03-04 09:00:00,2026-03-04 17:00:00,West End
WE-PR-01,Provider,2026-03-05 08:00:00,2026-03-05 17:00:00,West End
WE-SU-01,Support,2026-03-05 08:00:00,2026-03-05 17:00:00,West End
WE-SU-02,Support,2026-03-05 08:00:00,2026-03-05 17:00:00,West End
WE-SU-03,Support,2026-03-05 08:00:00,2026-03-05 17:00:00,West End
WE-PR-02,Provider,2026-03-05 09:00:00,2026-03-05 17:00:00,West End
WE-PR-01,Provider,2026-03-06 08:00:00,2026-03-06 17:00:00,West End
WE-SU-01,Support,2026-03-06 08:00:00,2026-03-06 17:00:00,West End
WE-SU-02,Support,2026-03-06 08:00:00,2026-03-06 17:00:00,West End
WE-SU-03,Support,2026-03-06 08:00:00,2026-03-06 17:00:00,West End
WE-PR-02,Provider,2026-03-06 09:00:00,2026-03-06 17:00:00,West End
WE-PR-01,Provider,2026-03-07 08:00:00,2026-03-07 13:00:00,West End
WE-SU-01,Support,2026-03-07 08:00:00,2026-03-07 13:00:00,West End
WE-SU-02,Support,2026-03-07 08:00:00,2026-03-07 13:00:00,West End
WE-SU-03,Support,2026-03-07 08:00:00,2026-03-07 13:00:00,West End
WE-PR-02,Provider,2026-03-07 09:00:00,2026-03-07 13:00:00,West End
WE-PR-01,Provider,2026-03-09 08:00:00,2026-03-09 17:00:00,West End
WE-SU-01,Support,2026-03-09 08:00:00,2026-03-09 17:00:00,West End
WE-SU-02,Support,2026-03-09 08:00:00,2026-03-09 17:00:00,West End
WE-SU-03,Support,2026-03-09 08:00:00,2026-03-09 17:00:00,West End
WE-PR-02,Provider,2026-03-09 09:00:00,2026-03-09 17:00:00,West End
WE-PR-01,Provider,2026-03-10 08:00:00,2026-03-10 17:00:00,West End
WE-SU-01,Support,2026-03-10 08:00:00,2026-03-10 17:00:00,West End
WE-SU-02,Support,2026-03-10 08:00:00,2026-03-10 17:00:00,West End
WE-SU-03,Support,2026-03-10 08:00:00,2026-03-10 17:00:00,West End
WE-PR-02,Provider,2026-03-10 09:00:00,2026-03-10 17:00:00,West End
WE-PR-01,Provider,2026-03-11 08:00:00,2026-03-11 17:00:00,West End
WE-SU-01,Support,2026-03-11 08:00:00,2026-03-11 17:00:00,West End
WE-SU-02,Support,2026-03-11 08:00:00,2026-03-11 17:00:00,West End
WE-SU-03,Support,2026-03-11 08:00:00,2026-03-11 17:00:00,West End
WE-PR-02,Provider,2026-03-11 09:00:00,2026-03-11 17:00:00,West End
WE-PR-01,Provider,2026-03-12 08:00:00,2026-03-12 17:00:00,West End
WE-SU-01,Support,2026-03-12 08:00:00,2026-03-12 17:00:00,West End
WE-SU-02,Support,2026-03-12 08:00:00,2026-03-12 17:00:00,West End
WE-SU-03,Support,2026-03-12 08:00:00,2026-03-12 17:00:00,West End
WE-PR-02,Provider,2026-03-12 09:00:00,2026-03-12 17:00:00,West End
WE-PR-01,Provider,2026-03-13 08:00:00,2026-03-13 17:00:00,West End
WE-SU-01,Support,2026-03-13 08:00:00,2026-03-13 17:00:00,West End
WE-SU-02,Support,2026-03-13 08:00:00,2026-03-13 17:00:00,West End
WE-SU-03,Support,2026-03-13 08:00:00,2026-03-13 17:00:00,West End
WE-PR-02,Provider,2026-03-13 09:00:00,2026-03-13 17:00:00,West End
WE-PR-01,Provider,2026-03-14 08:00:00,2026-03-14 13:00:00,West End
WE-SU-01,Support,2026-03-14 08:00:00,2026-03-14 13:00:00,West End
WE-SU-02,Support,2026-03-14 08:00:00,2026-03-14 13:00:00,West End
WE-SU-03,Support,2026-03-14 08:00:00,2026-03-14 13:00:00,West End
WE-PR-02,Provider,2026-03-14 09:00:00,2026-03-14 13:00:00,West End
WE-PR-01,Provider,2026-03-16 08:00:00,2026-03-16 17:00:00,West End
WE-SU-01,Support,2026-03-16 08:00:00,2026-03-16 17:00:00,West End
WE-SU-02,Support,2026-03-16 08:00:00,2026-03-16 17:00:00,West End
WE-SU-03,Support,2026-03-16 08:00:00,2026-03-16 17:00:00,West End
WE-PR-02,Provider,2026-03-16 09:00:00,2026-03-16 17:00:00,West End
WE-PR-01,Provider,2026-03-17 08:00:00,2026-03-17 17:00:00,West End
WE-SU-01,Support,2026-03-17 08:00:00,2026-03-17 17:00:00,West End
WE-SU-02,Support,2026-03-17 08:00:00,2026-03-17 17:00:00,West End
WE-SU-03,Support,2026-03-17 08:00:00,2026-03-17 17:00:00,West End
WE-PR-02,Provider,2026-03-17 09:00:00,2026-03-17 17:00:00,West End
WE-PR-01,Provider,2026-03-18 08:00:00,2026-03-18 17:00:00,West End
WE-SU-01,Support,2026-03-18 08:00:00,2026-03-18 17:00:00,West End
WE-SU-02,Support,2026-03-18 08:00:00,2026-03-18 17:00:00,West End
WE-SU-03,Support,2026-03-18 08:00:00,2026-03-18 17:00:00,West End
WE-PR-02,Provider,2026-03-18 09:00:00,2026-03-18 17:00:00,West End
WE-PR-01,Provider,2026-03-19 08:00:00,2026-03-19 17:00:00,West End
WE-SU-01,Support,2026-03-19 08:00:00,2026-03-19 17:00:00,West End
WE-SU-02,Support,2026-03-19 08:00:00,2026-03-19 17:00:00,West End
WE-SU-03,Support,2026-03-19 08:00:00,2026-03-19 17:00:00,West End
WE-PR-02,Provider,2026-03-19 09:00:00,2026-03-19 17:00:00,West End
WE-PR-01,Provider,2026-03-20 08:00:00,2026-03-20 17:00:00,West End
WE-SU-01,Support,2026-03-20 08:00:00,2026-03-20 17:00:00,West End
WE-SU-02,Support,2026-03-20 08:00:00,2026-03-20 17:00:00,West End
WE-SU-03,Support,2026-03-20 08:00:00,2026-03-20 17:00:00,West End
WE-PR-02,Provider,2026-03-20 09:00:00,2026-03-20 17:00:00,West End
WE-PR-01,Provider,2026-03-21 08:00:00,2026-03-21 13:00:00,West End
WE-SU-01,Support,2026-03-21 08:00:00,2026-03-21 13:00:00,West End
WE-SU-02,Support,2026-03-21 08:00:00,2026-03-21 13:00:00,West End
WE-SU-03,Support,2026-03-21 08:00:00,2026-03-21 13:00:00,West End
WE-PR-02,Provider,2026-03-21 09:00:00,2026-03-21 13:00:00,West End
WE-PR-01,Provider,2026-03-23 08:00:00,2026-03-23 17:00:00,West End
WE-SU-01,Support,2026-03-23 08:00:00,2026-03-23 17:00:00,West End
WE-SU-02,Support,2026-03-23 08:00:00,2026-03-23 17:00:00,West End
WE-SU-03,Support,2026-03-23 08:00:00,2026-03-23 17:00:00,West End
WE-PR-02,Provider,2026-03-23 09:00:00,2026-03-23 17:00:00,West End
WE-PR-01,Provider,2026-03-24 08:00:00,2026-03-24 17:00:00,West End
WE-SU-01,Support,2026-03-24 08:00:00,2026-03-24 17:00:00,West End
WE-SU-02,Support,2026-03-24 08:00:00,2026-03-24 17:00:00,West End
WE-SU-03,Support,2026-03-24 08:00:00,2026-03-24 17:00:00,West End
WE-PR-02,Provider,2026-03-24 09:00:00,2026-03-24 17:00:00,West End
WE-PR-01,Provider,2026-03-25 08:00:00,2026-03-25 17:00:00,West End
WE-SU-01,Support,2026-03-25 08:00:00,2026-03-25 17:00:00,West End
WE-SU-02,Support,2026-03-25 08:00:00,2026-03-25 17:00:00,West End
WE-SU-03,Support,2026-03-25 08:00:00,2026-03-25 17:00:00,West End
WE-PR-02,Provider,2026-03-25 09:00:00,2026-03-25 17:00:00,West End
WE-PR-01,Provider,2026-03-26 08:00:00,2026-03-26 17:00:00,West End
WE-SU-01,Support,2026-03-26 08:00:00,2026-03-26 17:00:00,West End
WE-SU-02,Support,2026-03-26 08:00:00,2026-03-26 17:00:00,West End
WE-SU-03,Support,2026-03-26 08:00:00,2026-03-26 17:00:00,West End
WE-PR-02,Provider,2026-03-26 09:00:00,2026-03-26 17:00:00,West End
WE-PR-01,Provider,2026-03-27 08:00:00,2026-03-27 17:00:00,West End
WE-SU-01,Support,2026-03-27 08:00:00,2026-03-27 17:00:00,West End
WE-SU-02,Support,2026-03-27 08:00:00,2026-03-27 17:00:00,West End
WE-SU-03,Support,2026-03-27 08:00:00,2026-03-27 17:00:00,West End
WE-PR-02,Provider,2026-03-27 09:00:00,2026-03-27 17:00:00,West End
WE-PR-01,Provider,2026-03-28 08:00:00,2026-03-28 13:00:00,West End
WE-SU-01,Support,2026-03-28 08:00:00,2026-03-28 13:00:00,West End
WE-SU-02,Support,2026-03-28 08:00:00,2026-03-28 13:00:00,West End
WE-SU-03,Support,2026-03-28 08:00:00,2026-03-28 13:00:00,West End
WE-PR-02,Provider,2026-03-28 09:00:00,2026-03-28 13:00:00,West End
WE-PR-01,Provider,2026-03-30 08:00:00,2026-03-30 17:00:00,West End
WE-SU-01,Support,2026-03-30 08:00:00,2026-03-30 17:00:00,West End
WE-SU-02,Support,2026-03-30 08:00:00,2026-03-30 17:00:00,West End
WE-SU-03,Support,2026-03-30 08:00:00,2026-03-30 17:00:00,West End
WE-PR-02,Provider,2026-03-30 09:00:00,2026-03-30 17:00:00,West End
WE-PR-01,Provider,2026-03-31 08:00:00,2026-03-31 17:00:00,West End
WE-SU-01,Support,2026-03-31 08:00:00,2026-03-31 17:00:00,West End
WE-SU-02,Support,2026-03-31 08:00:00,2026-03-31 17:00:00,West End
WE-SU-03,Support,2026-03-31 08:00:00,2026-03-31 17:00:00,West End
WE-PR-02,Provider,2026-03-31 09:00:00,2026-03-31 17:00:00,West End
WE-PR-01,Provider,2026-04-01 08:00:00,2026-04-01 17:00:00,West End
WE-SU-01,Support,2026-04-01 08:00:00,2026-04-01 17:00:00,West End
WE-SU-02,Support,2026-04-01 08:00:00,2026-04-01 17:00:00,West End
WE-SU-03,Support,2026-04-01 08:00:00,2026-04-01 17:00:00,West End
WE-PR-02,Provider,2026-04-01 09:00:00,2026-04-01 17:00:00,West End
WE-PR-01,Provider,2026-04-02 08:00:00,2026-04-02 17:00:00,West End
WE-SU-01,Support,2026-04-02 08:00:00,2026-04-02 17:00:00,West End
WE-SU-02,Support,2026-04-02 08:00:00,2026-04-02 17:00:00,West End
WE-SU-03,Support,2026-04-02 08:00:00,2026-04-02 17:00:00,West End
WE-PR-02,Provider,2026-04-02 09:00:00,2026-04-02 17:00:00,West End
WE-PR-01,Provider,2026-04-03 08:00:00,2026-04-03 17:00:00,West End
WE-SU-01,Support,2026-04-03 08:00:00,2026-04-03 17:00:00,West End
WE-SU-02,Support,2026-04-03 08:00:00,2026-04-03 17:00:00,West End
WE-SU-03,Support,2026-04-03 08:00:00,2026-04-03 17:00:00,West End
WE-PR-02,Provider,2026-04-03 09:00:00,2026-04-03 17:00:00,West End
WE-PR-01,Provider,2026-04-04 08:00:00,2026-04-04 13:00:00,West End
WE-SU-01,Support,2026-04-04 08:00:00,2026-04-04 13:00:00,West End
WE-SU-02,Support,2026-04-04 08:00:00,2026-04-04 13:00:00,West End
WE-SU-03,Support,2026-04-04 08:00:00,2026-04-04 13:00:00,West End
WE-PR-02,Provider,2026-04-04 09:00:00,2026-04-04 13:00:00,West End
WE-PR-01,Provider,2026-04-06 08:00:00,2026-04-06 17:00:00,West End
WE-SU-01,Support,2026-04-06 08:00:00,2026-04-06 17:00:00,West End
WE-SU-02,Support,2026-04-06 08:00:00,2026-04-06 17:00:00,West End
WE-SU-03,Support,2026-04-06 08:00:00,2026-04-06 17:00:00,West End
WE-PR-02,Provider,2026-04-06 09:00:00,2026-04-06 17:00:00,West End
WE-PR-01,Provider,2026-04-07 08:00:00,2026-04-07 17:00:00,West End
WE-SU-01,Support,2026-04-07 08:00:00,2026-04-07 17:00:00,West End
WE-SU-02,Support,2026-04-07 08:00:00,2026-04-07 17:00:00,West End
WE-SU-03,Support,2026-04-07 08:00:00,2026-04-07 17:00:00,West End
WE-PR-02,Provider,2026-04-07 09:00:00,2026-04-07 17:00:00,West End
WE-PR-01,Provider,2026-04-08 08:00:00,2026-04-08 17:00:00,West End
WE-SU-01,Support,2026-04-08 08:00:00,2026-04-08 17:00:00,West End
WE-SU-02,Support,2026-04-08 08:00:00,2026-04-08 17:00:00,West End
WE-SU-03,Support,2026-04-08 08:00:00,2026-04-08 17:00:00,West End
WE-PR-02,Provider,2026-04-08 09:00:00,2026-04-08 17:00:00,West End
WE-PR-01,Provider,2026-04-09 08:00:00,2026-04-09 17:00:00,West End
WE-SU-01,Support,2026-04-09 08:00:00,2026-04-09 17:00:00,West End
WE-SU-02,Support,2026-04-09 08:00:00,2026-04-09 17:00:00,West End
WE-SU-03,Support,2026-04-09 08:00:00,2026-04-09 17:00:00,West End
WE-PR-02,Provider,2026-04-09 09:00:00,2026-04-09 17:00:00,West End
WE-PR-01,Provider,2026-04-10 08:00:00,2026-04-10 17:00:00,West End
WE-SU-01,Support,2026-04-10 08:00:00,2026-04-10 17:00:00,West End
WE-SU-02,Support,2026-04-10 08:00:00,2026-04-10 17:00:00,West End
WE-SU-03,Support,2026-04-10 08:00:00,2026-04-10 17:00:00,West End
WE-PR-02,Provider,2026-04-10 09:00:00,2026-04-10 17:00:00,West End
WE-PR-01,Provider,2026-04-11 08:00:00,2026-04-11 13:00:00,West End
WE-SU-01,Support,2026-04-11 08:00:00,2026-04-11 13:00:00,West End
WE-SU-02,Support,2026-04-11 08:00:00,2026-04-11 13:00:00,West End
WE-SU-03,Support,2026-04-11 08:00:00,2026-04-11 13:00:00,West End
WE-PR-02,Provider,2026-04-11 09:00:00,2026-04-11 13:00:00,West End
WE-PR-01,Provider,2026-04-13 08:00:00,2026-04-13 17:00:00,West End
WE-SU-01,Support,2026-04-13 08:00:00,2026-04-13 17:00:00,West End
WE-SU-02,Support,2026-04-13 08:00:00,2026-04-13 17:00:00,West End
WE-SU-03,Support,2026-04-13 08:00:00,2026-04-13 17:00:00,West End
WE-PR-02,Provider,2026-04-13 09:00:00,2026-04-13 17:00:00,West End
WE-PR-01,Provider,2026-04-14 08:00:00,2026-04-14 17:00:00,West End
WE-SU-01,Support,2026-04-14 08:00:00,2026-04-14 17:00:00,West End
WE-SU-02,Support,2026-04-14 08:00:00,2026-04-14 17:00:00,West End
WE-SU-03,Support,2026-04-14 08:00:00,2026-04-14 17:00:00,West End
WE-PR-02,Provider,2026-04-14 09:00:00,2026-04-14 17:00:00,West End
WE-PR-01,Provider,2026-04-15 08:00:00,2026-04-15 17:00:00,West End
WE-SU-01,Support,2026-04-15 08:00:00,2026-04-15 17:00:00,West End
WE-SU-02,Support,2026-04-15 08:00:00,2026-04-15 17:00:00,West End
WE-SU-03,Support,2026-04-15 08:00:00,2026-04-15 17:00:00,West End
WE-PR-02,Provider,2026-04-15 09:00:00,2026-04-15 17:00:00,West End
WE-PR-01,Provider,2026-04-16 08:00:00,2026-04-16 17:00:00,West End
WE-SU-01,Support,2026-04-16 08:00:00,2026-04-16 17:00:00,West End
WE-SU-02,Support,2026-04-16 08:00:00,2026-04-16 17:00:00,West End
WE-SU-03,Support,2026-04-16 08:00:00,2026-04-16 17:00:00,West End
WE-PR-02,Provider,2026-04-16 09:00:00,2026-04-16 17:00:00,West End
WE-PR-01,Provider,2026-04-17 08:00:00,2026-04-17 17:00:00,West End
WE-SU-01,Support,2026-04-17 08:00:00,2026-04-17 17:00:00,West End
WE-SU-02,Support,2026-04-17 08:00:00,2026-04-17 17:00:00,West End
WE-SU-03,Support,2026-04-17 08:00:00,2026-04-17 17:00:00,West End
WE-PR-02,Provider,2026-04-17 09:00:00,2026-04-17 17:00:00,West End
WE-PR-01,Provider,2026-04-18 08:00:00,2026-04-18 13:00:00,West End
WE-SU-01,Support,2026-04-18 08:00:00,2026-04-18 13:00:00,West End
WE-SU-02,Support,2026-04-18 08:00:00,2026-04-18 13:00:00,West End
WE-SU-03,Support,2026-04-18 08:00:00,2026-04-18 13:00:00,West End
WE-PR-02,Provider,2026-04-18 09:00:00,2026-04-18 13:00:00,West End
WE-PR-01,Provider,2026-04-20 08:00:00,2026-04-20 17:00:00,West End
WE-SU-01,Support,2026-04-20 08:00:00,2026-04-20 17:00:00,West End
WE-SU-02,Support,2026-04-20 08:00:00,2026-04-20 17:00:00,West End
WE-SU-03,Support,2026-04-20 08:00:00,2026-04-20 17:00:00,West End
WE-PR-02,Provider,2026-04-20 09:00:00,2026-04-20 17:00:00,West End
WE-PR-01,Provider,2026-04-21 08:00:00,2026-04-21 17:00:00,West End
WE-SU-01,Support,2026-04-21 08:00:00,2026-04-21 17:00:00,West End
WE-SU-02,Support,2026-04-21 08:00:00,2026-04-21 17:00:00,West End
WE-SU-03,Support,2026-04-21 08:00:00,2026-04-21 17:00:00,West End
WE-PR-02,Provider,2026-04-21 09:00:00,2026-04-21 17:00:00,West End
WE-PR-01,Provider,2026-04-22 08:00:00,2026-04-22 17:00:00,West End
WE-SU-01,Support,2026-04-22 08:00:00,2026-04-22 17:00:00,West End
WE-SU-02,Support,2026-04-22 08:00:00,2026-04-22 17:00:00,West End
WE-SU-03,Support,2026-04-22 08:00:00,2026-04-22 17:00:00,West End
WE-PR-02,Provider,2026-04-22 09:00:00,2026-04-22 17:00:00,West End
WE-PR-01,Provider,2026-04-23 08:00:00,2026-04-23 17:00:00,West End
WE-SU-01,Support,2026-04-23 08:00:00,2026-04-23 17:00:00,West End
WE-SU-02,Support,2026-04-23 08:00:00,2026-04-23 17:00:00,West End
WE-SU-03,Support,2026-04-23 08:00:00,2026-04-23 17:00:00,West End
WE-PR-02,Provider,2026-04-23 09:00:00,2026-04-23 17:00:00,West End
WE-PR-01,Provider,2026-04-24 08:00:00,2026-04-24 17:00:00,West End
WE-SU-01,Support,2026-04-24 08:00:00,2026-04-24 17:00:00,West End
WE-SU-02,Support,2026-04-24 08:00:00,2026-04-24 17:00:00,West End
WE-SU-03,Support,2026-04-24 08:00:00,2026-04-24 17:00:00,West End
WE-PR-02,Provider,2026-04-24 09:00:00,2026-04-24 17:00:00,West End
WE-PR-01,Provider,2026-04-25 08:00:00,2026-04-25 13:00:00,West End
WE-SU-01,Support,2026-04-25 08:00:00,2026-04-25 13:00:00,West End
WE-SU-02,Support,2026-04-25 08:00:00,2026-04-25 13:00:00,West End
WE-SU-03,Support,2026-04-25 08:00:00,2026-04-25 13:00:00,West End
WE-PR-02,Provider,2026-04-25 09:00:00,2026-04-25 13:00:00,West End
WE-PR-01,Provider,2026-04-27 08:00:00,2026-04-27 17:00:00,West End
WE-SU-01,Support,2026-04-27 08:00:00,2026-04-27 17:00:00,West End
WE-SU-02,Support,2026-04-27 08:00:00,2026-04-27 17:00:00,West End
WE-SU-03,Support,2026-04-27 08:00:00,2026-04-27 17:00:00,West End
WE-PR-02,Provider,2026-04-27 09:00:00,2026-04-27 17:00:00,West End
WE-PR-01,Provider,2026-04-28 08:00:00,2026-04-28 17:00:00,West End
WE-SU-01,Support,2026-04-28 08:00:00,2026-04-28 17:00:00,West End
WE-SU-02,Support,2026-04-28 08:00:00,2026-04-28 17:00:00,West End
WE-SU-03,Support,2026-04-28 08:00:00,2026-04-28 17:00:00,West End
WE-PR-02,Provider,2026-04-28 09:00:00,2026-04-28 17:00:00,West End
WE-PR-01,Provider,2026-04-29 08:00:00,2026-04-29 17:00:00,West End
WE-SU-01,Support,2026-04-29 08:00:00,2026-04-29 17:00:00,West End
WE-SU-02,Support,2026-04-29 08:00:00,2026-04-29 17:00:00,West End
WE-SU-03,Support,2026-04-29 08:00:00,2026-04-29 17:00:00,West End
WE-PR-02,Provider,2026-04-29 09:00:00,2026-04-29 17:00:00,West End
WE-PR-01,Provider,2026-04-30 08:00:00,2026-04-30 17:00:00,West End
WE-SU-01,Support,2026-04-30 08:00:00,2026-04-30 17:00:00,West End
WE-SU-02,Support,2026-04-30 08:00:00,2026-04-30 17:00:00,West End
WE-SU-03,Support,2026-04-30 08:00:00,2026-04-30 17:00:00,West End
WE-PR-02,Provider,2026-04-30 09:00:00,2026-04-30 17:00:00,West End
WE-PR-01,Provider,2026-05-01 08:00:00,2026-05-01 17:00:00,West End
WE-SU-01,Support,2026-05-01 08:00:00,2026-05-01 17:00:00,West End
WE-SU-02,Support,2026-05-01 08:00:00,2026-05-01 17:00:00,West End
WE-SU-03,Support,2026-05-01 08:00:00,2026-05-01 17:00:00,West End
WE-PR-02,Provider,2026-05-01 09:00:00,2026-05-01 17:00:00,West End
WE-PR-01,Provider,2026-05-02 08:00:00,2026-05-02 13:00:00,West End
WE-SU-01,Support,2026-05-02 08:00:00,2026-05-02 13:00:00,West End
WE-SU-02,Support,2026-05-02 08:00:00,2026-05-02 13:00:00,West End
WE-SU-03,Support,2026-05-02 08:00:00,2026-05-02 13:00:00,West End
WE-PR-02,Provider,2026-05-02 09:00:00,2026-05-02 13:00:00,West End
WE-PR-01,Provider,2026-05-04 08:00:00,2026-05-04 17:00:00,West End
WE-SU-01,Support,2026-05-04 08:00:00,2026-05-04 17:00:00,West End
WE-SU-02,Support,2026-05-04 08:00:00,2026-05-04 17:00:00,West End
WE-SU-03,Support,2026-05-04 08:00:00,2026-05-04 17:00:00,West End
WE-PR-02,Provider,2026-05-04 09:00:00,2026-05-04 17:00:00,West End
WE-PR-01,Provider,2026-05-05 08:00:00,2026-05-05 17:00:00,West End
WE-SU-01,Support,2026-05-05 08:00:00,2026-05-05 17:00:00,West End
WE-SU-02,Support,2026-05-05 08:00:00,2026-05-05 17:00:00,West End
WE-SU-03,Support,2026-05-05 08:00:00,2026-05-05 17:00:00,West End
WE-PR-02,Provider,2026-05-05 09:00:00,2026-05-05 17:00:00,West End
WE-PR-01,Provider,2026-05-06 08:00:00,2026-05-06 17:00:00,West End
WE-SU-01,Support,2026-05-06 08:00:00,2026-05-06 17:00:00,West End
WE-SU-02,Support,2026-05-06 08:00:00,2026-05-06 17:00:00,West End
WE-SU-03,Support,2026-05-06 08:00:00,2026-05-06 17:00:00,West End
WE-PR-02,Provider,2026-05-06 09:00:00,2026-05-06 17:00:00,West End
WE-PR-01,Provider,2026-05-07 08:00:00,2026-05-07 17:00:00,West End
WE-SU-01,Support,2026-05-07 08:00:00,2026-05-07 17:00:00,West End
WE-SU-02,Support,2026-05-07 08:00:00,2026-05-07 17:00:00,West End
WE-SU-03,Support,2026-05-07 08:00:00,2026-05-07 17:00:00,West End
WE-PR-02,Provider,2026-05-07 09:00:00,2026-05-07 17:00:00,West End
WE-PR-01,Provider,2026-05-08 08:00:00,2026-05-08 17:00:00,West End
WE-SU-01,Support,2026-05-08 08:00:00,2026-05-08 17:00:00,West End
WE-SU-02,Support,2026-05-08 08:00:00,2026-05-08 17:00:00,West End
WE-SU-03,Support,2026-05-08 08:00:00,2026-05-08 17:00:00,West End
WE-PR-02,Provider,2026-05-08 09:00:00,2026-05-08 17:00:00,West End
WE-PR-01,Provider,2026-05-09 08:00:00,2026-05-09 13:00:00,West End
WE-SU-01,Support,2026-05-09 08:00:00,2026-05-09 13:00:00,West End
WE-SU-02,Support,2026-05-09 08:00:00,2026-05-09 13:00:00,West End
WE-SU-03,Support,2026-05-09 08:00:00,2026-05-09 13:00:00,West End
WE-PR-02,Provider,2026-05-09 09:00:00,2026-05-09 13:00:00,West End
WE-PR-01,Provider,2026-05-11 08:00:00,2026-05-11 17:00:00,West End
WE-SU-01,Support,2026-05-11 08:00:00,2026-05-11 17:00:00,West End
WE-SU-02,Support,2026-05-11 08:00:00,2026-05-11 17:00:00,West End
WE-SU-03,Support,2026-05-11 08:00:00,2026-05-11 17:00:00,West End
WE-PR-02,Provider,2026-05-11 09:00:00,2026-05-11 17:00:00,West End
WE-PR-01,Provider,2026-05-12 08:00:00,2026-05-12 17:00:00,West End
WE-SU-01,Support,2026-05-12 08:00:00,2026-05-12 17:00:00,West End
WE-SU-02,Support,2026-05-12 08:00:00,2026-05-12 17:00:00,West End
WE-SU-03,Support,2026-05-12 08:00:00,2026-05-12 17:00:00,West End
WE-PR-02,Provider,2026-05-12 09:00:00,2026-05-12 17:00:00,West End
WE-PR-01,Provider,2026-05-13 08:00:00,2026-05-13 17:00:00,West End
WE-SU-01,Support,2026-05-13 08:00:00,2026-05-13 17:00:00,West End
WE-SU-02,Support,2026-05-13 08:00:00,2026-05-13 17:00:00,West End
WE-SU-03,Support,2026-05-13 08:00:00,2026-05-13 17:00:00,West End
WE-PR-02,Provider,2026-05-13 09:00:00,2026-05-13 17:00:00,West End
WE-PR-01,Provider,2026-05-14 08:00:00,2026-05-14 17:00:00,West End
WE-SU-01,Support,2026-05-14 08:00:00,2026-05-14 17:00:00,West End
WE-SU-02,Support,2026-05-14 08:00:00,2026-05-14 17:00:00,West End
WE-SU-03,Support,2026-05-14 08:00:00,2026-05-14 17:00:00,West End
WE-PR-02,Provider,2026-05-14 09:00:00,2026-05-14 17:00:00,West End
WE-PR-01,Provider,2026-05-15 08:00:00,2026-05-15 17:00:00,West End
WE-SU-01,Support,2026-05-15 08:00:00,2026-05-15 17:00:00,West End
WE-SU-02,Support,2026-05-15 08:00:00,2026-05-15 17:00:00,West End
WE-SU-03,Support,2026-05-15 08:00:00,2026-05-15 17:00:00,West End
WE-PR-02,Provider,2026-05-15 09:00:00,2026-05-15 17:00:00,West End
WE-PR-01,Provider,2026-05-16 08:00:00,2026-05-16 13:00:00,West End
WE-SU-01,Support,2026-05-16 08:00:00,2026-05-16 13:00:00,West End
WE-SU-02,Support,2026-05-16 08:00:00,2026-05-16 13:00:00,West End
WE-SU-03,Support,2026-05-16 08:00:00,2026-05-16 13:00:00,West End
WE-PR-02,Provider,2026-05-16 09:00:00,2026-05-16 13:00:00,West End
WE-PR-01,Provider,2026-05-18 08:00:00,2026-05-18 17:00:00,West End
WE-SU-01,Support,2026-05-18 08:00:00,2026-05-18 17:00:00,West End
WE-SU-02,Support,2026-05-18 08:00:00,2026-05-18 17:00:00,West End
WE-SU-03,Support,2026-05-18 08:00:00,2026-05-18 17:00:00,West End
WE-PR-02,Provider,2026-05-18 09:00:00,2026-05-18 17:00:00,West End
WE-PR-01,Provider,2026-05-19 08:00:00,2026-05-19 17:00:00,West End
WE-SU-01,Support,2026-05-19 08:00:00,2026-05-19 17:00:00,West End
WE-SU-02,Support,2026-05-19 08:00:00,2026-05-19 17:00:00,West End
WE-SU-03,Support,2026-05-19 08:00:00,2026-05-19 17:00:00,West End
WE-PR-02,Provider,2026-05-19 09:00:00,2026-05-19 17:00:00,West End
WE-PR-01,Provider,2026-05-20 08:00:00,2026-05-20 17:00:00,West End
WE-SU-01,Support,2026-05-20 08:00:00,2026-05-20 17:00:00,West End
WE-SU-02,Support,2026-05-20 08:00:00,2026-05-20 17:00:00,West End
WE-SU-03,Support,2026-05-20 08:00:00,2026-05-20 17:00:00,West End
WE-PR-02,Provider,2026-05-20 09:00:00,2026-05-20 17:00:00,West End
WE-PR-01,Provider,2026-05-21 08:00:00,2026-05-21 17:00:00,West End
WE-SU-01,Support,2026-05-21 08:00:00,2026-05-21 17:00:00,West End
WE-SU-02,Support,2026-05-21 08:00:00,2026-05-21 17:00:00,West End
WE-SU-03,Support,2026-05-21 08:00:00,2026-05-21 17:00:00,West End
WE-PR-02,Provider,2026-05-21 09:00:00,2026-05-21 17:00:00,West End
WE-PR-01,Provider,2026-05-22 08:00:00,2026-05-22 17:00:00,West End
WE-SU-01,Support,2026-05-22 08:00:00,2026-05-22 17:00:00,West End
WE-SU-02,Support,2026-05-22 08:00:00,2026-05-22 17:00:00,West End
WE-SU-03,Support,2026-05-22 08:00:00,2026-05-22 17:00:00,West End
WE-PR-02,Provider,2026-05-22 09:00:00,2026-05-22 17:00:00,West End
WE-PR-01,Provider,2026-05-23 08:00:00,2026-05-23 13:00:00,West End
WE-SU-01,Support,2026-05-23 08:00:00,2026-05-23 13:00:00,West End
WE-SU-02,Support,2026-05-23 08:00:00,2026-05-23 13:00:00,West End
WE-SU-03,Support,2026-05-23 08:00:00,2026-05-23 13:00:00,West End
WE-PR-02,Provider,2026-05-23 09:00:00,2026-05-23 13:00:00,West End
WE-PR-01,Provider,2026-05-25 08:00:00,2026-05-25 17:00:00,West End
WE-SU-01,Support,2026-05-25 08:00:00,2026-05-25 17:00:00,West End
WE-SU-02,Support,2026-05-25 08:00:00,2026-05-25 17:00:00,West End
WE-SU-03,Support,2026-05-25 08:00:00,2026-05-25 17:00:00,West End
WE-PR-02,Provider,2026-05-25 09:00:00,2026-05-25 17:00:00,West End
WE-PR-01,Provider,2026-05-26 08:00:00,2026-05-26 17:00:00,West End
WE-SU-01,Support,2026-05-26 08:00:00,2026-05-26 17:00:00,West End
WE-SU-02,Support,2026-05-26 08:00:00,2026-05-26 17:00:00,West End
WE-SU-03,Support,2026-05-26 08:00:00,2026-05-26 17:00:00,West End
WE-PR-02,Provider,2026-05-26 09:00:00,2026-05-26 17:00:00,West End
WE-PR-01,Provider,2026-05-27 08:00:00,2026-05-27 17:00:00,West End
WE-SU-01,Support,2026-05-27 08:00:00,2026-05-27 17:00:00,West End
WE-SU-02,Support,2026-05-27 08:00:00,2026-05-27 17:00:00,West End
WE-SU-03,Support,2026-05-27 08:00:00,2026-05-27 17:00:00,West End
WE-PR-02,Provider,2026-05-27 09:00:00,2026-05-27 17:00:00,West End
WE-PR-01,Provider,2026-05-28 08:00:00,2026-05-28 17:00:00,West End
WE-SU-01,Support,2026-05-28 08:00:00,2026-05-28 17:00:00,West End
WE-SU-02,Support,2026-05-28 08:00:00,2026-05-28 17:00:00,West End
WE-SU-03,Support,2026-05-28 08:00:00,2026-05-28 17:00:00,West End
WE-PR-02,Provider,2026-05-28 09:00:00,2026-05-28 17:00:00,West End
WE-PR-01,Provider,2026-05-29 08:00:00,2026-05-29 17:00:00,West End
WE-SU-01,Support,2026-05-29 08:00:00,2026-05-29 17:00:00,West End
WE-SU-02,Support,2026-05-29 08:00:00,2026-05-29 17:00:00,West End
WE-SU-03,Support,2026-05-29 08:00:00,2026-05-29 17:00:00,West End
WE-PR-02,Provider,2026-05-29 09:00:00,2026-05-29 17:00:00,West End
WE-PR-01,Provider,2026-05-30 08:00:00,2026-05-30 13:00:00,West End
WE-SU-01,Support,2026-05-30 08:00:00,2026-05-30 13:00:00,West End
WE-SU-02,Support,2026-05-30 08:00:00,2026-05-30 13:00:00,West End
WE-SU-03,Support,2026-05-30 08:00:00,2026-05-30 13:00:00,West End
WE-PR-02,Provider,2026-05-30 09:00:00,2026-05-30 13:00:00,West End
WE-PR-01,Provider,2026-06-01 08:00:00,2026-06-01 17:00:00,West End
WE-SU-01,Support,2026-06-01 08:00:00,2026-06-01 17:00:00,West End
WE-SU-02,Support,2026-06-01 08:00:00,2026-06-01 17:00:00,West End
WE-SU-03,Support,2026-06-01 08:00:00,2026-06-01 17:00:00,West End
WE-PR-02,Provider,2026-06-01 09:00:00,2026-06-01 17:00:00,West End
WE-PR-01,Provider,2026-06-02 08:00:00,2026-06-02 17:00:00,West End
WE-SU-01,Support,2026-06-02 08:00:00,2026-06-02 17:00:00,West End
WE-SU-02,Support,2026-06-02 08:00:00,2026-06-02 17:00:00,West End
WE-SU-03,Support,2026-06-02 08:00:00,2026-06-02 17:00:00,West End
WE-PR-02,Provider,2026-06-02 09:00:00,2026-06-02 17:00:00,West End
WE-PR-01,Provider,2026-06-03 08:00:00,2026-06-03 17:00:00,West End
WE-SU-01,Support,2026-06-03 08:00:00,2026-06-03 17:00:00,West End
WE-SU-02,Support,2026-06-03 08:00:00,2026-06-03 17:00:00,West End
WE-SU-03,Support,2026-06-03 08:00:00,2026-06-03 17:00:00,West End
WE-PR-02,Provider,2026-06-03 09:00:00,2026-06-03 17:00:00,West End
WE-PR-01,Provider,2026-06-04 08:00:00,2026-06-04 17:00:00,West End
WE-SU-01,Support,2026-06-04 08:00:00,2026-06-04 17:00:00,West End
WE-SU-02,Support,2026-06-04 08:00:00,2026-06-04 17:00:00,West End
WE-SU-03,Support,2026-06-04 08:00:00,2026-06-04 17:00:00,West End
WE-PR-02,Provider,2026-06-04 09:00:00,2026-06-04 17:00:00,West End
WE-PR-01,Provider,2026-06-05 08:00:00,2026-06-05 17:00:00,West End
WE-SU-01,Support,2026-06-05 08:00:00,2026-06-05 17:00:00,West End
WE-SU-02,Support,2026-06-05 08:00:00,2026-06-05 17:00:00,West End
WE-SU-03,Support,2026-06-05 08:00:00,2026-06-05 17:00:00,West End
WE-PR-02,Provider,2026-06-05 09:00:00,2026-06-05 17:00:00,West End
WE-PR-01,Provider,2026-06-06 08:00:00,2026-06-06 13:00:00,West End
WE-SU-01,Support,2026-06-06 08:00:00,2026-06-06 13:00:00,West End
WE-SU-02,Support,2026-06-06 08:00:00,2026-06-06 13:00:00,West End
WE-SU-03,Support,2026-06-06 08:00:00,2026-06-06 13:00:00,West End
WE-PR-02,Provider,2026-06-06 09:00:00,2026-06-06 13:00:00,West End
WE-PR-01,Provider,2026-06-08 08:00:00,2026-06-08 17:00:00,West End
WE-SU-01,Support,2026-06-08 08:00:00,2026-06-08 17:00:00,West End
WE-SU-02,Support,2026-06-08 08:00:00,2026-06-08 17:00:00,West End
WE-SU-03,Support,2026-06-08 08:00:00,2026-06-08 17:00:00,West End
WE-PR-02,Provider,2026-06-08 09:00:00,2026-06-08 17:00:00,West End
WE-PR-01,Provider,2026-06-09 08:00:00,2026-06-09 17:00:00,West End
WE-SU-01,Support,2026-06-09 08:00:00,2026-06-09 17:00:00,West End
WE-SU-02,Support,2026-06-09 08:00:00,2026-06-09 17:00:00,West End
WE-SU-03,Support,2026-06-09 08:00:00,2026-06-09 17:00:00,West End
WE-PR-02,Provider,2026-06-09 09:00:00,2026-06-09 17:00:00,West End
WE-PR-01,Provider,2026-06-10 08:00:00,2026-06-10 17:00:00,West End
WE-SU-01,Support,2026-06-10 08:00:00,2026-06-10 17:00:00,West End
WE-SU-02,Support,2026-06-10 08:00:00,2026-06-10 17:00:00,West End
WE-SU-03,Support,2026-06-10 08:00:00,2026-06-10 17:00:00,West End
WE-PR-02,Provider,2026-06-10 09:00:00,2026-06-10 17:00:00,West End
WE-PR-01,Provider,2026-06-11 08:00:00,2026-06-11 17:00:00,West End
WE-SU-01,Support,2026-06-11 08:00:00,2026-06-11 17:00:00,West End
WE-SU-02,Support,2026-06-11 08:00:00,2026-06-11 17:00:00,West End
WE-SU-03,Support,2026-06-11 08:00:00,2026-06-11 17:00:00,West End
WE-PR-02,Provider,2026-06-11 09:00:00,2026-06-11 17:00:00,West End
WE-PR-01,Provider,2026-06-12 08:00:00,2026-06-12 17:00:00,West End
WE-SU-01,Support,2026-06-12 08:00:00,2026-06-12 17:00:00,West End
WE-SU-02,Support,2026-06-12 08:00:00,2026-06-12 17:00:00,West End
WE-SU-03,Support,2026-06-12 08:00:00,2026-06-12 17:00:00,West End
WE-PR-02,Provider,2026-06-12 09:00:00,2026-06-12 17:00:00,West End
WE-PR-01,Provider,2026-06-13 08:00:00,2026-06-13 13:00:00,West End
WE-SU-01,Support,2026-06-13 08:00:00,2026-06-13 13:00:00,West End
WE-SU-02,Support,2026-06-13 08:00:00,2026-06-13 13:00:00,West End
WE-SU-03,Support,2026-06-13 08:00:00,2026-06-13 13:00:00,West End
WE-PR-02,Provider,2026-06-13 09:00:00,2026-06-13 13:00:00,West End
WE-PR-01,Provider,2026-06-15 08:00:00,2026-06-15 17:00:00,West End
WE-SU-01,Support,2026-06-15 08:00:00,2026-06-15 17:00:00,West End
WE-SU-02,Support,2026-06-15 08:00:00,2026-06-15 17:00:00,West End
WE-SU-03,Support,2026-06-15 08:00:00,2026-06-15 17:00:00,West End
WE-PR-02,Provider,2026-06-15 09:00:00,2026-06-15 17:00:00,West End
WE-PR-01,Provider,2026-06-16 08:00:00,2026-06-16 17:00:00,West End
WE-SU-01,Support,2026-06-16 08:00:00,2026-06-16 17:00:00,West End
WE-SU-02,Support,2026-06-16 08:00:00,2026-06-16 17:00:00,West End
WE-SU-03,Support,2026-06-16 08:00:00,2026-06-16 17:00:00,West End
WE-PR-02,Provider,2026-06-16 09:00:00,2026-06-16 17:00:00,West End
WE-PR-01,Provider,2026-06-17 08:00:00,2026-06-17 17:00:00,West End
WE-SU-01,Support,2026-06-17 08:00:00,2026-06-17 17:00:00,West End
WE-SU-02,Support,2026-06-17 08:00:00,2026-06-17 17:00:00,West End
WE-SU-03,Support,2026-06-17 08:00:00,2026-06-17 17:00:00,West End
WE-PR-02,Provider,2026-06-17 09:00:00,2026-06-17 17:00:00,West End
WE-PR-01,Provider,2026-06-18 08:00:00,2026-06-18 17:00:00,West End
WE-SU-01,Support,2026-06-18 08:00:00,2026-06-18 17:00:00,West End
WE-SU-02,Support,2026-06-18 08:00:00,2026-06-18 17:00:00,West End
WE-SU-03,Support,2026-06-18 08:00:00,2026-06-18 17:00:00,West End
WE-PR-02,Provider,2026-06-18 09:00:00,2026-06-18 17:00:00,West End
WE-PR-01,Provider,2026-06-19 08:00:00,2026-06-19 17:00:00,West End
WE-SU-01,Support,2026-06-19 08:00:00,2026-06-19 17:00:00,West End
WE-SU-02,Support,2026-06-19 08:00:00,2026-06-19 17:00:00,West End
WE-SU-03,Support,2026-06-19 08:00:00,2026-06-19 17:00:00,West End
WE-PR-02,Provider,2026-06-19 09:00:00,2026-06-19 17:00:00,West End
WE-PR-01,Provider,2026-06-20 08:00:00,2026-06-20 13:00:00,West End
WE-SU-01,Support,2026-06-20 08:00:00,2026-06-20 13:00:00,West End
WE-SU-02,Support,2026-06-20 08:00:00,2026-06-20 13:00:00,West End
WE-SU-03,Support,2026-06-20 08:00:00,2026-06-20 13:00:00,West End
WE-PR-02,Provider,2026-06-20 09:00:00,2026-06-20 13:00:00,West End
WE-PR-01,Provider,2026-06-22 08:00:00,2026-06-22 17:00:00,West End
WE-SU-01,Support,2026-06-22 08:00:00,2026-06-22 17:00:00,West End
WE-SU-02,Support,2026-06-22 08:00:00,2026-06-22 17:00:00,West End
WE-SU-03,Support,2026-06-22 08:00:00,2026-06-22 17:00:00,West End
WE-PR-02,Provider,2026-06-22 09:00:00,2026-06-22 17:00:00,West End
WE-PR-01,Provider,2026-06-23 08:00:00,2026-06-23 17:00:00,West End
WE-SU-01,Support,2026-06-23 08:00:00,2026-06-23 17:00:00,West End
WE-SU-02,Support,2026-06-23 08:00:00,2026-06-23 17:00:00,West End
WE-SU-03,Support,2026-06-23 08:00:00,2026-06-23 17:00:00,West End
WE-PR-02,Provider,2026-06-23 09:00:00,2026-06-23 17:00:00,West End
WE-PR-01,Provider,2026-06-24 08:00:00,2026-06-24 17:00:00,West End
WE-SU-01,Support,2026-06-24 08:00:00,2026-06-24 17:00:00,West End
WE-SU-02,Support,2026-06-24 08:00:00,2026-06-24 17:00:00,West End
WE-SU-03,Support,2026-06-24 08:00:00,2026-06-24 17:00:00,West End
WE-PR-02,Provider,2026-06-24 09:00:00,2026-06-24 17:00:00,West End
WE-PR-01,Provider,2026-06-25 08:00:00,2026-06-25 17:00:00,West End
WE-SU-01,Support,2026-06-25 08:00:00,2026-06-25 17:00:00,West End
WE-SU-02,Support,2026-06-25 08:00:00,2026-06-25 17:00:00,West End
WE-SU-03,Support,2026-06-25 08:00:00,2026-06-25 17:00:00,West End
WE-PR-02,Provider,2026-06-25 09:00:00,2026-06-25 17:00:00,West End
WE-PR-01,Provider,2026-06-26 08:00:00,2026-06-26 17:00:00,West End
WE-SU-01,Support,2026-06-26 08:00:00,2026-06-26 17:00:00,West End
WE-SU-02,Support,2026-06-26 08:00:00,2026-06-26 17:00:00,West End
WE-SU-03,Support,2026-06-26 08:00:00,2026-06-26 17:00:00,West End
WE-PR-02,Provider,2026-06-26 09:00:00,2026-06-26 17:00:00,West End
WE-PR-01,Provider,2026-06-27 08:00:00,2026-06-27 13:00:00,West End
WE-SU-01,Support,2026-06-27 08:00:00,2026-06-27 13:00:00,West End
WE-SU-02,Support,2026-06-27 08:00:00,2026-06-27 13:00:00,West End
WE-SU-03,Support,2026-06-27 08:00:00,2026-06-27 13:00:00,West End
WE-PR-02,Provider,2026-06-27 09:00:00,2026-06-27 13:00:00,West End
WE-PR-01,Provider,2026-06-29 08:00:00,2026-06-29 17:00:00,West End
WE-SU-01,Support,2026-06-29 08:00:00,2026-06-29 17:00:00,West End
WE-SU-02,Support,2026-06-29 08:00:00,2026-06-29 17:00:00,West End
WE-SU-03,Support,2026-06-29 08:00:00,2026-06-29 17:00:00,West End
WE-PR-02,Provider,2026-06-29 09:00:00,2026-06-29 17:00:00,West End
WE-PR-01,Provider,2026-06-30 08:00:00,2026-06-30 17:00:00,West End
WE-SU-01,Support,2026-06-30 08:00:00,2026-06-30 17:00:00,West End
WE-SU-02,Support,2026-06-30 08:00:00,2026-06-30 17:00:00,West End
WE-SU-03,Support,2026-06-30 08:00:00,2026-06-30 17:00:00,West End
WE-PR-02,Provider,2026-06-30 09:00:00,2026-06-30 17:00:00,West End
